dataset,randomness,split,model,epoch,layer,tensor_path,k_neighbors,num_points,num_classes,intra_class_mean_distance,inter_class_mean_distance,intra_inter_distance_ratio,centroid_mean_separation,centroid_min_separation,neighborhood_purity,knn_accuracy,neighbourhood_purity_20,knn_accuracy_20,train_acc,val_acc
cifar,0.0,train,densenet,200,a1,,,50000,10,,,,,,,,0.8784282764150941,0.97984,,
cifar,0.05,train,densenet,200,a1,,,50000,10,,,,,,,,0.8472572508875097,0.95558,0.99688,0.8074
cifar,0.1,train,densenet,200,a1,,,50000,10,,,,,,,,0.8011644111034419,0.9309,0.9955,0.7726
cifar,0.15,train,densenet,200,a1,,,50000,10,,,,,,,,0.7778239989644631,0.91358,0.99446,0.7457
cifar,0.2,train,densenet,200,a1,,,50000,10,,,,,,,,0.7398204687342991,0.89034,0.9943,0.7188
cifar,0.25,train,densenet,200,a1,,,50000,10,,,,,,,,0.7163871549328926,0.871,0.99266,0.6933
cifar,0.3,train,densenet,200,a1,,,50000,10,,,,,,,,0.6962688281586962,0.85452,0.99006,0.6528
cifar,0.35,train,densenet,200,a1,,,50000,10,,,,,,,,0.6610252619896468,0.82832,0.99074,0.6086
cifar,0.4,train,densenet,200,a1,,,50000,10,,,,,,,,0.6406629691932824,0.80804,0.98562,0.5638
cifar,0.45,train,densenet,200,a1,,,50000,10,,,,,,,,0.602755871537431,0.78534,0.98492,0.5336
cifar,0.5,train,densenet,200,a1,,,50000,10,,,,,,,,0.5827650438865895,0.76436,0.98472,0.5092
cifar,0.6,train,densenet,200,a1,,,50000,10,,,,,,,,0.519557850621525,0.70698,0.98172,0.4162
cifar,0.7,train,densenet,200,a1,,,50000,10,,,,,,,,0.4490705366109185,0.6402,0.97752,0.3136
cifar,0.8,train,densenet,200,a1,,,50000,10,,,,,,,,0.3800365142460618,0.57448,0.9608,0.2218
cifar,0.9,train,densenet,200,a1,,,50000,10,,,,,,,,0.321850594581007,0.5092,0.94792,0.1563
cifar,1.0,train,densenet,200,a1,,,50000,10,,,,,,,,0.2951526352739885,0.4731,,
cifar,0.0,train,resnet,200,a1,,,50000,10,,,,,,,,0.916975109377124,0.9853,,
cifar,0.05,trainUval,resnet,200,a5,,,60000,10,,,,,,,,0.4162428758069953,0.6196833333333334,0.99416,0.8047
cifar,0.15,train,resnet,200,a4,,,50000,10,,,,,,,,0.5150343100334939,0.7272,0.98758,0.7389
cifar,0.2,val,resnet,200,a3,,,10000,10,,,,,,,,0.5020450807223805,0.7227,0.98526,0.7109
cifar,0.3,trainUval,resnet,200,a2,,,60000,10,,,,,,,,0.6115227602875728,0.80355,0.98254,0.6435
cifar,0.4,train,resnet,200,a1,,,50000,10,,,,,,,,0.6834094408852448,0.81926,0.97728,0.5608
cifar,0.45,trainUval,resnet,200,a5,,,60000,10,,,,,,,,0.393849339328395,0.5954333333333334,0.97488,0.5223
cifar,0.6,train,resnet,200,a4,,,50000,10,,,,,,,,0.4476014651374271,0.66018,0.97206,0.4108
cifar,0.7,val,resnet,200,a3,,,10000,10,,,,,,,,0.3706091961141251,0.5792,0.95682,0.3214
cifar,0.9,trainUval,resnet,200,a2,,,60000,10,,,,,,,,0.3476412046603126,0.5398666666666667,0.92046,0.158
cifar,0.0,train,vgg,200,a1,,,50000,10,,,,,,,,0.9963026362431135,0.99798,,
cifar,0.05,train,vgg,200,a4,,,50000,10,,,,,,,,0.645740993027727,0.77622,0.98852,0.8644
cifar,0.1,train,vgg,200,a7,,,50000,10,,,,,,,,0.2490614146275657,0.35652,0.98082,0.8442
cifar,0.15,trainUval,vgg,200,a3,,,60000,10,,,,,,,,0.8274128923461086,0.9134333333333332,0.96344,0.8114
cifar,0.2,trainUval,vgg,200,a6,,,60000,10,,,,,,,,0.2517260288937677,0.30335,0.9542,0.79
cifar,0.25,val,vgg,200,a2,,,10000,10,,,,,,,,0.667505746213832,0.7887,0.94366,0.7326
cifar,0.3,val,vgg,200,a5,,,10000,10,,,,,,,,0.2766584183606797,0.353,0.92966,0.7058
cifar,0.4,train,vgg,200,a1,,,50000,10,,,,,,,,0.588675975798786,0.73162,0.89634,0.6153
cifar,0.45,train,vgg,200,a4,,,50000,10,,,,,,,,0.4695372221965552,0.59972,0.87902,0.5818
cifar,0.5,train,vgg,200,a7,,,50000,10,,,,,,,,0.2490614146275657,0.35652,0.86394,0.5262
cifar,0.6,trainUval,vgg,200,a3,,,60000,10,,,,,,,,0.5445731024800072,0.73165,0.8331,0.4654
cifar,0.7,trainUval,vgg,200,a6,,,60000,10,,,,,,,,0.2408343011715674,0.2941333333333333,0.82944,0.3394
cifar,0.8,val,vgg,200,a2,,,10000,10,,,,,,,,0.2295271841950087,0.3971,0.81076,0.2388
cifar,0.9,val,vgg,200,a5,,,10000,10,,,,,,,,0.24418070348511,0.3628,0.68164,0.1617
cifar,0.0,train,densenet,200,a2,,,50000,10,,,,,,,,0.8097728008785745,0.93526,,
cifar,0.05,train,densenet,200,a2,,,50000,10,,,,,,,,0.773104306205896,0.91076,0.99688,0.8074
cifar,0.1,train,densenet,200,a2,,,50000,10,,,,,,,,0.7274268034256608,0.88076,0.9955,0.7726
cifar,0.15,train,densenet,200,a2,,,50000,10,,,,,,,,0.7091858806931944,0.8694,0.99446,0.7457
cifar,0.2,train,densenet,200,a2,,,50000,10,,,,,,,,0.6687560154275267,0.84026,0.9943,0.7188
cifar,0.25,train,densenet,200,a2,,,50000,10,,,,,,,,0.6493703994393515,0.82518,0.99266,0.6933
cifar,0.3,train,densenet,200,a2,,,50000,10,,,,,,,,0.6342261303922703,0.8167,0.99006,0.6528
cifar,0.35,train,densenet,200,a2,,,50000,10,,,,,,,,0.6002419512096041,0.78734,0.99074,0.6086
cifar,0.4,train,densenet,200,a2,,,50000,10,,,,,,,,0.5879938798422821,0.77362,0.98562,0.5638
cifar,0.45,train,densenet,200,a2,,,50000,10,,,,,,,,0.5542818338569749,0.74866,0.98492,0.5336
cifar,0.5,train,densenet,200,a2,,,50000,10,,,,,,,,0.5399872336959521,0.73552,0.98472,0.5092
cifar,0.6,train,densenet,200,a2,,,50000,10,,,,,,,,0.4884198631512234,0.68418,0.98172,0.4162
cifar,0.7,train,densenet,200,a2,,,50000,10,,,,,,,,0.4398290665920493,0.63498,0.97752,0.3136
cifar,0.8,train,densenet,200,a2,,,50000,10,,,,,,,,0.3842176561082264,0.5763,0.9608,0.2218
cifar,0.9,train,densenet,200,a2,,,50000,10,,,,,,,,0.3352995777811994,0.5224,0.94792,0.1563
cifar,1.0,train,densenet,200,a2,,,50000,10,,,,,,,,0.3124216960020966,0.49106,,
cifar,0.0,train,resnet,200,a2,,,50000,10,,,,,,,,0.7912949887696905,0.9263,,
cifar,0.05,val,resnet,200,a1,,,10000,10,,,,,,,,0.6768061603237923,0.8134,0.99416,0.8047
cifar,0.15,train,resnet,200,a5,,,50000,10,,,,,,,,0.4026647242576946,0.60644,0.98758,0.7389
cifar,0.2,val,resnet,200,a4,,,10000,10,,,,,,,,0.4247394222050973,0.6562,0.98526,0.7109
cifar,0.3,trainUval,resnet,200,a3,,,60000,10,,,,,,,,0.5626991288331146,0.7651833333333333,0.98254,0.6435
cifar,0.4,train,resnet,200,a2,,,50000,10,,,,,,,,0.571176901981459,0.7742,0.97728,0.5608
cifar,0.45,val,resnet,200,a1,,,10000,10,,,,,,,,0.5095648644261064,0.6918,0.97488,0.5223
cifar,0.6,train,resnet,200,a5,,,50000,10,,,,,,,,0.3764905798320865,0.57732,0.97206,0.4108
cifar,0.7,val,resnet,200,a4,,,10000,10,,,,,,,,0.3532398262708328,0.5699,0.95682,0.3214
cifar,0.9,trainUval,resnet,200,a3,,,60000,10,,,,,,,,0.359995812288125,0.5539,0.92046,0.158
cifar,0.0,train,vgg,200,a2,,,50000,10,,,,,,,,0.9961625644675834,0.99794,,
cifar,0.05,train,vgg,200,a5,,,50000,10,,,,,,,,0.380793795429354,0.46794,0.98852,0.8644
cifar,0.1,trainUval,vgg,200,a1,,,60000,10,,,,,,,,0.8621702662791566,0.9120166666666668,0.98082,0.8442
cifar,0.15,trainUval,vgg,200,a4,,,60000,10,,,,,,,,0.5728897358578345,0.6919833333333333,0.96344,0.8114
cifar,0.2,trainUval,vgg,200,a7,,,60000,10,,,,,,,,0.2535951235491723,0.36235,0.9542,0.79
cifar,0.25,val,vgg,200,a3,,,10000,10,,,,,,,,0.6073127081797489,0.7821,0.94366,0.7326
cifar,0.3,val,vgg,200,a6,,,10000,10,,,,,,,,0.2021290935244611,0.2488,0.92966,0.7058
cifar,0.4,train,vgg,200,a2,,,50000,10,,,,,,,,0.6763489533879893,0.7993,0.89634,0.6153
cifar,0.45,train,vgg,200,a5,,,50000,10,,,,,,,,0.3541550681685323,0.44304,0.87902,0.5818
cifar,0.5,trainUval,vgg,200,a1,,,60000,10,,,,,,,,0.4896075579301431,0.6575,0.86394,0.5262
cifar,0.6,trainUval,vgg,200,a4,,,60000,10,,,,,,,,0.4528315432531291,0.6045333333333334,0.8331,0.4654
cifar,0.7,trainUval,vgg,200,a7,,,60000,10,,,,,,,,0.2535951235491723,0.36235,0.82944,0.3394
cifar,0.8,val,vgg,200,a3,,,10000,10,,,,,,,,0.3132148548781627,0.5172,0.81076,0.2388
cifar,0.9,val,vgg,200,a6,,,10000,10,,,,,,,,0.2258334198873612,0.3193,0.68164,0.1617
cifar,0.0,train,densenet,200,a3,,,50000,10,,,,,,,,0.7316292529745926,0.89282,,
cifar,0.05,train,densenet,200,a3,,,50000,10,,,,,,,,0.7035706441460873,0.8697,0.99688,0.8074
cifar,0.1,train,densenet,200,a3,,,50000,10,,,,,,,,0.6687016679462645,0.84602,0.9955,0.7726
cifar,0.15,train,densenet,200,a3,,,50000,10,,,,,,,,0.6525555856613761,0.83552,0.99446,0.7457
cifar,0.2,train,densenet,200,a3,,,50000,10,,,,,,,,0.6206596375484275,0.81036,0.9943,0.7188
cifar,0.25,train,densenet,200,a3,,,50000,10,,,,,,,,0.5998659891723166,0.79504,0.99266,0.6933
cifar,0.3,train,densenet,200,a3,,,50000,10,,,,,,,,0.5858329848491174,0.78208,0.99006,0.6528
cifar,0.35,train,densenet,200,a3,,,50000,10,,,,,,,,0.5625467203859713,0.76218,0.99074,0.6086
cifar,0.4,train,densenet,200,a3,,,50000,10,,,,,,,,0.5539232100690177,0.75226,0.98562,0.5638
cifar,0.45,train,densenet,200,a3,,,50000,10,,,,,,,,0.5244332287549104,0.72832,0.98492,0.5336
cifar,0.5,train,densenet,200,a3,,,50000,10,,,,,,,,0.5162396239830352,0.7189,0.98472,0.5092
cifar,0.6,train,densenet,200,a3,,,50000,10,,,,,,,,0.4735952677268606,0.6775,0.98172,0.4162
cifar,0.7,train,densenet,200,a3,,,50000,10,,,,,,,,0.4323460172429364,0.63414,0.97752,0.3136
cifar,0.8,train,densenet,200,a3,,,50000,10,,,,,,,,0.3891177374643575,0.58786,0.9608,0.2218
cifar,0.9,train,densenet,200,a3,,,50000,10,,,,,,,,0.3457797760783441,0.53718,0.94792,0.1563
cifar,1.0,train,densenet,200,a3,,,50000,10,,,,,,,,0.3271744480304997,0.51342,,
cifar,0.0,train,resnet,200,a3,,,50000,10,,,,,,,,0.6691410679360473,0.8475,,
cifar,0.05,val,resnet,200,a2,,,10000,10,,,,,,,,0.6251191015755271,0.8027,0.99416,0.8047
cifar,0.15,trainUval,resnet,200,a1,,,60000,10,,,,,,,,0.8060874096872399,0.9054,0.98758,0.7389
cifar,0.2,val,resnet,200,a5,,,10000,10,,,,,,,,0.3262291762747327,0.5227,0.98526,0.7109
cifar,0.3,trainUval,resnet,200,a4,,,60000,10,,,,,,,,0.5077006764774931,0.7191333333333333,0.98254,0.6435
cifar,0.4,train,resnet,200,a3,,,50000,10,,,,,,,,0.5287421439567499,0.73926,0.97728,0.5608
cifar,0.45,val,resnet,200,a2,,,10000,10,,,,,,,,0.459165831409411,0.6802,0.97488,0.5223
cifar,0.6,trainUval,resnet,200,a1,,,60000,10,,,,,,,,0.5350905335764737,0.7021,0.97206,0.4108
cifar,0.7,val,resnet,200,a5,,,10000,10,,,,,,,,0.3018951055862746,0.4904,0.95682,0.3214
cifar,0.9,trainUval,resnet,200,a4,,,60000,10,,,,,,,,0.3659542196851881,0.5673166666666667,0.92046,0.158
cifar,0.0,train,vgg,200,a3,,,50000,10,,,,,,,,0.9847785336864788,0.99562,,
cifar,0.05,train,vgg,200,a6,,,50000,10,,,,,,,,0.2559375188685416,0.30394,0.98852,0.8644
cifar,0.1,trainUval,vgg,200,a2,,,60000,10,,,,,,,,0.8887564268247675,0.9315833333333332,0.98082,0.8442
cifar,0.15,trainUval,vgg,200,a5,,,60000,10,,,,,,,,0.375130811482377,0.4558833333333333,0.96344,0.8114
cifar,0.2,val,vgg,200,a1,,,10000,10,,,,,,,,0.690200359655882,0.8006,0.9542,0.79
cifar,0.25,val,vgg,200,a4,,,10000,10,,,,,,,,0.4144692490560839,0.563,0.94366,0.7326
cifar,0.3,val,vgg,200,a7,,,10000,10,,,,,,,,0.2129642712258306,0.3092,0.92966,0.7058
cifar,0.4,train,vgg,200,a3,,,50000,10,,,,,,,,0.6763436650010047,0.8321,0.89634,0.6153
cifar,0.45,train,vgg,200,a6,,,50000,10,,,,,,,,0.245473084068588,0.29624,0.87902,0.5818
cifar,0.5,trainUval,vgg,200,a2,,,60000,10,,,,,,,,0.5853774988796824,0.7364666666666667,0.86394,0.5262
cifar,0.6,trainUval,vgg,200,a5,,,60000,10,,,,,,,,0.365751372300159,0.4806833333333333,0.8331,0.4654
cifar,0.7,val,vgg,200,a1,,,10000,10,,,,,,,,0.2409860186137668,0.4106,0.82944,0.3394
cifar,0.8,val,vgg,200,a4,,,10000,10,,,,,,,,0.3106360805153313,0.5037,0.81076,0.2388
cifar,0.9,val,vgg,200,a7,,,10000,10,,,,,,,,0.2129642712258306,0.3092,0.68164,0.1617
cifar,0.0,train,densenet,200,a4,,,50000,10,,,,,,,,0.69471022634842,0.86684,,
cifar,0.05,train,densenet,200,a4,,,50000,10,,,,,,,,0.6667755005031757,0.84736,0.99688,0.8074
cifar,0.1,train,densenet,200,a4,,,50000,10,,,,,,,,0.6318911909098692,0.82258,0.9955,0.7726
cifar,0.15,train,densenet,200,a4,,,50000,10,,,,,,,,0.6206068874009688,0.81522,0.99446,0.7457
cifar,0.2,train,densenet,200,a4,,,50000,10,,,,,,,,0.5927449235387551,0.7917,0.9943,0.7188
cifar,0.25,train,densenet,200,a4,,,50000,10,,,,,,,,0.5736658048957447,0.77526,0.99266,0.6933
cifar,0.3,train,densenet,200,a4,,,50000,10,,,,,,,,0.5616811547865505,0.76334,0.99006,0.6528
cifar,0.35,train,densenet,200,a4,,,50000,10,,,,,,,,0.5382587462902819,0.74382,0.99074,0.6086
cifar,0.4,train,densenet,200,a4,,,50000,10,,,,,,,,0.531349679951724,0.73546,0.98562,0.5638
cifar,0.45,train,densenet,200,a4,,,50000,10,,,,,,,,0.5088816407193079,0.7158,0.98492,0.5336
cifar,0.5,train,densenet,200,a4,,,50000,10,,,,,,,,0.4963717169460209,0.70564,0.98472,0.5092
cifar,0.6,train,densenet,200,a4,,,50000,10,,,,,,,,0.4613239273705578,0.66918,0.98172,0.4162
cifar,0.7,train,densenet,200,a4,,,50000,10,,,,,,,,0.4238961318749502,0.62872,0.97752,0.3136
cifar,0.8,train,densenet,200,a4,,,50000,10,,,,,,,,0.3870470342381758,0.58672,0.9608,0.2218
cifar,0.9,train,densenet,200,a4,,,50000,10,,,,,,,,0.3478646729755857,0.54356,0.94792,0.1563
cifar,1.0,train,densenet,200,a4,,,50000,10,,,,,,,,0.3304057025409518,0.51758,,
cifar,0.0,train,resnet,200,a4,,,50000,10,,,,,,,,0.5379813507950055,0.7425,,
cifar,0.05,val,resnet,200,a3,,,10000,10,,,,,,,,0.5526096947998256,0.7637,0.99416,0.8047
cifar,0.15,trainUval,resnet,200,a2,,,60000,10,,,,,,,,0.6843605048161573,0.8531666666666666,0.98758,0.7389
cifar,0.25,train,resnet,200,a1,,,50000,10,,,,,,,,0.7806786789393542,0.88628,0.98284,0.6752
cifar,0.3,trainUval,resnet,200,a5,,,60000,10,,,,,,,,0.4048484726260741,0.6079333333333333,0.98254,0.6435
cifar,0.4,train,resnet,200,a4,,,50000,10,,,,,,,,0.4847526287076424,0.70158,0.97728,0.5608
cifar,0.45,val,resnet,200,a3,,,10000,10,,,,,,,,0.436136577312709,0.6628,0.97488,0.5223
cifar,0.6,trainUval,resnet,200,a2,,,60000,10,,,,,,,,0.4887715745260453,0.6934166666666667,0.97206,0.4108
cifar,0.8,train,resnet,200,a1,,,50000,10,,,,,,,,0.3560471394137936,0.54794,0.94646,0.2278
cifar,0.9,trainUval,resnet,200,a5,,,60000,10,,,,,,,,0.3371382224067873,0.52745,0.92046,0.158
cifar,0.0,train,vgg,200,a4,,,50000,10,,,,,,,,0.7145567318735359,0.8083,,
cifar,0.05,train,vgg,200,a7,,,50000,10,,,,,,,,0.2490614146275657,0.35652,0.98852,0.8644
cifar,0.1,trainUval,vgg,200,a3,,,60000,10,,,,,,,,0.8665773513644095,0.9345,0.98082,0.8442
cifar,0.15,trainUval,vgg,200,a6,,,60000,10,,,,,,,,0.2566317675642091,0.3077166666666667,0.96344,0.8114
cifar,0.2,val,vgg,200,a2,,,10000,10,,,,,,,,0.7163116962884216,0.8183,0.9542,0.79
cifar,0.25,val,vgg,200,a5,,,10000,10,,,,,,,,0.281846932298552,0.3464,0.94366,0.7326
cifar,0.35,train,vgg,200,a1,,,50000,10,,,,,,,,0.6373389076938895,0.767,0.90418,0.6512
cifar,0.4,train,vgg,200,a4,,,50000,10,,,,,,,,0.50036677526416,0.63514,0.89634,0.6153
cifar,0.45,train,vgg,200,a7,,,50000,10,,,,,,,,0.2490614146275657,0.35652,0.87902,0.5818
cifar,0.5,trainUval,vgg,200,a3,,,60000,10,,,,,,,,0.6065980460165032,0.7676666666666667,0.86394,0.5262
cifar,0.6,trainUval,vgg,200,a6,,,60000,10,,,,,,,,0.246500315080252,0.3018,0.8331,0.4654
cifar,0.7,val,vgg,200,a2,,,10000,10,,,,,,,,0.3152188835710557,0.5146,0.82944,0.3394
cifar,0.8,val,vgg,200,a5,,,10000,10,,,,,,,,0.2688617344913114,0.4023,0.81076,0.2388
cifar,1.0,train,vgg,200,a1,,,50000,10,,,,,,,,0.1449424239233974,0.21836,,
cifar,0.0,train,densenet,200,a5,,,50000,10,,,,,,,,0.6400909524432276,0.83554,,
cifar,0.05,train,densenet,200,a5,,,50000,10,,,,,,,,0.6189130572147196,0.8185,0.99688,0.8074
cifar,0.1,train,densenet,200,a5,,,50000,10,,,,,,,,0.5992735552454055,0.80476,0.9955,0.7726
cifar,0.15,train,densenet,200,a5,,,50000,10,,,,,,,,0.589784462723885,0.79794,0.99446,0.7457
cifar,0.2,train,densenet,200,a5,,,50000,10,,,,,,,,0.5695347283115312,0.77896,0.9943,0.7188
cifar,0.25,train,densenet,200,a5,,,50000,10,,,,,,,,0.5551454951719124,0.77028,0.99266,0.6933
cifar,0.3,train,densenet,200,a5,,,50000,10,,,,,,,,0.5462348311904617,0.75756,0.99006,0.6528
cifar,0.35,train,densenet,200,a5,,,50000,10,,,,,,,,0.5220872587786486,0.73972,0.99074,0.6086
cifar,0.4,train,densenet,200,a5,,,50000,10,,,,,,,,0.5185431024031273,0.7349,0.98562,0.5638
cifar,0.45,train,densenet,200,a5,,,50000,10,,,,,,,,0.5018295332046911,0.71914,0.98492,0.5336
cifar,0.5,train,densenet,200,a5,,,50000,10,,,,,,,,0.4850074420621545,0.70444,0.98472,0.5092
cifar,0.6,train,densenet,200,a5,,,50000,10,,,,,,,,0.4608224170523119,0.67764,0.98172,0.4162
cifar,0.7,train,densenet,200,a5,,,50000,10,,,,,,,,0.4267733935297398,0.63934,0.97752,0.3136
cifar,0.8,train,densenet,200,a5,,,50000,10,,,,,,,,0.392717285257037,0.60302,0.9608,0.2218
cifar,0.9,train,densenet,200,a5,,,50000,10,,,,,,,,0.3590929423663903,0.56314,0.94792,0.1563
cifar,1.0,train,densenet,200,a5,,,50000,10,,,,,,,,0.342638257062717,0.53816,,
cifar,0.0,train,resnet,200,a5,,,50000,10,,,,,,,,0.4107441499176169,0.6147,,
cifar,0.05,val,resnet,200,a4,,,10000,10,,,,,,,,0.4367431448718789,0.6611,0.99416,0.8047
cifar,0.15,trainUval,resnet,200,a3,,,60000,10,,,,,,,,0.6077478630763381,0.8025666666666667,0.98758,0.7389
cifar,0.25,train,resnet,200,a2,,,50000,10,,,,,,,,0.6402081325406671,0.83002,0.98284,0.6752
cifar,0.3,val,resnet,200,a1,,,10000,10,,,,,,,,0.5799996546369374,0.7439,0.98254,0.6435
cifar,0.4,train,resnet,200,a5,,,50000,10,,,,,,,,0.3895601124042214,0.59112,0.97728,0.5608
cifar,0.45,val,resnet,200,a4,,,10000,10,,,,,,,,0.396901664522291,0.6204,0.97488,0.5223
cifar,0.6,trainUval,resnet,200,a3,,,60000,10,,,,,,,,0.4758658755826346,0.6825833333333333,0.97206,0.4108
cifar,0.8,train,resnet,200,a2,,,50000,10,,,,,,,,0.382212335743573,0.58424,0.94646,0.2278
cifar,0.9,val,resnet,200,a1,,,10000,10,,,,,,,,0.2377750916545649,0.4208,0.92046,0.158
cifar,0.0,train,vgg,200,a5,,,50000,10,,,,,,,,0.3864893280993036,0.4613,,
cifar,0.05,trainUval,vgg,200,a1,,,60000,10,,,,,,,,0.9059211198635794,0.9402833333333334,0.98852,0.8644
cifar,0.1,trainUval,vgg,200,a4,,,60000,10,,,,,,,,0.5954549054851807,0.7163166666666667,0.98082,0.8442
cifar,0.15,trainUval,vgg,200,a7,,,60000,10,,,,,,,,0.2535951235491723,0.36235,0.96344,0.8114
cifar,0.2,val,vgg,200,a3,,,10000,10,,,,,,,,0.6416584393430932,0.8091,0.9542,0.79
cifar,0.25,val,vgg,200,a6,,,10000,10,,,,,,,,0.2045895187346783,0.2579,0.94366,0.7326
cifar,0.35,train,vgg,200,a2,,,50000,10,,,,,,,,0.7181704028980949,0.82626,0.90418,0.6512
cifar,0.4,train,vgg,200,a5,,,50000,10,,,,,,,,0.3654356834480007,0.4661,0.89634,0.6153
cifar,0.45,trainUval,vgg,200,a1,,,60000,10,,,,,,,,0.537305366550524,0.6911166666666667,0.87902,0.5818
cifar,0.5,trainUval,vgg,200,a4,,,60000,10,,,,,,,,0.4768345923377907,0.6058,0.86394,0.5262
cifar,0.6,trainUval,vgg,200,a7,,,60000,10,,,,,,,,0.2535951235491723,0.36235,0.8331,0.4654
cifar,0.7,val,vgg,200,a3,,,10000,10,,,,,,,,0.3785876367603952,0.5761,0.82944,0.3394
cifar,0.8,val,vgg,200,a6,,,10000,10,,,,,,,,0.2040260508096716,0.2714,0.81076,0.2388
cifar,1.0,train,vgg,200,a2,,,50000,10,,,,,,,,0.1919884708985191,0.31798,,
cifar,0.0,train,densenet,200,a6,,,50000,10,,,,,,,,0.5653073203136367,0.77868,,
cifar,0.05,train,densenet,200,a6,,,50000,10,,,,,,,,0.5466852940601911,0.76504,0.99688,0.8074
cifar,0.1,train,densenet,200,a6,,,50000,10,,,,,,,,0.5295992907626518,0.75034,0.9955,0.7726
cifar,0.15,train,densenet,200,a6,,,50000,10,,,,,,,,0.5267531779242721,0.74784,0.99446,0.7457
cifar,0.2,train,densenet,200,a6,,,50000,10,,,,,,,,0.5124874131931197,0.73522,0.9943,0.7188
cifar,0.25,train,densenet,200,a6,,,50000,10,,,,,,,,0.5068089230595577,0.72934,0.99266,0.6933
cifar,0.3,train,densenet,200,a6,,,50000,10,,,,,,,,0.501368896045899,0.72186,0.99006,0.6528
cifar,0.35,train,densenet,200,a6,,,50000,10,,,,,,,,0.4851093162638247,0.70782,0.99074,0.6086
cifar,0.4,train,densenet,200,a6,,,50000,10,,,,,,,,0.4809532768497656,0.70204,0.98562,0.5638
cifar,0.45,train,densenet,200,a6,,,50000,10,,,,,,,,0.4685603542228488,0.688,0.98492,0.5336
cifar,0.5,train,densenet,200,a6,,,50000,10,,,,,,,,0.4610366771890422,0.681,0.98472,0.5092
cifar,0.6,train,densenet,200,a6,,,50000,10,,,,,,,,0.4433856745933846,0.66122,0.98172,0.4162
cifar,0.7,train,densenet,200,a6,,,50000,10,,,,,,,,0.4186705536585787,0.63418,0.97752,0.3136
cifar,0.8,train,densenet,200,a6,,,50000,10,,,,,,,,0.3919570704070326,0.60374,0.9608,0.2218
cifar,0.9,train,densenet,200,a6,,,50000,10,,,,,,,,0.3604997545156689,0.56446,0.94792,0.1563
cifar,1.0,train,densenet,200,a6,,,50000,10,,,,,,,,0.3502238886474079,0.5459,,
cifar,0.0,trainUval,resnet,200,a1,,,60000,10,,,,,,,,0.8817474442297971,0.9605166666666668,,
cifar,0.05,val,resnet,200,a5,,,10000,10,,,,,,,,0.3340975486162554,0.5289,0.99416,0.8047
cifar,0.15,trainUval,resnet,200,a4,,,60000,10,,,,,,,,0.5233346472613453,0.7322333333333333,0.98758,0.7389
cifar,0.25,train,resnet,200,a3,,,50000,10,,,,,,,,0.5763698392582329,0.779,0.98284,0.6752
cifar,0.3,val,resnet,200,a2,,,10000,10,,,,,,,,0.5079403220934761,0.7273,0.98254,0.6435
cifar,0.4,trainUval,resnet,200,a1,,,60000,10,,,,,,,,0.6650343176191625,0.8057833333333333,0.97728,0.5608
cifar,0.45,val,resnet,200,a5,,,10000,10,,,,,,,,0.3184876386110131,0.5116,0.97488,0.5223
cifar,0.6,trainUval,resnet,200,a4,,,60000,10,,,,,,,,0.4545655721682085,0.6663666666666667,0.97206,0.4108
cifar,0.8,train,resnet,200,a3,,,50000,10,,,,,,,,0.385986797958228,0.58808,0.94646,0.2278
cifar,0.9,val,resnet,200,a2,,,10000,10,,,,,,,,0.2943400946472472,0.4881,0.92046,0.158
cifar,0.0,train,vgg,200,a6,,,50000,10,,,,,,,,0.2668626583984664,0.32246,,
cifar,0.05,trainUval,vgg,200,a2,,,60000,10,,,,,,,,0.923068005123302,0.95295,0.98852,0.8644
cifar,0.1,trainUval,vgg,200,a5,,,60000,10,,,,,,,,0.385342778182811,0.4889,0.98082,0.8442
cifar,0.15,val,vgg,200,a1,,,10000,10,,,,,,,,0.7296743261852809,0.8216,0.96344,0.8114
cifar,0.2,val,vgg,200,a4,,,10000,10,,,,,,,,0.424035611902213,0.6151,0.9542,0.79
cifar,0.25,val,vgg,200,a7,,,10000,10,,,,,,,,0.2129642712258306,0.3092,0.94366,0.7326
cifar,0.35,train,vgg,200,a3,,,50000,10,,,,,,,,0.7058575532864481,0.85056,0.90418,0.6512
cifar,0.4,train,vgg,200,a6,,,50000,10,,,,,,,,0.2450842139751278,0.29332,0.89634,0.6153
cifar,0.45,trainUval,vgg,200,a2,,,60000,10,,,,,,,,0.6297554677694042,0.7678666666666667,0.87902,0.5818
cifar,0.5,trainUval,vgg,200,a5,,,60000,10,,,,,,,,0.3791315922303905,0.4845666666666666,0.86394,0.5262
cifar,0.6,val,vgg,200,a1,,,10000,10,,,,,,,,0.3458900058002467,0.5255,0.8331,0.4654
cifar,0.7,val,vgg,200,a4,,,10000,10,,,,,,,,0.3401680897162981,0.5148,0.82944,0.3394
cifar,0.8,val,vgg,200,a7,,,10000,10,,,,,,,,0.2129642712258306,0.3092,0.81076,0.2388
cifar,1.0,train,vgg,200,a3,,,50000,10,,,,,,,,0.2589472844503944,0.4143,,
cifar,0.0,train,densenet,200,a7,,,50000,10,,,,,,,,0.5188943470893953,0.7294,,
cifar,0.05,train,densenet,200,a7,,,50000,10,,,,,,,,0.5161452263746608,0.73422,0.99688,0.8074
cifar,0.1,train,densenet,200,a7,,,50000,10,,,,,,,,0.4965839680744583,0.71728,0.9955,0.7726
cifar,0.15,train,densenet,200,a7,,,50000,10,,,,,,,,0.5054790222806227,0.72564,0.99446,0.7457
cifar,0.2,train,densenet,200,a7,,,50000,10,,,,,,,,0.488013860391558,0.70976,0.9943,0.7188
cifar,0.25,train,densenet,200,a7,,,50000,10,,,,,,,,0.4892410664949886,0.7127,0.99266,0.6933
cifar,0.3,train,densenet,200,a7,,,50000,10,,,,,,,,0.4779584893444215,0.70192,0.99006,0.6528
cifar,0.35,train,densenet,200,a7,,,50000,10,,,,,,,,0.4735266030577303,0.69744,0.99074,0.6086
cifar,0.4,train,densenet,200,a7,,,50000,10,,,,,,,,0.466810921106014,0.68922,0.98562,0.5638
cifar,0.45,train,densenet,200,a7,,,50000,10,,,,,,,,0.4580667373810471,0.68286,0.98492,0.5336
cifar,0.5,train,densenet,200,a7,,,50000,10,,,,,,,,0.4532961858121518,0.67622,0.98472,0.5092
cifar,0.6,train,densenet,200,a7,,,50000,10,,,,,,,,0.4324581932359188,0.65716,0.98172,0.4162
cifar,0.7,train,densenet,200,a7,,,50000,10,,,,,,,,0.4043005547514776,0.62432,0.97752,0.3136
cifar,0.8,train,densenet,200,a7,,,50000,10,,,,,,,,0.3774065693633703,0.5944,0.9608,0.2218
cifar,0.9,train,densenet,200,a7,,,50000,10,,,,,,,,0.3506624343966094,0.55882,0.94792,0.1563
cifar,1.0,train,densenet,200,a7,,,50000,10,,,,,,,,0.3393643042190719,0.5401,,
cifar,0.0,trainUval,resnet,200,a2,,,60000,10,,,,,,,,0.7773913120637694,0.9120666666666668,,
cifar,0.1,train,resnet,200,a1,,,50000,10,,,,,,,,0.8686793608091707,0.94708,0.99212,0.7727
cifar,0.15,trainUval,resnet,200,a5,,,60000,10,,,,,,,,0.4106902998972985,0.61455,0.98758,0.7389
cifar,0.25,train,resnet,200,a4,,,50000,10,,,,,,,,0.5064773132275002,0.72054,0.98284,0.6752
cifar,0.3,val,resnet,200,a3,,,10000,10,,,,,,,,0.4749823069008212,0.7027,0.98254,0.6435
cifar,0.4,trainUval,resnet,200,a2,,,60000,10,,,,,,,,0.5702701662810832,0.7688666666666667,0.97728,0.5608
cifar,0.5,train,resnet,200,a1,,,50000,10,,,,,,,,0.6169044718456344,0.76836,0.97576,0.4941
cifar,0.6,trainUval,resnet,200,a5,,,60000,10,,,,,,,,0.3842275428375997,0.5836333333333333,0.97206,0.4108
cifar,0.8,train,resnet,200,a4,,,50000,10,,,,,,,,0.3869477650753001,0.59538,0.94646,0.2278
cifar,0.9,val,resnet,200,a3,,,10000,10,,,,,,,,0.3054668209744006,0.4962,0.92046,0.158
cifar,0.0,train,vgg,200,a7,,,50000,10,,,,,,,,0.2490614146275657,0.35652,,
cifar,0.05,trainUval,vgg,200,a3,,,60000,10,,,,,,,,0.9077927269910891,0.9554333333333334,0.98852,0.8644
cifar,0.1,trainUval,vgg,200,a6,,,60000,10,,,,,,,,0.2563437968622085,0.3070333333333333,0.98082,0.8442
cifar,0.15,val,vgg,200,a2,,,10000,10,,,,,,,,0.7486022974750888,0.8387,0.96344,0.8114
cifar,0.2,val,vgg,200,a5,,,10000,10,,,,,,,,0.2751045805296606,0.3484,0.9542,0.79
cifar,0.3,train,vgg,200,a1,,,50000,10,,,,,,,,0.685539841179857,0.79878,0.92966,0.7058
cifar,0.35,train,vgg,200,a4,,,50000,10,,,,,,,,0.5101200394737475,0.66416,0.90418,0.6512
cifar,0.4,train,vgg,200,a7,,,50000,10,,,,,,,,0.2490614146275657,0.35652,0.89634,0.6153
cifar,0.45,trainUval,vgg,200,a3,,,60000,10,,,,,,,,0.6360244935953504,0.7960666666666667,0.87902,0.5818
cifar,0.5,trainUval,vgg,200,a6,,,60000,10,,,,,,,,0.2497489316689219,0.3060833333333333,0.86394,0.5262
cifar,0.6,val,vgg,200,a2,,,10000,10,,,,,,,,0.4200395466578819,0.6186,0.8331,0.4654
cifar,0.7,val,vgg,200,a5,,,10000,10,,,,,,,,0.2805024363743956,0.3907,0.82944,0.3394
cifar,0.9,train,vgg,200,a1,,,50000,10,,,,,,,,0.1351514750608271,0.20764,0.68164,0.1617
cifar,1.0,train,vgg,200,a4,,,50000,10,,,,,,,,0.2796380364135569,0.44452,,
cifar,0.0,train,densenet,200,a8,,,50000,10,,,,,,,,0.4078180198704061,0.60988,,
cifar,0.05,train,densenet,200,a8,,,50000,10,,,,,,,,0.4100225165882205,0.61422,0.99688,0.8074
cifar,0.1,train,densenet,200,a8,,,50000,10,,,,,,,,0.4029841396333612,0.60726,0.9955,0.7726
cifar,0.15,train,densenet,200,a8,,,50000,10,,,,,,,,0.409597598630522,0.61538,0.99446,0.7457
cifar,0.2,train,densenet,200,a8,,,50000,10,,,,,,,,0.40619710827506,0.61148,0.9943,0.7188
cifar,0.25,train,densenet,200,a8,,,50000,10,,,,,,,,0.4037599939414019,0.6081,0.99266,0.6933
cifar,0.3,train,densenet,200,a8,,,50000,10,,,,,,,,0.4045062524681614,0.60934,0.99006,0.6528
cifar,0.35,train,densenet,200,a8,,,50000,10,,,,,,,,0.4033500421745754,0.6107,0.99074,0.6086
cifar,0.4,train,densenet,200,a8,,,50000,10,,,,,,,,0.4008134936742634,0.60462,0.98562,0.5638
cifar,0.45,train,densenet,200,a8,,,50000,10,,,,,,,,0.3952098151107748,0.59764,0.98492,0.5336
cifar,0.5,train,densenet,200,a8,,,50000,10,,,,,,,,0.3968603697035641,0.60034,0.98472,0.5092
cifar,0.6,train,densenet,200,a8,,,50000,10,,,,,,,,0.3922131020851964,0.59692,0.98172,0.4162
cifar,0.7,train,densenet,200,a8,,,50000,10,,,,,,,,0.3769979328769918,0.57866,0.97752,0.3136
cifar,0.8,train,densenet,200,a8,,,50000,10,,,,,,,,0.3659720012208103,0.56528,0.9608,0.2218
cifar,0.9,train,densenet,200,a8,,,50000,10,,,,,,,,0.3440140593171254,0.53746,0.94792,0.1563
cifar,1.0,train,densenet,200,a8,,,50000,10,,,,,,,,0.3397535933895055,0.53156,,
cifar,0.0,trainUval,resnet,200,a3,,,60000,10,,,,,,,,0.6701069204350892,0.8428333333333333,,
cifar,0.1,train,resnet,200,a2,,,50000,10,,,,,,,,0.7274380172714687,0.88464,0.99212,0.7727
cifar,0.15,val,resnet,200,a1,,,10000,10,,,,,,,,0.6324923304419161,0.7808,0.98758,0.7389
cifar,0.25,train,resnet,200,a5,,,50000,10,,,,,,,,0.3983906498964721,0.6034,0.98284,0.6752
cifar,0.3,val,resnet,200,a4,,,10000,10,,,,,,,,0.414109894180352,0.6449,0.98254,0.6435
cifar,0.4,trainUval,resnet,200,a3,,,60000,10,,,,,,,,0.5334680820949363,0.7396333333333334,0.97728,0.5608
cifar,0.5,train,resnet,200,a2,,,50000,10,,,,,,,,0.5294661575865939,0.7372,0.97576,0.4941
cifar,0.6,val,resnet,200,a1,,,10000,10,,,,,,,,0.443529702693451,0.6317,0.97206,0.4108
cifar,0.8,train,resnet,200,a5,,,50000,10,,,,,,,,0.3451994109923078,0.5399,0.94646,0.2278
cifar,0.9,val,resnet,200,a4,,,10000,10,,,,,,,,0.3050574434979661,0.5008,0.92046,0.158
cifar,0.0,trainUval,vgg,200,a1,,,60000,10,,,,,,,,0.9697642511265768,0.9812333333333332,,
cifar,0.05,trainUval,vgg,200,a4,,,60000,10,,,,,,,,0.648966499935647,0.7795833333333333,0.98852,0.8644
cifar,0.1,trainUval,vgg,200,a7,,,60000,10,,,,,,,,0.2535951235491723,0.36235,0.98082,0.8442
cifar,0.15,val,vgg,200,a3,,,10000,10,,,,,,,,0.6809843062088021,0.8288,0.96344,0.8114
cifar,0.2,val,vgg,200,a6,,,10000,10,,,,,,,,0.20198291884386,0.2517,0.9542,0.79
cifar,0.3,train,vgg,200,a2,,,50000,10,,,,,,,,0.7615485474267651,0.85478,0.92966,0.7058
cifar,0.35,train,vgg,200,a5,,,50000,10,,,,,,,,0.3600574557680429,0.4446,0.90418,0.6512
cifar,0.4,trainUval,vgg,200,a1,,,60000,10,,,,,,,,0.5805611761508587,0.7237,0.89634,0.6153
cifar,0.45,trainUval,vgg,200,a4,,,60000,10,,,,,,,,0.4793078225271677,0.6092,0.87902,0.5818
cifar,0.5,trainUval,vgg,200,a7,,,60000,10,,,,,,,,0.2535951235491723,0.36235,0.86394,0.5262
cifar,0.6,val,vgg,200,a3,,,10000,10,,,,,,,,0.4290022766208219,0.6383,0.8331,0.4654
cifar,0.7,val,vgg,200,a6,,,10000,10,,,,,,,,0.1979374163536026,0.2483,0.82944,0.3394
cifar,0.9,train,vgg,200,a2,,,50000,10,,,,,,,,0.1806594967538617,0.29854,0.68164,0.1617
cifar,1.0,train,vgg,200,a5,,,50000,10,,,,,,,,0.2964523690857936,0.46748,,
cifar,0.0,trainUval,densenet,200,a1,,,60000,10,,,,,,,,0.8452506369947761,0.9540166666666666,,
cifar,0.05,trainUval,densenet,200,a1,,,60000,10,,,,,,,,0.8174416728924789,0.9321833333333334,0.99688,0.8074
cifar,0.1,trainUval,densenet,200,a1,,,60000,10,,,,,,,,0.7746753097996282,0.90745,0.9955,0.7726
cifar,0.15,trainUval,densenet,200,a1,,,60000,10,,,,,,,,0.7540779997465897,0.8917333333333334,0.99446,0.7457
cifar,0.2,trainUval,densenet,200,a1,,,60000,10,,,,,,,,0.7181646004887341,0.8698666666666667,0.9943,0.7188
cifar,0.25,trainUval,densenet,200,a1,,,60000,10,,,,,,,,0.6965655518989234,0.8521666666666666,0.99266,0.6933
cifar,0.3,trainUval,densenet,200,a1,,,60000,10,,,,,,,,0.6782793753560263,0.8375666666666667,0.99006,0.6528
cifar,0.35,trainUval,densenet,200,a1,,,60000,10,,,,,,,,0.6452407375251823,0.8115,0.99074,0.6086
cifar,0.4,trainUval,densenet,200,a1,,,60000,10,,,,,,,,0.6282576789829571,0.7944,0.98562,0.5638
cifar,0.45,trainUval,densenet,200,a1,,,60000,10,,,,,,,,0.59308654820705,0.7725166666666666,0.98492,0.5336
cifar,0.5,trainUval,densenet,200,a1,,,60000,10,,,,,,,,0.5737830776327333,0.7532833333333333,0.98472,0.5092
cifar,0.6,trainUval,densenet,200,a1,,,60000,10,,,,,,,,0.5151085366077696,0.7001333333333334,0.98172,0.4162
cifar,0.7,trainUval,densenet,200,a1,,,60000,10,,,,,,,,0.4493597613685959,0.63965,0.97752,0.3136
cifar,0.8,trainUval,densenet,200,a1,,,60000,10,,,,,,,,0.3833401986510097,0.574,0.9608,0.2218
cifar,0.9,trainUval,densenet,200,a1,,,60000,10,,,,,,,,0.3280206837654669,0.5113,0.94792,0.1563
cifar,1.0,trainUval,densenet,200,a1,,,60000,10,,,,,,,,0.3019799761308289,0.4804,,
cifar,0.0,trainUval,resnet,200,a4,,,60000,10,,,,,,,,0.5466074433306862,0.7490833333333333,,
cifar,0.1,train,resnet,200,a3,,,50000,10,,,,,,,,0.6292941956824095,0.821,0.99212,0.7727
cifar,0.15,val,resnet,200,a2,,,10000,10,,,,,,,,0.5714708624284301,0.7677,0.98758,0.7389
cifar,0.25,trainUval,resnet,200,a1,,,60000,10,,,,,,,,0.7543357086466742,0.8678,0.98284,0.6752
cifar,0.3,val,resnet,200,a5,,,10000,10,,,,,,,,0.3252145295094186,0.5235,0.98254,0.6435
cifar,0.4,trainUval,resnet,200,a4,,,60000,10,,,,,,,,0.492487458760283,0.7071666666666667,0.97728,0.5608
cifar,0.5,train,resnet,200,a3,,,50000,10,,,,,,,,0.5001120264178261,0.71026,0.97576,0.4941
cifar,0.6,val,resnet,200,a2,,,10000,10,,,,,,,,0.4100779366907165,0.6312,0.97206,0.4108
cifar,0.8,trainUval,resnet,200,a1,,,60000,10,,,,,,,,0.3596383276895068,0.5485833333333333,0.94646,0.2278
cifar,0.9,val,resnet,200,a5,,,10000,10,,,,,,,,0.276743977095437,0.4502,0.92046,0.158
cifar,0.0,trainUval,vgg,200,a2,,,60000,10,,,,,,,,0.9699955417615356,0.9810666666666666,,
cifar,0.05,trainUval,vgg,200,a5,,,60000,10,,,,,,,,0.3911125959969256,0.4844833333333333,0.98852,0.8644
cifar,0.1,val,vgg,200,a1,,,10000,10,,,,,,,,0.7709103111339577,0.844,0.98082,0.8442
cifar,0.15,val,vgg,200,a4,,,10000,10,,,,,,,,0.4343872795605834,0.5779,0.96344,0.8114
cifar,0.2,val,vgg,200,a7,,,10000,10,,,,,,,,0.2129642712258306,0.3092,0.9542,0.79
cifar,0.3,train,vgg,200,a3,,,50000,10,,,,,,,,0.7568216538540282,0.87578,0.92966,0.7058
cifar,0.35,train,vgg,200,a6,,,50000,10,,,,,,,,0.2429884364924696,0.28796,0.90418,0.6512
cifar,0.4,trainUval,vgg,200,a2,,,60000,10,,,,,,,,0.6670049300077516,0.7911833333333333,0.89634,0.6153
cifar,0.45,trainUval,vgg,200,a5,,,60000,10,,,,,,,,0.363305107211896,0.4576166666666666,0.87902,0.5818
cifar,0.5,val,vgg,200,a1,,,10000,10,,,,,,,,0.4057198732441056,0.5906,0.86394,0.5262
cifar,0.6,val,vgg,200,a4,,,10000,10,,,,,,,,0.3405894196675335,0.4657,0.8331,0.4654
cifar,0.7,val,vgg,200,a7,,,10000,10,,,,,,,,0.2129642712258306,0.3092,0.82944,0.3394
cifar,0.9,train,vgg,200,a3,,,50000,10,,,,,,,,0.2858674023416709,0.44656,0.68164,0.1617
cifar,1.0,train,vgg,200,a6,,,50000,10,,,,,,,,0.2857804558395649,0.43748,,
cifar,0.0,trainUval,densenet,200,a2,,,60000,10,,,,,,,,0.7914775129744859,0.9175,,
cifar,0.05,trainUval,densenet,200,a2,,,60000,10,,,,,,,,0.758059362669461,0.8942,0.99688,0.8074
cifar,0.1,trainUval,densenet,200,a2,,,60000,10,,,,,,,,0.7158762490777798,0.8671666666666666,0.9955,0.7726
cifar,0.15,trainUval,densenet,200,a2,,,60000,10,,,,,,,,0.6983996358436009,0.85635,0.99446,0.7457
cifar,0.2,trainUval,densenet,200,a2,,,60000,10,,,,,,,,0.6609821837997126,0.8290333333333333,0.9943,0.7188
cifar,0.25,trainUval,densenet,200,a2,,,60000,10,,,,,,,,0.6416388723351859,0.81455,0.99266,0.6933
cifar,0.3,trainUval,densenet,200,a2,,,60000,10,,,,,,,,0.6278367840583785,0.8069166666666666,0.99006,0.6528
cifar,0.35,trainUval,densenet,200,a2,,,60000,10,,,,,,,,0.5958091747522553,0.7794166666666666,0.99074,0.6086
cifar,0.4,trainUval,densenet,200,a2,,,60000,10,,,,,,,,0.5847809181543234,0.7675333333333333,0.98562,0.5638
cifar,0.45,trainUval,densenet,200,a2,,,60000,10,,,,,,,,0.5523794970446158,0.7432833333333333,0.98492,0.5336
cifar,0.5,trainUval,densenet,200,a2,,,60000,10,,,,,,,,0.5384822126836957,0.73105,0.98472,0.5092
cifar,0.6,trainUval,densenet,200,a2,,,60000,10,,,,,,,,0.4898731038549249,0.6807833333333333,0.98172,0.4162
cifar,0.7,trainUval,densenet,200,a2,,,60000,10,,,,,,,,0.4430388963961668,0.635,0.97752,0.3136
cifar,0.8,trainUval,densenet,200,a2,,,60000,10,,,,,,,,0.3889921082001101,0.5792333333333334,0.9608,0.2218
cifar,0.9,trainUval,densenet,200,a2,,,60000,10,,,,,,,,0.3408937965652409,0.5253333333333333,0.94792,0.1563
cifar,1.0,trainUval,densenet,200,a2,,,60000,10,,,,,,,,0.3181915335465008,0.4995166666666666,,
cifar,0.0,trainUval,resnet,200,a5,,,60000,10,,,,,,,,0.4182564248421583,0.62105,,
cifar,0.1,train,resnet,200,a4,,,50000,10,,,,,,,,0.526510660239922,0.741,0.99212,0.7727
cifar,0.15,val,resnet,200,a3,,,10000,10,,,,,,,,0.5131379335696236,0.7391,0.98758,0.7389
cifar,0.25,trainUval,resnet,200,a2,,,60000,10,,,,,,,,0.6357739828498467,0.8211833333333334,0.98284,0.6752
cifar,0.35,train,resnet,200,a1,,,50000,10,,,,,,,,0.7122572341698807,0.84018,0.9776,0.5994
cifar,0.4,trainUval,resnet,200,a5,,,60000,10,,,,,,,,0.3975004391857206,0.5998666666666667,0.97728,0.5608
cifar,0.5,train,resnet,200,a4,,,50000,10,,,,,,,,0.4717716697907645,0.685,0.97576,0.4941
cifar,0.6,val,resnet,200,a3,,,10000,10,,,,,,,,0.4033662749938317,0.6233,0.97206,0.4108
cifar,0.8,trainUval,resnet,200,a2,,,60000,10,,,,,,,,0.3873859978726947,0.5861166666666666,0.94646,0.2278
cifar,1.0,train,resnet,200,a1,,,50000,10,,,,,,,,0.2431811668791851,0.42388,,
cifar,0.0,trainUval,vgg,200,a3,,,60000,10,,,,,,,,0.9595912113486522,0.9794,,
cifar,0.05,trainUval,vgg,200,a6,,,60000,10,,,,,,,,0.260268832369013,0.31165,0.98852,0.8644
cifar,0.1,val,vgg,200,a2,,,10000,10,,,,,,,,0.7810995551383288,0.8559,0.98082,0.8442
cifar,0.15,val,vgg,200,a5,,,10000,10,,,,,,,,0.2788118145124544,0.3481,0.96344,0.8114
cifar,0.25,train,vgg,200,a1,,,50000,10,,,,,,,,0.7318417604719919,0.83184,0.94366,0.7326
cifar,0.3,train,vgg,200,a4,,,50000,10,,,,,,,,0.5402277075543686,0.6923,0.92966,0.7058
cifar,0.35,train,vgg,200,a7,,,50000,10,,,,,,,,0.2490614146275657,0.35652,0.90418,0.6512
cifar,0.4,trainUval,vgg,200,a3,,,60000,10,,,,,,,,0.6666842621367646,0.8223833333333334,0.89634,0.6153
cifar,0.45,trainUval,vgg,200,a6,,,60000,10,,,,,,,,0.249867026535678,0.3029666666666666,0.87902,0.5818
cifar,0.5,val,vgg,200,a2,,,10000,10,,,,,,,,0.4789274767252396,0.6698,0.86394,0.5262
cifar,0.6,val,vgg,200,a5,,,10000,10,,,,,,,,0.2767002425951688,0.3659,0.8331,0.4654
cifar,0.8,train,vgg,200,a1,,,50000,10,,,,,,,,0.2124181419329622,0.36316,0.81076,0.2388
cifar,0.9,train,vgg,200,a4,,,50000,10,,,,,,,,0.3086639413359813,0.47686,0.68164,0.1617
cifar,1.0,train,vgg,200,a7,,,50000,10,,,,,,,,0.2490614146275657,0.35652,,
cifar,0.0,trainUval,densenet,200,a3,,,60000,10,,,,,,,,0.7236050965846546,0.8827333333333334,,
cifar,0.05,trainUval,densenet,200,a3,,,60000,10,,,,,,,,0.6976881433053146,0.86225,0.99688,0.8074
cifar,0.1,trainUval,densenet,200,a3,,,60000,10,,,,,,,,0.6644262990317831,0.83735,0.9955,0.7726
cifar,0.15,trainUval,densenet,200,a3,,,60000,10,,,,,,,,0.6497036776567058,0.82915,0.99446,0.7457
cifar,0.2,trainUval,densenet,200,a3,,,60000,10,,,,,,,,0.6192458798455557,0.8043,0.9943,0.7188
cifar,0.25,trainUval,densenet,200,a3,,,60000,10,,,,,,,,0.599006640680891,0.7900333333333334,0.99266,0.6933
cifar,0.3,trainUval,densenet,200,a3,,,60000,10,,,,,,,,0.5855442445253134,0.7785333333333333,0.99006,0.6528
cifar,0.35,trainUval,densenet,200,a3,,,60000,10,,,,,,,,0.5630305728556373,0.7600666666666667,0.99074,0.6086
cifar,0.4,trainUval,densenet,200,a3,,,60000,10,,,,,,,,0.5553519959265584,0.7511,0.98562,0.5638
cifar,0.45,trainUval,densenet,200,a3,,,60000,10,,,,,,,,0.5273417304581756,0.72815,0.98492,0.5336
cifar,0.5,trainUval,densenet,200,a3,,,60000,10,,,,,,,,0.5188036788378377,0.7188166666666667,0.98472,0.5092
cifar,0.6,trainUval,densenet,200,a3,,,60000,10,,,,,,,,0.4778933639639428,0.67795,0.98172,0.4162
cifar,0.7,trainUval,densenet,200,a3,,,60000,10,,,,,,,,0.4372789037004232,0.6379166666666667,0.97752,0.3136
cifar,0.8,trainUval,densenet,200,a3,,,60000,10,,,,,,,,0.394598936466965,0.5921166666666666,0.9608,0.2218
cifar,0.9,trainUval,densenet,200,a3,,,60000,10,,,,,,,,0.3519341207662722,0.5414,0.94792,0.1563
cifar,1.0,trainUval,densenet,200,a3,,,60000,10,,,,,,,,0.3331791628712678,0.5184333333333333,,
cifar,0.0,val,resnet,200,a1,,,10000,10,,,,,,,,0.6966935332685407,0.8241,,
cifar,0.1,train,resnet,200,a5,,,50000,10,,,,,,,,0.4058443940181247,0.60994,0.99212,0.7727
cifar,0.15,val,resnet,200,a4,,,10000,10,,,,,,,,0.4252892948524823,0.6525,0.98758,0.7389
cifar,0.25,trainUval,resnet,200,a3,,,60000,10,,,,,,,,0.579944954741699,0.7793333333333333,0.98284,0.6752
cifar,0.35,train,resnet,200,a2,,,50000,10,,,,,,,,0.5859646364499038,0.78722,0.9776,0.5994
cifar,0.4,val,resnet,200,a1,,,10000,10,,,,,,,,0.5354380233639722,0.7128,0.97728,0.5608
cifar,0.5,train,resnet,200,a5,,,50000,10,,,,,,,,0.3847776400220127,0.58574,0.97576,0.4941
cifar,0.6,val,resnet,200,a4,,,10000,10,,,,,,,,0.3757036154568558,0.5917,0.97206,0.4108
cifar,0.8,trainUval,resnet,200,a3,,,60000,10,,,,,,,,0.391312783999037,0.5927,0.94646,0.2278
cifar,1.0,train,resnet,200,a2,,,50000,10,,,,,,,,0.3265601527216606,0.51662,,
cifar,0.0,trainUval,vgg,200,a4,,,60000,10,,,,,,,,0.7140656883648523,0.8081333333333334,,
cifar,0.05,trainUval,vgg,200,a7,,,60000,10,,,,,,,,0.2535951235491723,0.36235,0.98852,0.8644
cifar,0.1,val,vgg,200,a3,,,10000,10,,,,,,,,0.716837432128981,0.8461,0.98082,0.8442
cifar,0.15,val,vgg,200,a6,,,10000,10,,,,,,,,0.2054844726101901,0.2529,0.96344,0.8114
cifar,0.25,train,vgg,200,a2,,,50000,10,,,,,,,,0.7990474085167737,0.87918,0.94366,0.7326
cifar,0.3,train,vgg,200,a5,,,50000,10,,,,,,,,0.362600581015382,0.4482,0.92966,0.7058
cifar,0.35,trainUval,vgg,200,a1,,,60000,10,,,,,,,,0.6284006597570575,0.75975,0.90418,0.6512
cifar,0.4,trainUval,vgg,200,a4,,,60000,10,,,,,,,,0.5096423243885203,0.6473166666666667,0.89634,0.6153
cifar,0.45,trainUval,vgg,200,a7,,,60000,10,,,,,,,,0.2535951235491723,0.36235,0.87902,0.5818
cifar,0.5,val,vgg,200,a3,,,10000,10,,,,,,,,0.4864918204515839,0.6796,0.86394,0.5262
cifar,0.6,val,vgg,200,a6,,,10000,10,,,,,,,,0.1986211441714569,0.2506,0.8331,0.4654
cifar,0.8,train,vgg,200,a2,,,50000,10,,,,,,,,0.2851787485798239,0.46168,0.81076,0.2388
cifar,0.9,train,vgg,200,a5,,,50000,10,,,,,,,,0.304524025570531,0.4543,0.68164,0.1617
cifar,1.0,trainUval,vgg,200,a1,,,60000,10,,,,,,,,0.147482921789628,0.2253166666666666,,
cifar,0.0,trainUval,densenet,200,a4,,,60000,10,,,,,,,,0.691863417573288,0.8623166666666666,,
cifar,0.05,trainUval,densenet,200,a4,,,60000,10,,,,,,,,0.665374908597103,0.84175,0.99688,0.8074
cifar,0.1,trainUval,densenet,200,a4,,,60000,10,,,,,,,,0.6316518717219393,0.8185166666666667,0.9955,0.7726
cifar,0.15,trainUval,densenet,200,a4,,,60000,10,,,,,,,,0.6213910330782603,0.8112833333333334,0.99446,0.7457
cifar,0.2,trainUval,densenet,200,a4,,,60000,10,,,,,,,,0.5944702730494414,0.7896166666666666,0.9943,0.7188
cifar,0.25,trainUval,densenet,200,a4,,,60000,10,,,,,,,,0.5753681231351353,0.7745,0.99266,0.6933
cifar,0.3,trainUval,densenet,200,a4,,,60000,10,,,,,,,,0.5640602063312546,0.7622166666666667,0.99006,0.6528
cifar,0.35,trainUval,densenet,200,a4,,,60000,10,,,,,,,,0.5417567531070986,0.7443666666666666,0.99074,0.6086
cifar,0.4,trainUval,densenet,200,a4,,,60000,10,,,,,,,,0.5349466266060354,0.73505,0.98562,0.5638
cifar,0.45,trainUval,densenet,200,a4,,,60000,10,,,,,,,,0.5132526326596657,0.7182,0.98492,0.5336
cifar,0.5,trainUval,densenet,200,a4,,,60000,10,,,,,,,,0.5004918814425907,0.7074166666666667,0.98472,0.5092
cifar,0.6,trainUval,densenet,200,a4,,,60000,10,,,,,,,,0.466393930421829,0.67255,0.98172,0.4162
cifar,0.7,trainUval,densenet,200,a4,,,60000,10,,,,,,,,0.4296344278755092,0.6325,0.97752,0.3136
cifar,0.8,trainUval,densenet,200,a4,,,60000,10,,,,,,,,0.3931462557353535,0.5929166666666666,0.9608,0.2218
cifar,0.9,trainUval,densenet,200,a4,,,60000,10,,,,,,,,0.3537604165666396,0.5480333333333334,0.94792,0.1563
cifar,1.0,trainUval,densenet,200,a4,,,60000,10,,,,,,,,0.3368347408934742,0.5245333333333333,,
cifar,0.0,val,resnet,200,a2,,,10000,10,,,,,,,,0.6527329243996426,0.8139,,
cifar,0.1,trainUval,resnet,200,a1,,,60000,10,,,,,,,,0.8347705736033,0.9241333333333334,0.99212,0.7727
cifar,0.15,val,resnet,200,a5,,,10000,10,,,,,,,,0.329153368362689,0.5248,0.98758,0.7389
cifar,0.25,trainUval,resnet,200,a4,,,60000,10,,,,,,,,0.5145041017753221,0.7266333333333334,0.98284,0.6752
cifar,0.35,train,resnet,200,a3,,,50000,10,,,,,,,,0.5391251811641447,0.746,0.9776,0.5994
cifar,0.4,val,resnet,200,a2,,,10000,10,,,,,,,,0.4755998148565566,0.7003,0.97728,0.5608
cifar,0.5,trainUval,resnet,200,a1,,,60000,10,,,,,,,,0.6031261155290707,0.7573833333333333,0.97576,0.4941
cifar,0.6,val,resnet,200,a5,,,10000,10,,,,,,,,0.3127410616368233,0.5055,0.97206,0.4108
cifar,0.8,trainUval,resnet,200,a4,,,60000,10,,,,,,,,0.3933319185044224,0.5994166666666667,0.94646,0.2278
cifar,1.0,train,resnet,200,a3,,,50000,10,,,,,,,,0.3384677335816435,0.532,,
cifar,0.0,trainUval,vgg,200,a5,,,60000,10,,,,,,,,0.3979262448201894,0.4809333333333333,,
cifar,0.05,val,vgg,200,a1,,,10000,10,,,,,,,,0.8009568788944229,0.8679,0.98852,0.8644
cifar,0.1,val,vgg,200,a4,,,10000,10,,,,,,,,0.4487388043547867,0.5849,0.98082,0.8442
cifar,0.15,val,vgg,200,a7,,,10000,10,,,,,,,,0.2129642712258306,0.3092,0.96344,0.8114
cifar,0.25,train,vgg,200,a3,,,50000,10,,,,,,,,0.7850726322147785,0.89058,0.94366,0.7326
cifar,0.3,train,vgg,200,a6,,,50000,10,,,,,,,,0.2483644724980603,0.2976,0.92966,0.7058
cifar,0.35,trainUval,vgg,200,a2,,,60000,10,,,,,,,,0.706657324001373,0.8164166666666667,0.90418,0.6512
cifar,0.4,trainUval,vgg,200,a5,,,60000,10,,,,,,,,0.3739294008588551,0.4786666666666667,0.89634,0.6153
cifar,0.45,val,vgg,200,a1,,,10000,10,,,,,,,,0.4569311794183616,0.6288,0.87902,0.5818
cifar,0.5,val,vgg,200,a4,,,10000,10,,,,,,,,0.3510774307491731,0.4601,0.86394,0.5262
cifar,0.6,val,vgg,200,a7,,,10000,10,,,,,,,,0.2129642712258306,0.3092,0.8331,0.4654
cifar,0.8,train,vgg,200,a3,,,50000,10,,,,,,,,0.3955037107610974,0.59176,0.81076,0.2388
cifar,0.9,train,vgg,200,a6,,,50000,10,,,,,,,,0.2746752688094563,0.389,0.68164,0.1617
cifar,1.0,trainUval,vgg,200,a2,,,60000,10,,,,,,,,0.1960359466008041,0.3207833333333333,,
cifar,0.0,trainUval,densenet,200,a5,,,60000,10,,,,,,,,0.6422803873104047,0.8339333333333333,,
cifar,0.05,trainUval,densenet,200,a5,,,60000,10,,,,,,,,0.6223017563038754,0.81805,0.99688,0.8074
cifar,0.1,trainUval,densenet,200,a5,,,60000,10,,,,,,,,0.6028004166635259,0.8032166666666667,0.9955,0.7726
cifar,0.15,trainUval,densenet,200,a5,,,60000,10,,,,,,,,0.5942004817991067,0.7983833333333333,0.99446,0.7457
cifar,0.2,trainUval,densenet,200,a5,,,60000,10,,,,,,,,0.5741355935200215,0.7796666666666666,0.9943,0.7188
cifar,0.25,trainUval,densenet,200,a5,,,60000,10,,,,,,,,0.5592988566620111,0.7700666666666667,0.99266,0.6933
cifar,0.3,trainUval,densenet,200,a5,,,60000,10,,,,,,,,0.5510555260052776,0.7593,0.99006,0.6528
cifar,0.35,trainUval,densenet,200,a5,,,60000,10,,,,,,,,0.5275948409307143,0.7415833333333334,0.99074,0.6086
cifar,0.4,trainUval,densenet,200,a5,,,60000,10,,,,,,,,0.5237101356126366,0.7372166666666666,0.98562,0.5638
cifar,0.45,trainUval,densenet,200,a5,,,60000,10,,,,,,,,0.5074867228140961,0.7218833333333333,0.98492,0.5336
cifar,0.5,trainUval,densenet,200,a5,,,60000,10,,,,,,,,0.4910952907082332,0.7091833333333334,0.98472,0.5092
cifar,0.6,trainUval,densenet,200,a5,,,60000,10,,,,,,,,0.466847614875467,0.683,0.98172,0.4162
cifar,0.7,trainUval,densenet,200,a5,,,60000,10,,,,,,,,0.4331009054143073,0.6466,0.97752,0.3136
cifar,0.8,trainUval,densenet,200,a5,,,60000,10,,,,,,,,0.3992824529383794,0.60885,0.9608,0.2218
cifar,0.9,trainUval,densenet,200,a5,,,60000,10,,,,,,,,0.3646450739951328,0.56485,0.94792,0.1563
cifar,1.0,trainUval,densenet,200,a5,,,60000,10,,,,,,,,0.3494470202120885,0.5450666666666667,,
cifar,0.0,val,resnet,200,a3,,,10000,10,,,,,,,,0.5719046225135643,0.7771,,
cifar,0.1,trainUval,resnet,200,a2,,,60000,10,,,,,,,,0.7175658864522142,0.8726,0.99212,0.7727
cifar,0.2,train,resnet,200,a1,,,50000,10,,,,,,,,0.8102179846738905,0.90948,0.98526,0.7109
cifar,0.25,trainUval,resnet,200,a5,,,60000,10,,,,,,,,0.4067429391260839,0.61,0.98284,0.6752
cifar,0.35,train,resnet,200,a4,,,50000,10,,,,,,,,0.4929170158333495,0.7112,0.9776,0.5994
cifar,0.4,val,resnet,200,a3,,,10000,10,,,,,,,,0.4505566445652761,0.6816,0.97728,0.5608
cifar,0.5,trainUval,resnet,200,a2,,,60000,10,,,,,,,,0.531075642258976,0.7351,0.97576,0.4941
cifar,0.7,train,resnet,200,a1,,,50000,10,,,,,,,,0.4549220466250433,0.6379,0.95682,0.3214
cifar,0.8,trainUval,resnet,200,a5,,,60000,10,,,,,,,,0.3519540783681916,0.5466666666666666,0.94646,0.2278
cifar,1.0,train,resnet,200,a4,,,50000,10,,,,,,,,0.341738302313076,0.5385,,
cifar,0.0,trainUval,vgg,200,a6,,,60000,10,,,,,,,,0.2718489404668653,0.3316,,
cifar,0.05,val,vgg,200,a2,,,10000,10,,,,,,,,0.8077242952662262,0.873,0.98852,0.8644
cifar,0.1,val,vgg,200,a5,,,10000,10,,,,,,,,0.283224581677519,0.3677,0.98082,0.8442
cifar,0.2,train,vgg,200,a1,,,50000,10,,,,,,,,0.7830646838604216,0.86348,0.9542,0.79
cifar,0.25,train,vgg,200,a4,,,50000,10,,,,,,,,0.5393440696588208,0.67012,0.94366,0.7326
cifar,0.3,train,vgg,200,a7,,,50000,10,,,,,,,,0.2490614146275657,0.35652,0.92966,0.7058
cifar,0.35,trainUval,vgg,200,a3,,,60000,10,,,,,,,,0.6940892359074705,0.84,0.90418,0.6512
cifar,0.4,trainUval,vgg,200,a6,,,60000,10,,,,,,,,0.2492736396900894,0.29945,0.89634,0.6153
cifar,0.45,val,vgg,200,a2,,,10000,10,,,,,,,,0.5248688074817648,0.6995,0.87902,0.5818
cifar,0.5,val,vgg,200,a5,,,10000,10,,,,,,,,0.2844491994716221,0.3715,0.86394,0.5262
cifar,0.7,train,vgg,200,a1,,,50000,10,,,,,,,,0.2978899944075236,0.47952,0.82944,0.3394
cifar,0.8,train,vgg,200,a4,,,50000,10,,,,,,,,0.3906261569147887,0.58682,0.81076,0.2388
cifar,0.9,train,vgg,200,a7,,,50000,10,,,,,,,,0.2490614146275657,0.35652,0.68164,0.1617
cifar,1.0,trainUval,vgg,200,a3,,,60000,10,,,,,,,,0.2635566714747251,0.4218333333333333,,
cifar,0.0,trainUval,densenet,200,a6,,,60000,10,,,,,,,,0.5718341677961631,0.7808833333333334,,
cifar,0.05,trainUval,densenet,200,a6,,,60000,10,,,,,,,,0.553764454395627,0.7687333333333334,0.99688,0.8074
cifar,0.1,trainUval,densenet,200,a6,,,60000,10,,,,,,,,0.5369361220269583,0.7542166666666666,0.9955,0.7726
cifar,0.15,trainUval,densenet,200,a6,,,60000,10,,,,,,,,0.5339819043428722,0.7507666666666667,0.99446,0.7457
cifar,0.2,trainUval,densenet,200,a6,,,60000,10,,,,,,,,0.5195128643245206,0.7401,0.9943,0.7188
cifar,0.25,trainUval,densenet,200,a6,,,60000,10,,,,,,,,0.5138686478480581,0.7346666666666667,0.99266,0.6933
cifar,0.3,trainUval,densenet,200,a6,,,60000,10,,,,,,,,0.5086649796295047,0.7261666666666666,0.99006,0.6528
cifar,0.35,trainUval,densenet,200,a6,,,60000,10,,,,,,,,0.492584686325454,0.7137666666666667,0.99074,0.6086
cifar,0.4,trainUval,densenet,200,a6,,,60000,10,,,,,,,,0.4880418964187824,0.7079,0.98562,0.5638
cifar,0.45,trainUval,densenet,200,a6,,,60000,10,,,,,,,,0.4751657343996825,0.6946333333333333,0.98492,0.5336
cifar,0.5,trainUval,densenet,200,a6,,,60000,10,,,,,,,,0.4676652405544879,0.6873333333333334,0.98472,0.5092
cifar,0.6,trainUval,densenet,200,a6,,,60000,10,,,,,,,,0.4504640313255794,0.66865,0.98172,0.4162
cifar,0.7,trainUval,densenet,200,a6,,,60000,10,,,,,,,,0.425344753613555,0.6399333333333334,0.97752,0.3136
cifar,0.8,trainUval,densenet,200,a6,,,60000,10,,,,,,,,0.3985619386906383,0.60855,0.9608,0.2218
cifar,0.9,trainUval,densenet,200,a6,,,60000,10,,,,,,,,0.3673385334453369,0.57135,0.94792,0.1563
cifar,1.0,trainUval,densenet,200,a6,,,60000,10,,,,,,,,0.3568996196202215,0.5541666666666667,,
cifar,0.0,val,resnet,200,a4,,,10000,10,,,,,,,,0.4432445540610329,0.6649,,
cifar,0.1,trainUval,resnet,200,a3,,,60000,10,,,,,,,,0.6310675521287191,0.8190166666666666,0.99212,0.7727
cifar,0.2,train,resnet,200,a2,,,50000,10,,,,,,,,0.6642039077850765,0.84704,0.98526,0.7109
cifar,0.25,val,resnet,200,a1,,,10000,10,,,,,,,,0.6007206394498198,0.7553,0.98284,0.6752
cifar,0.35,train,resnet,200,a5,,,50000,10,,,,,,,,0.389980359498951,0.5933,0.9776,0.5994
cifar,0.4,val,resnet,200,a4,,,10000,10,,,,,,,,0.4013603330873269,0.6209,0.97728,0.5608
cifar,0.5,trainUval,resnet,200,a3,,,60000,10,,,,,,,,0.5050749185209891,0.7134833333333334,0.97576,0.4941
cifar,0.7,train,resnet,200,a2,,,50000,10,,,,,,,,0.437069555695905,0.64498,0.95682,0.3214
cifar,0.8,val,resnet,200,a1,,,10000,10,,,,,,,,0.2965123196923298,0.4894,0.94646,0.2278
cifar,1.0,train,resnet,200,a5,,,50000,10,,,,,,,,0.319580123209391,0.50628,,
cifar,0.0,trainUval,vgg,200,a7,,,60000,10,,,,,,,,0.2535951235491723,0.36235,,
cifar,0.05,val,vgg,200,a3,,,10000,10,,,,,,,,0.7621621008999863,0.8638,0.98852,0.8644
cifar,0.1,val,vgg,200,a6,,,10000,10,,,,,,,,0.206252264821849,0.2552,0.98082,0.8442
cifar,0.2,train,vgg,200,a2,,,50000,10,,,,,,,,0.8371849578985624,0.9021,0.9542,0.79
cifar,0.25,train,vgg,200,a5,,,50000,10,,,,,,,,0.366686825464635,0.45316,0.94366,0.7326
cifar,0.3,trainUval,vgg,200,a1,,,60000,10,,,,,,,,0.6757730267381994,0.79135,0.92966,0.7058
cifar,0.35,trainUval,vgg,200,a4,,,60000,10,,,,,,,,0.517812022663079,0.6740666666666667,0.90418,0.6512
cifar,0.4,trainUval,vgg,200,a7,,,60000,10,,,,,,,,0.2535951235491723,0.36235,0.89634,0.6153
cifar,0.45,val,vgg,200,a3,,,10000,10,,,,,,,,0.5094003767044323,0.7074,0.87902,0.5818
cifar,0.5,val,vgg,200,a6,,,10000,10,,,,,,,,0.202008107046269,0.2564,0.86394,0.5262
cifar,0.7,train,vgg,200,a2,,,50000,10,,,,,,,,0.3948880924762739,0.582,0.82944,0.3394
cifar,0.8,train,vgg,200,a5,,,50000,10,,,,,,,,0.3472483103065498,0.49964,0.81076,0.2388
cifar,0.9,trainUval,vgg,200,a1,,,60000,10,,,,,,,,0.1357952655236643,0.2072166666666666,0.68164,0.1617
cifar,1.0,trainUval,vgg,200,a4,,,60000,10,,,,,,,,0.285220753512142,0.4528333333333333,,
cifar,0.0,trainUval,densenet,200,a7,,,60000,10,,,,,,,,0.527560160598313,0.7356,,
cifar,0.05,trainUval,densenet,200,a7,,,60000,10,,,,,,,,0.524943383171411,0.7409,0.99688,0.8074
cifar,0.1,trainUval,densenet,200,a7,,,60000,10,,,,,,,,0.5053200517414886,0.7239333333333333,0.9955,0.7726
cifar,0.15,trainUval,densenet,200,a7,,,60000,10,,,,,,,,0.514112352887159,0.7329333333333333,0.99446,0.7457
cifar,0.2,trainUval,densenet,200,a7,,,60000,10,,,,,,,,0.4963773753630395,0.7154333333333334,0.9943,0.7188
cifar,0.25,trainUval,densenet,200,a7,,,60000,10,,,,,,,,0.4971834574171861,0.7192666666666667,0.99266,0.6933
cifar,0.3,trainUval,densenet,200,a7,,,60000,10,,,,,,,,0.4860671739066219,0.7087833333333333,0.99006,0.6528
cifar,0.35,trainUval,densenet,200,a7,,,60000,10,,,,,,,,0.4817520045266437,0.70485,0.99074,0.6086
cifar,0.4,trainUval,densenet,200,a7,,,60000,10,,,,,,,,0.4745746619663885,0.6978,0.98562,0.5638
cifar,0.45,trainUval,densenet,200,a7,,,60000,10,,,,,,,,0.4655190313471103,0.6887833333333333,0.98492,0.5336
cifar,0.5,trainUval,densenet,200,a7,,,60000,10,,,,,,,,0.4606745210636803,0.6811166666666667,0.98472,0.5092
cifar,0.6,trainUval,densenet,200,a7,,,60000,10,,,,,,,,0.4393976065519335,0.66115,0.98172,0.4162
cifar,0.7,trainUval,densenet,200,a7,,,60000,10,,,,,,,,0.4108243587198498,0.6292166666666666,0.97752,0.3136
cifar,0.8,trainUval,densenet,200,a7,,,60000,10,,,,,,,,0.3837516833701521,0.6000333333333333,0.9608,0.2218
cifar,0.9,trainUval,densenet,200,a7,,,60000,10,,,,,,,,0.3575437989989315,0.5666,0.94792,0.1563
cifar,1.0,trainUval,densenet,200,a7,,,60000,10,,,,,,,,0.3456924539180654,0.5453833333333333,,
cifar,0.0,val,resnet,200,a5,,,10000,10,,,,,,,,0.3342928244410872,0.5278,,
cifar,0.1,trainUval,resnet,200,a4,,,60000,10,,,,,,,,0.5345250555928546,0.7460333333333333,0.99212,0.7727
cifar,0.2,train,resnet,200,a3,,,50000,10,,,,,,,,0.5881925401364549,0.7899,0.98526,0.7109
cifar,0.25,val,resnet,200,a2,,,10000,10,,,,,,,,0.5298469353192442,0.7473,0.98284,0.6752
cifar,0.35,trainUval,resnet,200,a1,,,60000,10,,,,,,,,0.6910954934828198,0.8245666666666667,0.9776,0.5994
cifar,0.4,val,resnet,200,a5,,,10000,10,,,,,,,,0.3208038185740974,0.5144,0.97728,0.5608
cifar,0.5,trainUval,resnet,200,a4,,,60000,10,,,,,,,,0.4787493392568892,0.6916333333333333,0.97576,0.4941
cifar,0.7,train,resnet,200,a3,,,50000,10,,,,,,,,0.4335270651881648,0.6383,0.95682,0.3214
cifar,0.8,val,resnet,200,a2,,,10000,10,,,,,,,,0.3239217931931601,0.5188,0.94646,0.2278
cifar,1.0,trainUval,resnet,200,a1,,,60000,10,,,,,,,,0.25283734927035,0.4346166666666666,,
cifar,0.0,val,vgg,200,a1,,,10000,10,,,,,,,,0.8496968907001252,0.8975,,
cifar,0.05,val,vgg,200,a4,,,10000,10,,,,,,,,0.5110149638946534,0.6938,0.98852,0.8644
cifar,0.1,val,vgg,200,a7,,,10000,10,,,,,,,,0.2129642712258306,0.3092,0.98082,0.8442
cifar,0.2,train,vgg,200,a3,,,50000,10,,,,,,,,0.8047088042992675,0.90766,0.9542,0.79
cifar,0.25,train,vgg,200,a6,,,50000,10,,,,,,,,0.2502047788654021,0.30118,0.94366,0.7326
cifar,0.3,trainUval,vgg,200,a2,,,60000,10,,,,,,,,0.748965580017009,0.8450666666666666,0.92966,0.7058
cifar,0.35,trainUval,vgg,200,a5,,,60000,10,,,,,,,,0.3702998305627826,0.4589166666666666,0.90418,0.6512
cifar,0.4,val,vgg,200,a1,,,10000,10,,,,,,,,0.4967705326080975,0.662,0.89634,0.6153
cifar,0.45,val,vgg,200,a4,,,10000,10,,,,,,,,0.3577086513972096,0.4679,0.87902,0.5818
cifar,0.5,val,vgg,200,a7,,,10000,10,,,,,,,,0.2129642712258306,0.3092,0.86394,0.5262
cifar,0.7,train,vgg,200,a3,,,50000,10,,,,,,,,0.4765915940780328,0.67004,0.82944,0.3394
cifar,0.8,train,vgg,200,a6,,,50000,10,,,,,,,,0.2488545468323747,0.32556,0.81076,0.2388
cifar,0.9,trainUval,vgg,200,a2,,,60000,10,,,,,,,,0.1839579016636866,0.3025,0.68164,0.1617
cifar,1.0,trainUval,vgg,200,a5,,,60000,10,,,,,,,,0.3029633723591953,0.4775333333333333,,
cifar,0.0,trainUval,densenet,200,a8,,,60000,10,,,,,,,,0.4162132613210676,0.618,,
cifar,0.05,trainUval,densenet,200,a8,,,60000,10,,,,,,,,0.4180840081214724,0.6203166666666666,0.99688,0.8074
cifar,0.1,trainUval,densenet,200,a8,,,60000,10,,,,,,,,0.4114577620431169,0.61415,0.9955,0.7726
cifar,0.15,trainUval,densenet,200,a8,,,60000,10,,,,,,,,0.4180718237489242,0.6226,0.99446,0.7457
cifar,0.2,trainUval,densenet,200,a8,,,60000,10,,,,,,,,0.4142670669050237,0.6177666666666667,0.9943,0.7188
cifar,0.25,trainUval,densenet,200,a8,,,60000,10,,,,,,,,0.411794182353753,0.6143,0.99266,0.6933
cifar,0.3,trainUval,densenet,200,a8,,,60000,10,,,,,,,,0.4125691752186209,0.6155833333333334,0.99006,0.6528
cifar,0.35,trainUval,densenet,200,a8,,,60000,10,,,,,,,,0.4112219359636947,0.6159333333333333,0.99074,0.6086
cifar,0.4,trainUval,densenet,200,a8,,,60000,10,,,,,,,,0.4085344888193758,0.6112,0.98562,0.5638
cifar,0.45,trainUval,densenet,200,a8,,,60000,10,,,,,,,,0.4032250266043783,0.6054,0.98492,0.5336
cifar,0.5,trainUval,densenet,200,a8,,,60000,10,,,,,,,,0.4045506871995156,0.6080666666666666,0.98472,0.5092
cifar,0.6,trainUval,densenet,200,a8,,,60000,10,,,,,,,,0.3999267096453028,0.6031666666666666,0.98172,0.4162
cifar,0.7,trainUval,densenet,200,a8,,,60000,10,,,,,,,,0.3844383794718828,0.5864166666666667,0.97752,0.3136
cifar,0.8,trainUval,densenet,200,a8,,,60000,10,,,,,,,,0.3734909570936815,0.57155,0.9608,0.2218
cifar,0.9,trainUval,densenet,200,a8,,,60000,10,,,,,,,,0.3508781211638234,0.5462166666666667,0.94792,0.1563
cifar,1.0,trainUval,densenet,200,a8,,,60000,10,,,,,,,,0.3471020631176197,0.5411833333333333,,
cifar,0.05,train,resnet,200,a1,,,50000,10,,,,,,,,0.8962121772114534,0.96614,0.99416,0.8047
cifar,0.1,trainUval,resnet,200,a5,,,60000,10,,,,,,,,0.4137985966249905,0.6175833333333334,0.99212,0.7727
cifar,0.2,train,resnet,200,a4,,,50000,10,,,,,,,,0.5125459957594902,0.7291,0.98526,0.7109
cifar,0.25,val,resnet,200,a3,,,10000,10,,,,,,,,0.4930227544467487,0.7188,0.98284,0.6752
cifar,0.35,trainUval,resnet,200,a2,,,60000,10,,,,,,,,0.5845451311510678,0.7826333333333333,0.9776,0.5994
cifar,0.45,train,resnet,200,a1,,,50000,10,,,,,,,,0.6492696301065446,0.7939,0.97488,0.5223
cifar,0.5,trainUval,resnet,200,a5,,,60000,10,,,,,,,,0.3926372146754194,0.5951833333333333,0.97576,0.4941
cifar,0.7,train,resnet,200,a4,,,50000,10,,,,,,,,0.4228264112720776,0.63732,0.95682,0.3214
cifar,0.8,val,resnet,200,a3,,,10000,10,,,,,,,,0.3302662350190694,0.5284,0.94646,0.2278
cifar,1.0,trainUval,resnet,200,a2,,,60000,10,,,,,,,,0.3327622230030891,0.5244,,
cifar,0.0,val,vgg,200,a2,,,10000,10,,,,,,,,0.8500677169355123,0.8963,,
cifar,0.05,val,vgg,200,a5,,,10000,10,,,,,,,,0.288006924043452,0.3646,0.98852,0.8644
cifar,0.15,train,vgg,200,a1,,,50000,10,,,,,,,,0.8234219862230102,0.88876,0.96344,0.8114
cifar,0.2,train,vgg,200,a4,,,50000,10,,,,,,,,0.5511225946808166,0.69626,0.9542,0.79
cifar,0.25,train,vgg,200,a7,,,50000,10,,,,,,,,0.2490614146275657,0.35652,0.94366,0.7326
cifar,0.3,trainUval,vgg,200,a3,,,60000,10,,,,,,,,0.7438864747507765,0.8646333333333334,0.92966,0.7058
cifar,0.35,trainUval,vgg,200,a6,,,60000,10,,,,,,,,0.2474517137229344,0.2931666666666667,0.90418,0.6512
cifar,0.4,val,vgg,200,a2,,,10000,10,,,,,,,,0.5606686905133537,0.7221,0.89634,0.6153
cifar,0.45,val,vgg,200,a5,,,10000,10,,,,,,,,0.2726926951385842,0.3433,0.87902,0.5818
cifar,0.6,train,vgg,200,a1,,,50000,10,,,,,,,,0.4140116412932217,0.5931,0.8331,0.4654
cifar,0.7,train,vgg,200,a4,,,50000,10,,,,,,,,0.4337960707798604,0.60858,0.82944,0.3394
cifar,0.8,train,vgg,200,a7,,,50000,10,,,,,,,,0.2490614146275657,0.35652,0.81076,0.2388
cifar,0.9,trainUval,vgg,200,a3,,,60000,10,,,,,,,,0.2927584087588473,0.45665,0.68164,0.1617
cifar,1.0,trainUval,vgg,200,a6,,,60000,10,,,,,,,,0.2919008500870896,0.4448666666666667,,
cifar,0.0,val,densenet,200,a1,,,10000,10,,,,,,,,0.6565852043664652,0.8112,,
cifar,0.05,val,densenet,200,a1,,,10000,10,,,,,,,,0.6406378171346127,0.8021,0.99688,0.8074
cifar,0.1,val,densenet,200,a1,,,10000,10,,,,,,,,0.6081784990972661,0.7797,0.9955,0.7726
cifar,0.15,val,densenet,200,a1,,,10000,10,,,,,,,,0.5961018640772889,0.7757,0.99446,0.7457
cifar,0.2,val,densenet,200,a1,,,10000,10,,,,,,,,0.5654886198546266,0.7493,0.9943,0.7188
cifar,0.25,val,densenet,200,a1,,,10000,10,,,,,,,,0.5516704334382195,0.7331,0.99266,0.6933
cifar,0.3,val,densenet,200,a1,,,10000,10,,,,,,,,0.5410254947380708,0.7277,0.99006,0.6528
cifar,0.35,val,densenet,200,a1,,,10000,10,,,,,,,,0.5166246345609242,0.7064,0.99074,0.6086
cifar,0.4,val,densenet,200,a1,,,10000,10,,,,,,,,0.5113867251971072,0.7018,0.98562,0.5638
cifar,0.45,val,densenet,200,a1,,,10000,10,,,,,,,,0.4859381264008567,0.6855,0.98492,0.5336
cifar,0.5,val,densenet,200,a1,,,10000,10,,,,,,,,0.4685189892459879,0.6679,0.98472,0.5092
cifar,0.6,val,densenet,200,a1,,,10000,10,,,,,,,,0.4281154303592577,0.6292,0.98172,0.4162
cifar,0.7,val,densenet,200,a1,,,10000,10,,,,,,,,0.3796252073474795,0.5735,0.97752,0.3136
cifar,0.8,val,densenet,200,a1,,,10000,10,,,,,,,,0.3273394224764175,0.5204,0.9608,0.2218
cifar,0.9,val,densenet,200,a1,,,10000,10,,,,,,,,0.2793295232538512,0.4529,0.94792,0.1563
cifar,1.0,val,densenet,200,a1,,,10000,10,,,,,,,,0.2582365487134694,0.4275,,
cifar,0.05,train,resnet,200,a2,,,50000,10,,,,,,,,0.756751422087778,0.90352,0.99416,0.8047
cifar,0.1,val,resnet,200,a1,,,10000,10,,,,,,,,0.658121811307268,0.7984,0.99212,0.7727
cifar,0.2,train,resnet,200,a5,,,50000,10,,,,,,,,0.3991189174980559,0.60254,0.98526,0.7109
cifar,0.25,val,resnet,200,a4,,,10000,10,,,,,,,,0.4194388090744189,0.6447,0.98284,0.6752
cifar,0.35,trainUval,resnet,200,a3,,,60000,10,,,,,,,,0.5435559680680292,0.7477333333333334,0.9776,0.5994
cifar,0.45,train,resnet,200,a2,,,50000,10,,,,,,,,0.5488197548801005,0.75312,0.97488,0.5223
cifar,0.5,val,resnet,200,a1,,,10000,10,,,,,,,,0.4910888308126074,0.6679,0.97576,0.4941
cifar,0.7,train,resnet,200,a5,,,50000,10,,,,,,,,0.3648638354222218,0.56524,0.95682,0.3214
cifar,0.8,val,resnet,200,a4,,,10000,10,,,,,,,,0.3270281699037404,0.5271,0.94646,0.2278
cifar,1.0,trainUval,resnet,200,a3,,,60000,10,,,,,,,,0.3440748402715859,0.5385666666666666,,
cifar,0.0,val,vgg,200,a3,,,10000,10,,,,,,,,0.8275796492633745,0.891,,
cifar,0.05,val,vgg,200,a6,,,10000,10,,,,,,,,0.2082061951780808,0.2624,0.98852,0.8644
cifar,0.15,train,vgg,200,a2,,,50000,10,,,,,,,,0.8694097523502038,0.9216,0.96344,0.8114
cifar,0.2,train,vgg,200,a5,,,50000,10,,,,,,,,0.3635762798679487,0.44416,0.9542,0.79
cifar,0.25,trainUval,vgg,200,a1,,,60000,10,,,,,,,,0.7181821340074108,0.82115,0.94366,0.7326
cifar,0.3,trainUval,vgg,200,a4,,,60000,10,,,,,,,,0.5480005917554903,0.70115,0.92966,0.7058
cifar,0.35,trainUval,vgg,200,a7,,,60000,10,,,,,,,,0.2535951235491723,0.36235,0.90418,0.6512
cifar,0.4,val,vgg,200,a3,,,10000,10,,,,,,,,0.5276455194489962,0.7314,0.89634,0.6153
cifar,0.45,val,vgg,200,a6,,,10000,10,,,,,,,,0.2019043683294012,0.2483,0.87902,0.5818
cifar,0.6,train,vgg,200,a2,,,50000,10,,,,,,,,0.5065955033382173,0.67534,0.8331,0.4654
cifar,0.7,train,vgg,200,a5,,,50000,10,,,,,,,,0.3584383220751458,0.48556,0.82944,0.3394
cifar,0.8,trainUval,vgg,200,a1,,,60000,10,,,,,,,,0.210919418494189,0.3596833333333333,0.81076,0.2388
cifar,0.9,trainUval,vgg,200,a4,,,60000,10,,,,,,,,0.3154300079077564,0.4876,0.68164,0.1617
cifar,1.0,trainUval,vgg,200,a7,,,60000,10,,,,,,,,0.2535951235491723,0.36235,,
cifar,0.0,val,densenet,200,a2,,,10000,10,,,,,,,,0.6496033201785142,0.8066,,
cifar,0.05,val,densenet,200,a2,,,10000,10,,,,,,,,0.6279371091150233,0.7951,0.99688,0.8074
cifar,0.1,val,densenet,200,a2,,,10000,10,,,,,,,,0.5924759442466431,0.7704,0.9955,0.7726
cifar,0.15,val,densenet,200,a2,,,10000,10,,,,,,,,0.5792863626962887,0.7652,0.99446,0.7457
cifar,0.2,val,densenet,200,a2,,,10000,10,,,,,,,,0.5484783792923779,0.7393,0.9943,0.7188
cifar,0.25,val,densenet,200,a2,,,10000,10,,,,,,,,0.5310063457216238,0.7262,0.99266,0.6933
cifar,0.3,val,densenet,200,a2,,,10000,10,,,,,,,,0.5212500253930084,0.7182,0.99006,0.6528
cifar,0.35,val,densenet,200,a2,,,10000,10,,,,,,,,0.4966066439972224,0.6996,0.99074,0.6086
cifar,0.4,val,densenet,200,a2,,,10000,10,,,,,,,,0.4923304569870796,0.6973,0.98562,0.5638
cifar,0.45,val,densenet,200,a2,,,10000,10,,,,,,,,0.46359151516265,0.6719,0.98492,0.5336
cifar,0.5,val,densenet,200,a2,,,10000,10,,,,,,,,0.4511995174982193,0.6592,0.98472,0.5092
cifar,0.6,val,densenet,200,a2,,,10000,10,,,,,,,,0.4155902288084144,0.6241,0.98172,0.4162
cifar,0.7,val,densenet,200,a2,,,10000,10,,,,,,,,0.3772896983468073,0.574,0.97752,0.3136
cifar,0.8,val,densenet,200,a2,,,10000,10,,,,,,,,0.3319251112288969,0.521,0.9608,0.2218
cifar,0.9,val,densenet,200,a2,,,10000,10,,,,,,,,0.2909523333165797,0.4672,0.94792,0.1563
cifar,1.0,val,densenet,200,a2,,,10000,10,,,,,,,,0.2709607229004837,0.4427,,
cifar,0.05,train,resnet,200,a3,,,50000,10,,,,,,,,0.6469084324403457,0.82938,0.99416,0.8047
cifar,0.1,val,resnet,200,a2,,,10000,10,,,,,,,,0.6018347952129899,0.7849,0.99212,0.7727
cifar,0.2,trainUval,resnet,200,a1,,,60000,10,,,,,,,,0.7809444589889805,0.8876833333333334,0.98526,0.7109
cifar,0.25,val,resnet,200,a5,,,10000,10,,,,,,,,0.3279256657088805,0.527,0.98284,0.6752
cifar,0.35,trainUval,resnet,200,a4,,,60000,10,,,,,,,,0.5008892266444867,0.7180166666666666,0.9776,0.5994
cifar,0.45,train,resnet,200,a3,,,50000,10,,,,,,,,0.512205213341946,0.7217,0.97488,0.5223
cifar,0.5,val,resnet,200,a2,,,10000,10,,,,,,,,0.4432376412098603,0.6661,0.97576,0.4941
cifar,0.7,trainUval,resnet,200,a1,,,60000,10,,,,,,,,0.4532315945881585,0.6351166666666667,0.95682,0.3214
cifar,0.8,val,resnet,200,a5,,,10000,10,,,,,,,,0.2879360412843962,0.4633,0.94646,0.2278
cifar,1.0,trainUval,resnet,200,a4,,,60000,10,,,,,,,,0.3485565082661543,0.5474833333333333,,
cifar,0.0,val,vgg,200,a4,,,10000,10,,,,,,,,0.5876004221764274,0.7245,,
cifar,0.05,val,vgg,200,a7,,,10000,10,,,,,,,,0.2129642712258306,0.3092,0.98852,0.8644
cifar,0.15,train,vgg,200,a3,,,50000,10,,,,,,,,0.8458063369039114,0.92674,0.96344,0.8114
cifar,0.2,train,vgg,200,a6,,,50000,10,,,,,,,,0.2470932162710348,0.29638,0.9542,0.79
cifar,0.25,trainUval,vgg,200,a2,,,60000,10,,,,,,,,0.7824309048752618,0.8666166666666667,0.94366,0.7326
cifar,0.3,trainUval,vgg,200,a5,,,60000,10,,,,,,,,0.3721266405661016,0.4620166666666667,0.92966,0.7058
cifar,0.35,val,vgg,200,a1,,,10000,10,,,,,,,,0.5457262799614644,0.6962,0.90418,0.6512
cifar,0.4,val,vgg,200,a4,,,10000,10,,,,,,,,0.386605147441168,0.5367,0.89634,0.6153
cifar,0.45,val,vgg,200,a7,,,10000,10,,,,,,,,0.2129642712258306,0.3092,0.87902,0.5818
cifar,0.6,train,vgg,200,a3,,,50000,10,,,,,,,,0.5434523740520403,0.73452,0.8331,0.4654
cifar,0.7,train,vgg,200,a6,,,50000,10,,,,,,,,0.237107767845056,0.2918,0.82944,0.3394
cifar,0.8,trainUval,vgg,200,a2,,,60000,10,,,,,,,,0.285827213431645,0.46205,0.81076,0.2388
cifar,0.9,trainUval,vgg,200,a5,,,60000,10,,,,,,,,0.310814436728055,0.4629333333333333,0.68164,0.1617
cifar,1.0,val,vgg,200,a1,,,10000,10,,,,,,,,0.1325980607298158,0.1896,,
cifar,0.0,val,densenet,200,a3,,,10000,10,,,,,,,,0.6065595899366232,0.7948,,
cifar,0.05,val,densenet,200,a3,,,10000,10,,,,,,,,0.5900201614149851,0.7831,0.99688,0.8074
cifar,0.1,val,densenet,200,a3,,,10000,10,,,,,,,,0.5600313055980267,0.7576,0.9955,0.7726
cifar,0.15,val,densenet,200,a3,,,10000,10,,,,,,,,0.5463512131290087,0.7523,0.99446,0.7457
cifar,0.2,val,densenet,200,a3,,,10000,10,,,,,,,,0.5226237295141026,0.7315,0.9943,0.7188
cifar,0.25,val,densenet,200,a3,,,10000,10,,,,,,,,0.5033119261832886,0.719,0.99266,0.6933
cifar,0.3,val,densenet,200,a3,,,10000,10,,,,,,,,0.4931216925849028,0.7061,0.99006,0.6528
cifar,0.35,val,densenet,200,a3,,,10000,10,,,,,,,,0.4769207030629375,0.6952,0.99074,0.6086
cifar,0.4,val,densenet,200,a3,,,10000,10,,,,,,,,0.4695280140467492,0.6847,0.98562,0.5638
cifar,0.45,val,densenet,200,a3,,,10000,10,,,,,,,,0.4451325169029,0.6653,0.98492,0.5336
cifar,0.5,val,densenet,200,a3,,,10000,10,,,,,,,,0.4369252123625056,0.6605,0.98472,0.5092
cifar,0.6,val,densenet,200,a3,,,10000,10,,,,,,,,0.4052786576687706,0.6196,0.98172,0.4162
cifar,0.7,val,densenet,200,a3,,,10000,10,,,,,,,,0.3703875878986617,0.5743,0.97752,0.3136
cifar,0.8,val,densenet,200,a3,,,10000,10,,,,,,,,0.3345576074417646,0.5313,0.9608,0.2218
cifar,0.9,val,densenet,200,a3,,,10000,10,,,,,,,,0.2997478362511898,0.4888,0.94792,0.1563
cifar,1.0,val,densenet,200,a3,,,10000,10,,,,,,,,0.2827869467014974,0.4575,,
cifar,0.05,train,resnet,200,a4,,,50000,10,,,,,,,,0.5316249602686228,0.74068,0.99416,0.8047
cifar,0.1,val,resnet,200,a3,,,10000,10,,,,,,,,0.5375524581764413,0.7548,0.99212,0.7727
cifar,0.2,trainUval,resnet,200,a2,,,60000,10,,,,,,,,0.6587545168921626,0.8363666666666667,0.98526,0.7109
cifar,0.3,train,resnet,200,a1,,,50000,10,,,,,,,,0.7489400037507236,0.86676,0.98254,0.6435
cifar,0.35,trainUval,resnet,200,a5,,,60000,10,,,,,,,,0.3980325638060084,0.5999666666666666,0.9776,0.5994
cifar,0.45,train,resnet,200,a4,,,50000,10,,,,,,,,0.4748572181582163,0.6903,0.97488,0.5223
cifar,0.5,val,resnet,200,a3,,,10000,10,,,,,,,,0.4249330740084071,0.6473,0.97576,0.4941
cifar,0.7,trainUval,resnet,200,a2,,,60000,10,,,,,,,,0.4408416905706144,0.64495,0.95682,0.3214
cifar,0.9,train,resnet,200,a1,,,50000,10,,,,,,,,0.2760449701716703,0.46506,0.92046,0.158
cifar,1.0,trainUval,resnet,200,a5,,,60000,10,,,,,,,,0.3264446805266986,0.51475,,
cifar,0.0,val,vgg,200,a5,,,10000,10,,,,,,,,0.2944694285055995,0.3706,,
cifar,0.1,train,vgg,200,a1,,,50000,10,,,,,,,,0.87998865663664,0.92474,0.98082,0.8442
cifar,0.15,train,vgg,200,a4,,,50000,10,,,,,,,,0.566313950389169,0.6842,0.96344,0.8114
cifar,0.2,train,vgg,200,a7,,,50000,10,,,,,,,,0.2490614146275657,0.35652,0.9542,0.79
cifar,0.25,trainUval,vgg,200,a3,,,60000,10,,,,,,,,0.7665877047665922,0.8777,0.94366,0.7326
cifar,0.3,trainUval,vgg,200,a6,,,60000,10,,,,,,,,0.2525719890895483,0.3029333333333333,0.92966,0.7058
cifar,0.35,val,vgg,200,a2,,,10000,10,,,,,,,,0.5978628389259975,0.7456,0.90418,0.6512
cifar,0.4,val,vgg,200,a5,,,10000,10,,,,,,,,0.2760280721718248,0.3519,0.89634,0.6153
cifar,0.5,train,vgg,200,a1,,,50000,10,,,,,,,,0.4959410863414999,0.66424,0.86394,0.5262
cifar,0.6,train,vgg,200,a4,,,50000,10,,,,,,,,0.4431919689236954,0.59422,0.8331,0.4654
cifar,0.7,train,vgg,200,a7,,,50000,10,,,,,,,,0.2490614146275657,0.35652,0.82944,0.3394
cifar,0.8,trainUval,vgg,200,a3,,,60000,10,,,,,,,,0.4005822560263672,0.59785,0.81076,0.2388
cifar,0.9,trainUval,vgg,200,a6,,,60000,10,,,,,,,,0.2786477700099903,0.3936333333333333,0.68164,0.1617
cifar,1.0,val,vgg,200,a2,,,10000,10,,,,,,,,0.1659210780122958,0.2713,,
cifar,0.0,val,densenet,200,a4,,,10000,10,,,,,,,,0.5840157240992542,0.7827,,
cifar,0.05,val,densenet,200,a4,,,10000,10,,,,,,,,0.5640841104017179,0.7713,0.99688,0.8074
cifar,0.1,val,densenet,200,a4,,,10000,10,,,,,,,,0.5334094009384399,0.7439,0.9955,0.7726
cifar,0.15,val,densenet,200,a4,,,10000,10,,,,,,,,0.5265950013763919,0.7432,0.99446,0.7457
cifar,0.2,val,densenet,200,a4,,,10000,10,,,,,,,,0.503413879415251,0.7238,0.9943,0.7188
cifar,0.25,val,densenet,200,a4,,,10000,10,,,,,,,,0.4843647749251258,0.708,0.99266,0.6933
cifar,0.3,val,densenet,200,a4,,,10000,10,,,,,,,,0.4764294131463819,0.6967,0.99006,0.6528
cifar,0.35,val,densenet,200,a4,,,10000,10,,,,,,,,0.457183227214818,0.6804,0.99074,0.6086
cifar,0.4,val,densenet,200,a4,,,10000,10,,,,,,,,0.4539343513216001,0.6744,0.98562,0.5638
cifar,0.45,val,densenet,200,a4,,,10000,10,,,,,,,,0.4343725233749308,0.6535,0.98492,0.5336
cifar,0.5,val,densenet,200,a4,,,10000,10,,,,,,,,0.4212579884656913,0.6474,0.98472,0.5092
cifar,0.6,val,densenet,200,a4,,,10000,10,,,,,,,,0.3940531059901464,0.6128,0.98172,0.4162
cifar,0.7,val,densenet,200,a4,,,10000,10,,,,,,,,0.3619349254559553,0.563,0.97752,0.3136
cifar,0.8,val,densenet,200,a4,,,10000,10,,,,,,,,0.3321057966663807,0.5279,0.9608,0.2218
cifar,0.9,val,densenet,200,a4,,,10000,10,,,,,,,,0.2991736825826391,0.4888,0.94792,0.1563
cifar,1.0,val,densenet,200,a4,,,10000,10,,,,,,,,0.2856795341059154,0.4693,,
cifar,0.05,train,resnet,200,a5,,,50000,10,,,,,,,,0.4080722618753949,0.6134,0.99416,0.8047
cifar,0.1,val,resnet,200,a4,,,10000,10,,,,,,,,0.4333383510725589,0.6581,0.99212,0.7727
cifar,0.2,trainUval,resnet,200,a3,,,60000,10,,,,,,,,0.5910077930131491,0.7883333333333333,0.98526,0.7109
cifar,0.3,train,resnet,200,a2,,,50000,10,,,,,,,,0.6144074366152957,0.81154,0.98254,0.6435
cifar,0.35,val,resnet,200,a1,,,10000,10,,,,,,,,0.5534369067516085,0.7232,0.9776,0.5994
cifar,0.45,train,resnet,200,a5,,,50000,10,,,,,,,,0.3859197899320583,0.58632,0.97488,0.5223
cifar,0.5,val,resnet,200,a4,,,10000,10,,,,,,,,0.3942095268104568,0.6173,0.97576,0.4941
cifar,0.7,trainUval,resnet,200,a3,,,60000,10,,,,,,,,0.4388847628714371,0.6415833333333333,0.95682,0.3214
cifar,0.9,train,resnet,200,a2,,,50000,10,,,,,,,,0.3415282673934903,0.53306,0.92046,0.158
cifar,1.0,val,resnet,200,a1,,,10000,10,,,,,,,,0.2107224658166222,0.3863,,
cifar,0.0,val,vgg,200,a6,,,10000,10,,,,,,,,0.2155951946496389,0.2683,,
cifar,0.1,train,vgg,200,a2,,,50000,10,,,,,,,,0.9089190357106391,0.94622,0.98082,0.8442
cifar,0.15,train,vgg,200,a5,,,50000,10,,,,,,,,0.3647998419596696,0.43882,0.96344,0.8114
cifar,0.2,trainUval,vgg,200,a1,,,60000,10,,,,,,,,0.7694331936434781,0.8533833333333334,0.9542,0.79
cifar,0.25,trainUval,vgg,200,a4,,,60000,10,,,,,,,,0.5472027090163086,0.6791333333333334,0.94366,0.7326
cifar,0.3,trainUval,vgg,200,a7,,,60000,10,,,,,,,,0.2535951235491723,0.36235,0.92966,0.7058
cifar,0.35,val,vgg,200,a3,,,10000,10,,,,,,,,0.5469962746088782,0.7495,0.90418,0.6512
cifar,0.4,val,vgg,200,a6,,,10000,10,,,,,,,,0.2019760240098695,0.2468,0.89634,0.6153
cifar,0.5,train,vgg,200,a2,,,50000,10,,,,,,,,0.5915165056073522,0.74188,0.86394,0.5262
cifar,0.6,train,vgg,200,a5,,,50000,10,,,,,,,,0.3577816416398144,0.46924,0.8331,0.4654
cifar,0.7,trainUval,vgg,200,a1,,,60000,10,,,,,,,,0.2962513644018544,0.4764,0.82944,0.3394
cifar,0.8,trainUval,vgg,200,a4,,,60000,10,,,,,,,,0.3976923661165448,0.5952833333333334,0.81076,0.2388
cifar,0.9,trainUval,vgg,200,a7,,,60000,10,,,,,,,,0.2535951235491723,0.36235,0.68164,0.1617
cifar,1.0,val,vgg,200,a3,,,10000,10,,,,,,,,0.2210405575292898,0.3544,,
cifar,0.0,val,densenet,200,a5,,,10000,10,,,,,,,,0.5386486910875796,0.7645,,
cifar,0.05,val,densenet,200,a5,,,10000,10,,,,,,,,0.5206077478948499,0.7493,0.99688,0.8074
cifar,0.1,val,densenet,200,a5,,,10000,10,,,,,,,,0.5049089191181644,0.7312,0.9955,0.7726
cifar,0.15,val,densenet,200,a5,,,10000,10,,,,,,,,0.4991719626879572,0.735,0.99446,0.7457
cifar,0.2,val,densenet,200,a5,,,10000,10,,,,,,,,0.4811578058184654,0.7133,0.9943,0.7188
cifar,0.25,val,densenet,200,a5,,,10000,10,,,,,,,,0.4664243175283012,0.7025,0.99266,0.6933
cifar,0.3,val,densenet,200,a5,,,10000,10,,,,,,,,0.4614096364041139,0.6945,0.99006,0.6528
cifar,0.35,val,densenet,200,a5,,,10000,10,,,,,,,,0.4413767305091676,0.6725,0.99074,0.6086
cifar,0.4,val,densenet,200,a5,,,10000,10,,,,,,,,0.4392791632657311,0.6736,0.98562,0.5638
cifar,0.45,val,densenet,200,a5,,,10000,10,,,,,,,,0.4259805459777082,0.6591,0.98492,0.5336
cifar,0.5,val,densenet,200,a5,,,10000,10,,,,,,,,0.4090767428864887,0.6447,0.98472,0.5092
cifar,0.6,val,densenet,200,a5,,,10000,10,,,,,,,,0.3896199460128762,0.6135,0.98172,0.4162
cifar,0.7,val,densenet,200,a5,,,10000,10,,,,,,,,0.3628762402953807,0.5806,0.97752,0.3136
cifar,0.8,val,densenet,200,a5,,,10000,10,,,,,,,,0.3350699311422124,0.5396,0.9608,0.2218
cifar,0.9,val,densenet,200,a5,,,10000,10,,,,,,,,0.3043934797460818,0.4938,0.94792,0.1563
cifar,1.0,val,densenet,200,a5,,,10000,10,,,,,,,,0.2932615341842321,0.4771,,
cifar,0.05,trainUval,resnet,200,a1,,,60000,10,,,,,,,,0.860931315419983,0.9422833333333334,0.99416,0.8047
cifar,0.1,val,resnet,200,a5,,,10000,10,,,,,,,,0.3317492535352753,0.5259,0.99212,0.7727
cifar,0.2,trainUval,resnet,200,a4,,,60000,10,,,,,,,,0.5207921986900791,0.7346333333333334,0.98526,0.7109
cifar,0.3,train,resnet,200,a3,,,50000,10,,,,,,,,0.558513139487891,0.76582,0.98254,0.6435
cifar,0.35,val,resnet,200,a2,,,10000,10,,,,,,,,0.4859266078746777,0.7094,0.9776,0.5994
cifar,0.45,trainUval,resnet,200,a1,,,60000,10,,,,,,,,0.6329338175044836,0.7806833333333333,0.97488,0.5223
cifar,0.5,val,resnet,200,a5,,,10000,10,,,,,,,,0.3177701084187246,0.5145,0.97576,0.4941
cifar,0.7,trainUval,resnet,200,a4,,,60000,10,,,,,,,,0.4294317384554982,0.6424166666666666,0.95682,0.3214
cifar,0.9,train,resnet,200,a3,,,50000,10,,,,,,,,0.3537557107764817,0.5466,0.92046,0.158
cifar,1.0,val,resnet,200,a2,,,10000,10,,,,,,,,0.277510457948817,0.4591,,
cifar,0.0,val,vgg,200,a7,,,10000,10,,,,,,,,0.2129642712258306,0.3092,,
cifar,0.1,train,vgg,200,a3,,,50000,10,,,,,,,,0.8878962379754635,0.94822,0.98082,0.8442
cifar,0.15,train,vgg,200,a6,,,50000,10,,,,,,,,0.2521493839067996,0.30124,0.96344,0.8114
cifar,0.2,trainUval,vgg,200,a2,,,60000,10,,,,,,,,0.820746810212155,0.8897,0.9542,0.79
cifar,0.25,trainUval,vgg,200,a5,,,60000,10,,,,,,,,0.3763599424821341,0.4667333333333333,0.94366,0.7326
cifar,0.3,val,vgg,200,a1,,,10000,10,,,,,,,,0.5945713733097585,0.7339,0.92966,0.7058
cifar,0.35,val,vgg,200,a4,,,10000,10,,,,,,,,0.3925783894440703,0.5664,0.90418,0.6512
cifar,0.4,val,vgg,200,a7,,,10000,10,,,,,,,,0.2129642712258306,0.3092,0.89634,0.6153
cifar,0.5,train,vgg,200,a3,,,50000,10,,,,,,,,0.6092432209661538,0.7758,0.86394,0.5262
cifar,0.6,train,vgg,200,a6,,,50000,10,,,,,,,,0.2426367688026681,0.29584,0.8331,0.4654
cifar,0.7,trainUval,vgg,200,a2,,,60000,10,,,,,,,,0.3947734517079844,0.5803166666666667,0.82944,0.3394
cifar,0.8,trainUval,vgg,200,a5,,,60000,10,,,,,,,,0.3534169925365663,0.50825,0.81076,0.2388
cifar,0.9,val,vgg,200,a1,,,10000,10,,,,,,,,0.1246386951787734,0.1778,0.68164,0.1617
cifar,1.0,val,vgg,200,a4,,,10000,10,,,,,,,,0.2341254798162124,0.3819,,
cifar,0.0,val,densenet,200,a6,,,10000,10,,,,,,,,0.4702525000135089,0.7058,,
cifar,0.05,val,densenet,200,a6,,,10000,10,,,,,,,,0.4523206443476245,0.6923,0.99688,0.8074
cifar,0.1,val,densenet,200,a6,,,10000,10,,,,,,,,0.4410129351265013,0.6812,0.9955,0.7726
cifar,0.15,val,densenet,200,a6,,,10000,10,,,,,,,,0.4376172360481069,0.6765,0.99446,0.7457
cifar,0.2,val,densenet,200,a6,,,10000,10,,,,,,,,0.4273097606854817,0.6607,0.9943,0.7188
cifar,0.25,val,densenet,200,a6,,,10000,10,,,,,,,,0.4214052510162411,0.6538,0.99266,0.6933
cifar,0.3,val,densenet,200,a6,,,10000,10,,,,,,,,0.4189965492145841,0.6516,0.99006,0.6528
cifar,0.35,val,densenet,200,a6,,,10000,10,,,,,,,,0.4053971439875077,0.6375,0.99074,0.6086
cifar,0.4,val,densenet,200,a6,,,10000,10,,,,,,,,0.4024275150900509,0.634,0.98562,0.5638
cifar,0.45,val,densenet,200,a6,,,10000,10,,,,,,,,0.3922099767073024,0.6259,0.98492,0.5336
cifar,0.5,val,densenet,200,a6,,,10000,10,,,,,,,,0.3839579210332353,0.6082,0.98472,0.5092
cifar,0.6,val,densenet,200,a6,,,10000,10,,,,,,,,0.3717777387719806,0.5912,0.98172,0.4162
cifar,0.7,val,densenet,200,a6,,,10000,10,,,,,,,,0.3519341193555036,0.5715,0.97752,0.3136
cifar,0.8,val,densenet,200,a6,,,10000,10,,,,,,,,0.3317483029662674,0.5371,0.9608,0.2218
cifar,0.9,val,densenet,200,a6,,,10000,10,,,,,,,,0.3043168799124514,0.4993,0.94792,0.1563
cifar,1.0,val,densenet,200,a6,,,10000,10,,,,,,,,0.2987641082919512,0.4837,,
cifar,0.05,trainUval,resnet,200,a2,,,60000,10,,,,,,,,0.7448840145570139,0.8894,0.99416,0.8047
cifar,0.15,train,resnet,200,a1,,,50000,10,,,,,,,,0.8380542123071759,0.92794,0.98758,0.7389
cifar,0.2,trainUval,resnet,200,a5,,,60000,10,,,,,,,,0.407270455726992,0.61005,0.98526,0.7109
cifar,0.3,train,resnet,200,a4,,,50000,10,,,,,,,,0.4999655945029843,0.71358,0.98254,0.6435
cifar,0.35,val,resnet,200,a3,,,10000,10,,,,,,,,0.4597065087620324,0.6871,0.9776,0.5994
cifar,0.45,trainUval,resnet,200,a2,,,60000,10,,,,,,,,0.5491548259048843,0.74815,0.97488,0.5223
cifar,0.6,train,resnet,200,a1,,,50000,10,,,,,,,,0.5426629005552005,0.71108,0.97206,0.4108
cifar,0.7,trainUval,resnet,200,a5,,,60000,10,,,,,,,,0.3721339896613742,0.5738833333333333,0.95682,0.3214
cifar,0.9,train,resnet,200,a4,,,50000,10,,,,,,,,0.3588570946485125,0.5586,0.92046,0.158
cifar,1.0,val,resnet,200,a3,,,10000,10,,,,,,,,0.2883140861620465,0.475,,
cifar,0.05,train,vgg,200,a1,,,50000,10,,,,,,,,0.9269999656238715,0.95384,0.98852,0.8644
cifar,0.1,train,vgg,200,a4,,,50000,10,,,,,,,,0.5891001024979896,0.70602,0.98082,0.8442
cifar,0.15,train,vgg,200,a7,,,50000,10,,,,,,,,0.2490614146275657,0.35652,0.96344,0.8114
cifar,0.2,trainUval,vgg,200,a3,,,60000,10,,,,,,,,0.7895838631888867,0.89535,0.9542,0.79
cifar,0.25,trainUval,vgg,200,a6,,,60000,10,,,,,,,,0.2546146385958401,0.30725,0.94366,0.7326
cifar,0.3,val,vgg,200,a2,,,10000,10,,,,,,,,0.6435050314703323,0.776,0.92966,0.7058
cifar,0.35,val,vgg,200,a5,,,10000,10,,,,,,,,0.2790521967007651,0.355,0.90418,0.6512
cifar,0.45,train,vgg,200,a1,,,50000,10,,,,,,,,0.5449654841620548,0.69802,0.87902,0.5818
cifar,0.5,train,vgg,200,a4,,,50000,10,,,,,,,,0.4680539396362906,0.59466,0.86394,0.5262
cifar,0.6,train,vgg,200,a7,,,50000,10,,,,,,,,0.2490614146275657,0.35652,0.8331,0.4654
cifar,0.7,trainUval,vgg,200,a3,,,60000,10,,,,,,,,0.4797627736406465,0.6684,0.82944,0.3394
cifar,0.8,trainUval,vgg,200,a6,,,60000,10,,,,,,,,0.2522761450033924,0.3306833333333333,0.81076,0.2388
cifar,0.9,val,vgg,200,a2,,,10000,10,,,,,,,,0.1595178118869647,0.2614,0.68164,0.1617
cifar,1.0,val,vgg,200,a5,,,10000,10,,,,,,,,0.2467120578341036,0.4021,,
cifar,0.0,val,densenet,200,a7,,,10000,10,,,,,,,,0.4219395702478157,0.6502,,
cifar,0.05,val,densenet,200,a7,,,10000,10,,,,,,,,0.4206095048369487,0.662,0.99688,0.8074
cifar,0.1,val,densenet,200,a7,,,10000,10,,,,,,,,0.4047913591217215,0.6462,0.9955,0.7726
cifar,0.15,val,densenet,200,a7,,,10000,10,,,,,,,,0.4147001062743961,0.6602,0.99446,0.7457
cifar,0.2,val,densenet,200,a7,,,10000,10,,,,,,,,0.3996251709696978,0.6368,0.9943,0.7188
cifar,0.25,val,densenet,200,a7,,,10000,10,,,,,,,,0.4001714282444463,0.6434,0.99266,0.6933
cifar,0.3,val,densenet,200,a7,,,10000,10,,,,,,,,0.3899521564764777,0.6342,0.99006,0.6528
cifar,0.35,val,densenet,200,a7,,,10000,10,,,,,,,,0.3908790451949248,0.6349,0.99074,0.6086
cifar,0.4,val,densenet,200,a7,,,10000,10,,,,,,,,0.3844680632702667,0.6265,0.98562,0.5638
cifar,0.45,val,densenet,200,a7,,,10000,10,,,,,,,,0.3779252468958477,0.6174,0.98492,0.5336
cifar,0.5,val,densenet,200,a7,,,10000,10,,,,,,,,0.3759467266104437,0.6084,0.98472,0.5092
cifar,0.6,val,densenet,200,a7,,,10000,10,,,,,,,,0.3578787604441482,0.585,0.98172,0.4162
cifar,0.7,val,densenet,200,a7,,,10000,10,,,,,,,,0.3359130061826779,0.5594,0.97752,0.3136
cifar,0.8,val,densenet,200,a7,,,10000,10,,,,,,,,0.3150792126669898,0.5261,0.9608,0.2218
cifar,0.9,val,densenet,200,a7,,,10000,10,,,,,,,,0.2930602155360821,0.4918,0.94792,0.1563
cifar,1.0,val,densenet,200,a7,,,10000,10,,,,,,,,0.2872986250048516,0.4758,,
cifar,0.05,trainUval,resnet,200,a3,,,60000,10,,,,,,,,0.6483584004590612,0.8269333333333333,0.99416,0.8047
cifar,0.15,train,resnet,200,a2,,,50000,10,,,,,,,,0.6921937680227209,0.86366,0.98758,0.7389
cifar,0.2,val,resnet,200,a1,,,10000,10,,,,,,,,0.617132288848944,0.772,0.98526,0.7109
cifar,0.3,train,resnet,200,a5,,,50000,10,,,,,,,,0.3966912019809237,0.59976,0.98254,0.6435
cifar,0.35,val,resnet,200,a4,,,10000,10,,,,,,,,0.4106734136671595,0.6383,0.9776,0.5994
cifar,0.45,trainUval,resnet,200,a3,,,60000,10,,,,,,,,0.5172853274352036,0.72555,0.97488,0.5223
cifar,0.6,train,resnet,200,a2,,,50000,10,,,,,,,,0.4856062721106526,0.69284,0.97206,0.4108
cifar,0.7,val,resnet,200,a1,,,10000,10,,,,,,,,0.3748541725782436,0.5704,0.95682,0.3214
cifar,0.9,train,resnet,200,a5,,,50000,10,,,,,,,,0.3305269536841789,0.5176,0.92046,0.158
cifar,1.0,val,resnet,200,a4,,,10000,10,,,,,,,,0.2881707538705598,0.4723,,
cifar,0.05,train,vgg,200,a2,,,50000,10,,,,,,,,0.9453920003504096,0.96738,0.98852,0.8644
cifar,0.1,train,vgg,200,a5,,,50000,10,,,,,,,,0.3763098900120276,0.47446,0.98082,0.8442
cifar,0.15,trainUval,vgg,200,a1,,,60000,10,,,,,,,,0.8096444922219243,0.8789,0.96344,0.8114
cifar,0.2,trainUval,vgg,200,a4,,,60000,10,,,,,,,,0.5588402281358047,0.7075333333333333,0.9542,0.79
cifar,0.25,trainUval,vgg,200,a7,,,60000,10,,,,,,,,0.2535951235491723,0.36235,0.94366,0.7326
cifar,0.3,val,vgg,200,a3,,,10000,10,,,,,,,,0.5993231356396158,0.7839,0.92966,0.7058
cifar,0.35,val,vgg,200,a6,,,10000,10,,,,,,,,0.2005657479229673,0.2445,0.90418,0.6512
cifar,0.45,train,vgg,200,a2,,,50000,10,,,,,,,,0.6379894659527935,0.77572,0.87902,0.5818
cifar,0.5,train,vgg,200,a5,,,50000,10,,,,,,,,0.3701481118679333,0.47338,0.86394,0.5262
cifar,0.6,trainUval,vgg,200,a1,,,60000,10,,,,,,,,0.4114737157129076,0.5891833333333333,0.8331,0.4654
cifar,0.7,trainUval,vgg,200,a4,,,60000,10,,,,,,,,0.4417015444341346,0.6192,0.82944,0.3394
cifar,0.8,trainUval,vgg,200,a7,,,60000,10,,,,,,,,0.2535951235491723,0.36235,0.81076,0.2388
cifar,0.9,val,vgg,200,a3,,,10000,10,,,,,,,,0.2330490990903829,0.3728,0.68164,0.1617
cifar,1.0,val,vgg,200,a6,,,10000,10,,,,,,,,0.2389726348279782,0.3668,,
cifar,0.0,val,densenet,200,a8,,,10000,10,,,,,,,,0.3329555776479043,0.5277,,
cifar,0.05,val,densenet,200,a8,,,10000,10,,,,,,,,0.3346007795627442,0.5336,0.99688,0.8074
cifar,0.1,val,densenet,200,a8,,,10000,10,,,,,,,,0.3299986843071065,0.5237,0.9955,0.7726
cifar,0.15,val,densenet,200,a8,,,10000,10,,,,,,,,0.3348193786712584,0.5338,0.99446,0.7457
cifar,0.2,val,densenet,200,a8,,,10000,10,,,,,,,,0.3325282163844119,0.5269,0.9943,0.7188
cifar,0.25,val,densenet,200,a8,,,10000,10,,,,,,,,0.330177664210668,0.5224,0.99266,0.6933
cifar,0.3,val,densenet,200,a8,,,10000,10,,,,,,,,0.3323036708052163,0.5278,0.99006,0.6528
cifar,0.35,val,densenet,200,a8,,,10000,10,,,,,,,,0.3305830020890868,0.5273,0.99074,0.6086
cifar,0.4,val,densenet,200,a8,,,10000,10,,,,,,,,0.3286188983236979,0.5257,0.98562,0.5638
cifar,0.45,val,densenet,200,a8,,,10000,10,,,,,,,,0.3252155528575729,0.5225,0.98492,0.5336
cifar,0.5,val,densenet,200,a8,,,10000,10,,,,,,,,0.3266717781791812,0.5267,0.98472,0.5092
cifar,0.6,val,densenet,200,a8,,,10000,10,,,,,,,,0.323003539035889,0.5196,0.98172,0.4162
cifar,0.7,val,densenet,200,a8,,,10000,10,,,,,,,,0.3130337338602089,0.5048,0.97752,0.3136
cifar,0.8,val,densenet,200,a8,,,10000,10,,,,,,,,0.3046310843071463,0.4942,0.9608,0.2218
cifar,0.9,val,densenet,200,a8,,,10000,10,,,,,,,,0.2875702051527303,0.4693,0.94792,0.1563
cifar,1.0,val,densenet,200,a8,,,10000,10,,,,,,,,0.284955721246628,0.4658,,
cifar,0.05,trainUval,resnet,200,a4,,,60000,10,,,,,,,,0.5397278199910184,0.74625,0.99416,0.8047
cifar,0.15,train,resnet,200,a3,,,50000,10,,,,,,,,0.604741030225113,0.80074,0.98758,0.7389
cifar,0.2,val,resnet,200,a2,,,10000,10,,,,,,,,0.5492309488382516,0.7551,0.98526,0.7109
cifar,0.3,trainUval,resnet,200,a1,,,60000,10,,,,,,,,0.7251283400953407,0.8496833333333333,0.98254,0.6435
cifar,0.35,val,resnet,200,a5,,,10000,10,,,,,,,,0.3205396333447124,0.5154,0.9776,0.5994
cifar,0.45,trainUval,resnet,200,a4,,,60000,10,,,,,,,,0.4826414577751244,0.6973,0.97488,0.5223
cifar,0.6,train,resnet,200,a3,,,50000,10,,,,,,,,0.4699544758355997,0.67682,0.97206,0.4108
cifar,0.7,val,resnet,200,a2,,,10000,10,,,,,,,,0.3692230500390507,0.585,0.95682,0.3214
cifar,0.9,trainUval,resnet,200,a1,,,60000,10,,,,,,,,0.2850863821799132,0.4751833333333333,0.92046,0.158
cifar,1.0,val,resnet,200,a5,,,10000,10,,,,,,,,0.2681095669910798,0.4358,,
cifar,0.05,train,vgg,200,a3,,,50000,10,,,,,,,,0.9308932342978804,0.971,0.98852,0.8644
cifar,0.1,train,vgg,200,a6,,,50000,10,,,,,,,,0.2522393343021977,0.3005,0.98082,0.8442
cifar,0.15,trainUval,vgg,200,a2,,,60000,10,,,,,,,,0.8521990351256716,0.9091833333333332,0.96344,0.8114
cifar,0.2,trainUval,vgg,200,a5,,,60000,10,,,,,,,,0.373153385958463,0.4609166666666666,0.9542,0.79
cifar,0.25,val,vgg,200,a1,,,10000,10,,,,,,,,0.6284343462515477,0.7515,0.94366,0.7326
cifar,0.3,val,vgg,200,a4,,,10000,10,,,,,,,,0.4200077693279297,0.5951,0.92966,0.7058
cifar,0.35,val,vgg,200,a7,,,10000,10,,,,,,,,0.2129642712258306,0.3092,0.90418,0.6512
cifar,0.45,train,vgg,200,a3,,,50000,10,,,,,,,,0.6412238205415399,0.80308,0.87902,0.5818
cifar,0.5,train,vgg,200,a6,,,50000,10,,,,,,,,0.2455652754489216,0.30032,0.86394,0.5262
cifar,0.6,trainUval,vgg,200,a2,,,60000,10,,,,,,,,0.5045585451359038,0.67315,0.8331,0.4654
cifar,0.7,trainUval,vgg,200,a5,,,60000,10,,,,,,,,0.3658838600258647,0.4960166666666666,0.82944,0.3394
cifar,0.8,val,vgg,200,a1,,,10000,10,,,,,,,,0.1721358134977424,0.2917,0.81076,0.2388
cifar,0.9,val,vgg,200,a4,,,10000,10,,,,,,,,0.2489230041409764,0.3948,0.68164,0.1617
cifar,1.0,val,vgg,200,a7,,,10000,10,,,,,,,,0.2129642712258306,0.3092,,
