,True Label,True Class,count,Proportion,Coverage
985,986,yellow lady's slipper,1234,0.005091452219155248,0.9141
24,24,great grey owl,1157,0.0047737522022387536,0.857
135,135,limpkin,1132,0.004670602846097035,0.8385
983,984,rapeseed,1097,0.0045261937474986285,0.8126
593,594,harp,1047,0.00431989503521519,0.7756
19,19,chickadee,1047,0.00431989503521519,0.7756
84,84,peacock,1012,0.004175485936616784,0.7496
89,89,sulphur-crested cockatoo,1010,0.004167233988125446,0.7481
141,141,redshank,983,0.00405583268349239,0.7281
117,117,chambered nautilus,983,0.00405583268349239,0.7281
799,800,slot,973,0.004014572941035702,0.7207
388,388,giant panda,960,0.003960935275842009,0.7111
45,45,Gila monster,958,0.00395268332735067,0.7096
606,607,jack-o'-lantern,956,0.003944431378859333,0.7081
324,324,cabbage butterfly,954,0.003936179430367995,0.7067
139,139,ruddy turnstone,949,0.003915549559139652,0.703
11,11,goldfinch,939,0.0038742898166829643,0.6956
29,29,axolotl,937,0.0038660378681916268,0.6941
145,145,king penguin,933,0.003849533971208952,0.6911
603,604,hourglass,929,0.003833030074226277,0.6881
15,15,robin,924,0.0038124002029979328,0.6844
576,576,gondola,920,0.003795896306015258,0.6815
387,387,lesser panda,916,0.003779392409032583,0.6785
9,9,ostrich,912,0.003762888512049908,0.6756
831,832,stupa,911,0.003758762537804239,0.6748
340,340,zebra,908,0.0037463846150672326,0.6726
181,181,Bedlington terrier,903,0.003725754743838889,0.6904
90,90,lorikeet,899,0.003709250846856214,0.6659
96,96,toucan,886,0.00365561318166252,0.6563
396,396,lionfish,885,0.003651487207416851,0.6556
87,87,African grey,882,0.003639109284679845,0.6533
364,364,three-toed sloth,880,0.0036308573361885075,0.6519
937,938,cauliflower,870,0.0035895975937318197,0.6444
660,661,Model T,866,0.0035730936967491448,0.6415
873,874,trolleybus,862,0.00355658979976647,0.6385
94,94,hummingbird,860,0.0035483378512751323,0.637
476,476,carousel,858,0.003540085902783795,0.6356
20,20,water ouzel,856,0.0035318339542924574,0.6341
105,105,koala,856,0.0035318339542924574,0.6341
731,732,Polaroid camera,855,0.0035277079800467887,0.6333
48,48,Komodo dragon,849,0.003502952134572776,0.6289
992,993,gyromitra,848,0.003498826160327107,0.6281
71,71,scorpion,848,0.003498826160327107,0.6281
735,736,pool table,846,0.0034905742118357696,0.6267
98,98,red-breasted merganser,838,0.0034575664178704197,0.7036
917,918,crossword puzzle,838,0.0034575664178704197,0.6207
510,510,container ship,836,0.0034493144693790822,0.6193
954,955,jackfruit,834,0.0034410625208877448,0.6178
16,16,bulbul,824,0.003399802778431057,0.6104
83,83,prairie chicken,824,0.003399802778431057,0.6104
133,133,bittern,820,0.003383298881448382,0.6074
79,79,centipede,808,0.0033337871905003568,0.5985
811,812,space shuttle,806,0.0033255352420090193,0.6258
321,321,admiral,801,0.0033049053707806756,0.5933
684,685,odometer,798,0.0032925274480436694,0.5911
318,318,lacewing,784,0.0032347638086043067,0.5807
852,853,thatch,781,0.0032223858858673004,0.5785
778,779,school bus,776,0.0032017560146389568,0.5748
92,92,bee eater,772,0.0031852521176562814,0.5719
540,540,drilling platform,763,0.0031481183494452628,0.5652
130,130,flamingo,761,0.0031398664009539253,0.5637
137,137,American coot,758,0.003127488478216919,0.5615
129,129,spoonbill,757,0.0031233625039712503,0.5607
12,12,house finch,751,0.0030986066584972375,0.5563
575,575,golfcart,739,0.0030490949675492126,0.5474
958,959,carbonara,734,0.003028465096320869,0.5437
70,70,harvestman,729,0.003007835225092525,0.54
899,900,water tower,729,0.003007835225092525,0.54
700,701,parachute,728,0.003003709250846856,0.5393
644,645,maypole,728,0.003003709250846856,0.5393
142,142,dowitcher,727,0.0029995832766011874,0.5385
363,363,armadillo,725,0.00299133132810985,0.537
915,916,web site,724,0.002987205353864181,0.5363
957,958,hay,722,0.0029789534053728437,0.5348
872,873,triumphal arch,720,0.0029707014568815062,0.5333
952,953,pineapple,720,0.0029707014568815062,0.5333
76,76,tarantula,718,0.0029624495083901688,0.5319
528,528,dial telephone,715,0.0029500715856531625,0.5296
51,51,triceratops,712,0.002937693662916156,0.541
714,715,pickelhaube,710,0.0029294417144248184,0.5259
956,957,pomegranate,708,0.002921189765933481,0.5244
610,611,jigsaw puzzle,706,0.0029129378174421435,0.523
645,646,maze,705,0.0029088118431964747,0.5222
560,560,football helmet,704,0.002904685868950806,0.5215
780,781,scoreboard,699,0.0028840559977224623,0.5178
44,44,alligator lizard,698,0.0028799300234767936,0.517
80,80,black grouse,696,0.002871678074985456,0.5156
561,561,forklift,696,0.002871678074985456,0.5156
344,344,hippopotamus,693,0.0028593001522484495,0.5133
398,398,abacus,691,0.002851048203757112,0.5119
91,91,coucal,689,0.0028427962552657745,0.5104
565,565,freight car,684,0.002822166384037431,0.5067
376,376,proboscis monkey,684,0.002822166384037431,0.5067
693,694,paddlewheel,683,0.002818040409791762,0.5059
984,985,daisy,682,0.0028139144355460934,0.5052
354,354,Arabian camel,672,0.0027726546930894056,0.4978
244,244,Tibetan mastiff,665,0.0027437728733697244,0.4926
140,140,red-backed sandpiper,660,0.0027231430021413807,0.4889
0,0,tench,658,0.0027148910536500433,0.4874
821,822,steel drum,656,0.002706639105158706,0.4859
979,980,volcano,655,0.0027025131309130366,0.4852
639,640,manhole cover,655,0.0027025131309130366,0.4852
316,316,cicada,649,0.002677757285439024,0.4807
274,274,dhole,649,0.002677757285439024,0.4807
641,642,marimba,646,0.002665379362702018,0.4785
405,405,airship,644,0.0026571274142106805,0.477
955,956,custard apple,644,0.0026571274142106805,0.477
887,888,viaduct,640,0.0026406235172280056,0.4741
403,403,aircraft carrier,639,0.002636497542982337,0.4733
144,144,pelican,637,0.0026282455944909994,0.4719
832,833,submarine,636,0.0026241196202453306,0.4711
291,291,lion,632,0.0026076157232626553,0.4681
100,100,black swan,632,0.0026076157232626553,0.4681
686,687,organ,631,0.0026034897490169865,0.4674
47,47,African chameleon,629,0.002595237800525649,0.4659
626,627,limousine,620,0.0025581040323146304,0.4593
797,798,slide rule,619,0.0025539780580689617,0.5107
611,612,jinrikisha,616,0.0025416001353319555,0.4563
725,726,plane,616,0.0025416001353319555,0.4563
326,326,lycaenid,613,0.002529222212594949,0.4541
951,952,fig,612,0.00252509623834928,0.4533
703,704,parking meter,611,0.0025209702641036114,0.4526
97,97,drake,610,0.0025168442898579426,0.4519
296,296,ice bear,610,0.0025168442898579426,0.4519
767,768,rugby ball,608,0.002508592341366605,0.4504
107,107,jellyfish,608,0.002508592341366605,0.4504
334,334,porcupine,606,0.0025003403928752677,0.4489
943,944,artichoke,606,0.0025003403928752677,0.4489
919,920,traffic light,604,0.00249208844438393,0.4474
69,69,trilobite,602,0.0024838364958925927,0.4459
990,991,coral fungus,601,0.002479710521646924,0.4452
500,500,cliff dwelling,601,0.002479710521646924,0.4452
308,308,fly,599,0.0024714585731555865,0.4437
722,723,pinwheel,592,0.002442576753435905,0.5073
973,974,geyser,590,0.0024343248049445675,0.437
748,749,quill,590,0.0024343248049445675,0.437
988,989,hip,590,0.0024343248049445675,0.437
455,455,bottlecap,587,0.0024219468822075613,0.4348
146,146,albatross,587,0.0024219468822075613,0.4348
18,18,magpie,584,0.002409568959470555,0.4326
854,855,thimble,583,0.0024054429852248863,0.4319
648,649,megalith,581,0.002397191036733549,0.4304
149,149,dugong,580,0.00239306506248788,0.4296
451,451,bolo tie,579,0.0023889390882422114,0.4289
362,362,badger,578,0.0023848131139965426,0.4281
624,625,lifeboat,575,0.002372435191259536,0.4259
970,971,bubble,574,0.0023683092170138672,0.4252
989,990,buckeye,572,0.0023600572685225298,0.4237
17,17,jay,571,0.002355931294276861,0.423
738,739,potter's wheel,570,0.0023518053200311923,0.4222
914,915,yurt,565,0.0023311754488028486,0.4185
857,858,tile roof,565,0.0023311754488028486,0.4185
1,1,goldfish,562,0.0023187975260658424,0.4163
104,104,wallaby,560,0.002310545577574505,0.4148
420,420,banjo,559,0.002306419603328836,0.4141
815,816,spindle,558,0.0023022936290831675,0.4133
785,786,sewing machine,558,0.0023022936290831675,0.4133
940,941,acorn squash,557,0.0022981676548374983,0.4126
106,106,wombat,555,0.002289915706346161,0.4111
585,586,half track,555,0.002289915706346161,0.4111
525,525,dam,553,0.0022816637578548233,0.4096
819,820,steam locomotive,553,0.0022816637578548233,0.4096
687,688,oscilloscope,547,0.002256907912380811,0.4052
994,995,earthstar,546,0.002252781938135142,0.4044
861,862,torch,546,0.002252781938135142,0.4044
993,994,stinkhorn,546,0.002252781938135142,0.4044
571,571,gas pump,545,0.0022486559638894735,0.4037
78,78,tick,543,0.002240404015398136,0.4022
439,439,bearskin,543,0.002240404015398136,0.4313
350,350,ibex,540,0.0022280260926611298,0.4
987,988,acorn,539,0.002223900118415461,0.3993
93,93,hornbill,539,0.002223900118415461,0.3993
792,793,shower cap,539,0.002223900118415461,0.3993
429,429,baseball,539,0.002223900118415461,0.3993
923,924,guacamole,538,0.0022197741441697923,0.3985
769,770,running shoe,538,0.0022197741441697923,0.3985
22,22,bald eagle,538,0.0022197741441697923,0.3985
671,672,mountain tent,533,0.002199144272941448,0.3948
116,116,chiton,532,0.0021950182986957795,0.3941
138,138,bustard,528,0.0021785144017131045,0.3911
496,496,Christmas stocking,526,0.002170262453221767,0.3896
317,317,leafhopper,524,0.0021620105047304296,0.3881
120,120,fiddler crab,523,0.002157884530484761,0.3874
111,111,nematode,522,0.002153758556239092,0.3867
591,592,hard disc,519,0.002141380633502086,0.3844
262,262,Brabancon griffon,518,0.0021372546592564167,0.4625
338,338,guinea pig,517,0.002133128685010748,0.383
801,802,snowmobile,516,0.0021290027107650792,0.3822
677,678,neck brace,513,0.002116624788028073,0.4171
325,325,sulphur butterfly,509,0.002100120891045398,0.377
665,666,mortar,504,0.0020794910198170544,0.3733
53,53,ringneck snake,502,0.002071239071325717,0.3719
466,466,bullet train,498,0.0020547351743430415,0.3689
698,699,panpipe,498,0.0020547351743430415,0.3689
480,480,cash machine,496,0.002046483225851704,0.3674
448,448,birdhouse,495,0.0020423572516060353,0.3667
306,306,rhinoceros beetle,495,0.0020423572516060353,0.3667
347,347,bison,495,0.0020423572516060353,0.3667
410,410,apiary,494,0.0020382312773603666,0.3659
890,891,waffle iron,494,0.0020382312773603666,0.4162
514,514,cowboy boot,492,0.002029979328869029,0.3644
673,674,mousetrap,490,0.0020217273803776917,0.363
458,458,brass,487,0.0020093494576406854,0.3607
926,927,trifle,487,0.0020093494576406854,0.3607
740,741,prayer rug,486,0.0020052234833950167,0.36
765,766,rotisserie,485,0.002001097509149348,0.3593
592,593,harmonica,484,0.0019969715349036792,0.3585
103,103,platypus,483,0.0019928455606580105,0.3654
332,332,Angora,481,0.001984593612166673,0.3563
401,401,accordion,479,0.001976341663675335,0.3548
375,375,colobus,477,0.0019680897151839977,0.3533
574,574,golf ball,474,0.0019557117924469914,0.3511
896,897,washer,474,0.0019557117924469914,0.3511
605,606,iron,474,0.0019557117924469914,0.3511
327,327,starfish,474,0.0019557117924469914,0.3511
475,475,car mirror,471,0.0019433338697099852,0.3489
125,125,hermit crab,468,0.001930955946972979,0.3467
43,43,frilled lizard,467,0.0019268299727273103,0.4002
613,614,kimono,467,0.0019268299727273103,0.3459
933,934,hotdog,467,0.0019268299727273103,0.3459
430,430,basketball,466,0.0019227039984816416,0.3452
134,134,crane,465,0.0019185780242359728,0.3444
621,622,lens cap,463,0.0019103260757446351,0.343
552,552,feather boa,458,0.0018896962045162914,0.3393
944,945,bell pepper,457,0.0018855702302706227,0.3385
627,628,liner,456,0.001881444256024954,0.3378
554,554,fireboat,456,0.001881444256024954,0.3378
876,877,turnstile,456,0.001881444256024954,0.3378
858,859,toaster,452,0.0018649403590422788,0.3348
39,39,common iguana,450,0.0018566884105509413,0.3333
498,498,cinema,448,0.0018484364620596039,0.3319
355,355,llama,447,0.0018443104878139351,0.3311
298,298,mongoose,446,0.0018401845135682664,0.3304
713,714,pick,445,0.0018360585393225977,0.3687
305,305,dung beetle,445,0.0018360585393225977,0.3296
491,491,chain saw,443,0.00182780659083126,0.3561
745,746,puck,440,0.0018154286680942538,0.3259
931,932,pretzel,439,0.001811302693848585,0.3252
443,443,bib,435,0.0017947987968659099,0.3222
762,763,revolver,434,0.0017906728226202411,0.3215
392,392,rock beauty,432,0.0017824208741289036,0.4239
173,173,Ibizan hound,431,0.001778294899883235,0.3193
568,568,fur coat,431,0.001778294899883235,0.3193
407,407,ambulance,431,0.001778294899883235,0.3193
834,835,sundial,428,0.0017659169771462287,0.317
963,964,potpie,426,0.0017576650286548912,0.3156
719,720,pill bottle,422,0.001741161131672216,0.3126
307,307,weevil,420,0.0017329091831808786,0.3111
394,394,sturgeon,418,0.0017246572346895411,0.3096
961,962,meat loaf,417,0.0017205312604438724,0.3089
652,653,milk can,414,0.001708153337706866,0.3609
657,658,mitten,414,0.001708153337706866,0.3067
712,713,photocopier,413,0.0017040273634611972,0.3059
38,38,banded gecko,413,0.0017040273634611972,0.3059
194,194,Dandie Dinmont,412,0.0016999013892155285,0.3416
417,417,balloon,406,0.001675145543741516,0.3007
604,605,iPod,405,0.0016710195694958471,0.3
450,450,bobsled,405,0.0016710195694958471,0.3
522,522,croquet ball,402,0.001658641646758841,0.2978
361,361,skunk,400,0.0016503896982675034,0.2963
721,722,ping-pong ball,400,0.0016503896982675034,0.3003
42,42,agama,397,0.0016380117755304972,0.2941
539,539,doormat,395,0.0016297598270391595,0.2926
573,573,go-kart,394,0.0016256338527934908,0.2919
397,397,puffer,393,0.001621507878547822,0.2911
367,367,chimpanzee,391,0.0016132559300564846,0.2896
936,937,broccoli,391,0.0016132559300564846,0.2896
608,609,jeep,388,0.0016008780073194784,0.2874
88,88,macaw,385,0.001588500084582472,0.2852
806,807,solar dish,384,0.0015843741103368032,0.2844
533,533,dishrag,383,0.0015802481360911345,0.2837
65,65,sea snake,381,0.001571996187599797,0.2822
564,564,four-poster,378,0.0015596182648627908,0.28
907,908,wing,377,0.001555492290617122,0.2793
447,447,binoculars,377,0.001555492290617122,0.2793
879,880,unicycle,376,0.0015513663163714531,0.2785
136,136,European gallinule,371,0.0015307364451431094,0.2748
928,929,ice lolly,369,0.001522484496651772,0.2733
114,114,slug,367,0.0015142325481604345,0.2719
75,75,black widow,364,0.001501854625423428,0.2696
842,843,swing,361,0.0014894767026864218,0.2674
580,580,greenhouse,360,0.0014853507284407531,0.2667
771,772,safety pin,359,0.0014812247541950844,0.2743
636,637,mailbox,358,0.0014770987799494156,0.2652
214,214,Gordon setter,358,0.0014770987799494156,0.2652
223,223,schipperke,355,0.0014647208572124092,0.263
433,433,bathing cap,351,0.0014482169602297343,0.26
718,719,piggy bank,351,0.0014482169602297343,0.26
384,384,indri,347,0.001431713063247059,0.257
683,684,ocarina,344,0.001419335140510053,0.2548
335,335,fox squirrel,343,0.0014152091662643842,0.2731
667,668,mosque,340,0.001402831243527378,0.2519
569,569,garbage truck,338,0.0013945792950360405,0.2504
995,996,hen-of-the-woods,337,0.0013904533207903715,0.2496
113,113,snail,337,0.0013904533207903715,0.2496
728,729,plate rack,337,0.0013904533207903715,0.3055
579,579,grand piano,333,0.0013739494238076966,0.2467
314,314,cockroach,329,0.0013574455268250216,0.2437
932,933,cheeseburger,327,0.001349193578333684,0.2422
813,814,speedboat,326,0.0013450676040880152,0.2415
148,148,killer whale,325,0.0013409416298423465,0.2407
772,773,saltshaker,324,0.0013368156555966777,0.24
465,465,bulletproof vest,324,0.0013368156555966777,0.2643
169,169,borzoi,323,0.001332689681351009,0.2393
495,495,china cabinet,322,0.0013285637071053403,0.2385
284,284,Siamese cat,321,0.0013244377328596715,0.2378
286,286,cougar,321,0.0013244377328596715,0.2378
615,616,knot,316,0.0013038078616313276,0.2341
310,310,ant,313,0.0012914299388943214,0.2319
886,887,vestment,312,0.0012873039646486527,0.2311
824,825,stone wall,312,0.0012873039646486527,0.2311
628,629,lipstick,310,0.0012790520161573152,0.2296
212,212,English setter,310,0.0012790520161573152,0.2296
545,545,electric fan,308,0.0012708000676659777,0.2281
150,150,sea lion,307,0.0012666740934203088,0.2274
789,790,shopping basket,302,0.001246044222191965,0.2237
612,613,joystick,302,0.001246044222191965,0.2237
490,490,chain mail,301,0.0012419182479462964,0.223
131,131,little blue heron,301,0.0012419182479462964,0.223
339,339,sorrel,300,0.0012377922737006276,0.2222
911,912,worm fence,298,0.00122954032520929,0.2207
659,660,mobile home,297,0.0012254143509636212,0.22
796,797,sleeping bag,297,0.0012254143509636212,0.22
681,682,obelisk,296,0.0012212883767179525,0.2193
63,63,Indian cobra,295,0.0012171624024722837,0.2185
287,287,lynx,294,0.001213036428226615,0.2178
912,913,wreck,294,0.001213036428226615,0.2178
521,521,Crock Pot,294,0.001213036428226615,0.2377
838,839,suspension bridge,293,0.0012089104539809463,0.217
518,518,crash helmet,293,0.0012089104539809463,0.217
523,523,crutch,292,0.0012047844797352775,0.2163
787,788,shoe shop,291,0.0012006585054896088,0.2156
921,922,menu,291,0.0012006585054896088,0.2156
126,126,isopod,291,0.0012006585054896088,0.2156
456,456,bow,290,0.00119653253124394,0.2148
143,143,oystercatcher,289,0.0011924065569982713,0.2141
856,857,throne,289,0.0011924065569982713,0.2817
868,869,trench coat,288,0.0011882805827526024,0.2611
315,315,mantis,288,0.0011882805827526024,0.2133
802,803,snowplow,286,0.0011800286342612649,0.2119
471,471,cannon,286,0.0011800286342612649,0.2119
432,432,bassoon,284,0.0011717766857699274,0.2104
283,283,Persian cat,283,0.0011676507115242587,0.2096
853,854,theater curtain,282,0.00116352473727859,0.2146
331,331,hare,282,0.00116352473727859,0.2089
746,747,punching bag,281,0.0011593987630329212,0.2167
534,534,dishwasher,279,0.0011511468145415837,0.2067
869,870,tricycle,275,0.0011346429175589086,0.2037
268,268,Mexican hairless,275,0.0011346429175589086,0.3416
734,735,poncho,274,0.0011305169433132398,0.203
419,419,Band Aid,274,0.0011305169433132398,0.203
962,963,pizza,273,0.001126390969067571,0.2022
467,467,butcher shop,272,0.0011222649948219024,0.2015
99,99,goose,271,0.0011181390205762336,0.2007
784,785,seat belt,271,0.0011181390205762336,0.2007
903,904,window screen,266,0.0010975091493478897,0.197
112,112,conch,265,0.001093383175102221,0.1963
878,879,umbrella,265,0.001093383175102221,0.1963
328,328,sea urchin,264,0.0010892572008565523,0.1956
469,469,caldron,263,0.0010851312266108835,0.1948
147,147,grey whale,262,0.0010810052523652148,0.2183
675,676,muzzle,261,0.001076879278119546,0.2206
408,408,amphibian,260,0.0010727533038738773,0.1926
726,727,planetarium,260,0.0010727533038738773,0.197
822,823,stethoscope,259,0.0010686273296282084,0.1919
297,297,sloth bear,258,0.0010645013553825396,0.1911
313,313,walking stick,256,0.0010562494068912021,0.1896
885,886,vending machine,256,0.0010562494068912021,0.1896
716,717,pickup,254,0.0010479974583998647,0.1881
805,806,sock,252,0.0010397455099085272,0.1867
566,566,French horn,252,0.0010397455099085272,0.1867
428,428,barrow,252,0.0010397455099085272,0.1867
761,762,restaurant,251,0.0010356195356628585,0.1859
764,765,rocking chair,251,0.0010356195356628585,0.1859
702,703,park bench,250,0.0010314935614171897,0.1852
614,615,knee pad,249,0.0010273675871715208,0.1844
752,753,radiator,249,0.0010273675871715208,0.1911
550,550,espresso maker,245,0.0010108636901888458,0.2066
964,965,burrito,243,0.0010026117416975084,0.18
696,697,pajama,243,0.0010026117416975084,0.18
503,503,cocktail shaker,242,0.0009984857674518396,0.201
441,441,beer glass,241,0.0009943597932061709,0.1785
720,721,pillow,241,0.0009943597932061709,0.1785
478,478,carton,239,0.0009861078447148332,0.177
947,948,Granny Smith,238,0.0009819818704691645,0.1763
616,617,lab coat,234,0.0009654779734864895,0.1733
711,712,Petri dish,233,0.0009613519992408208,0.2302
804,805,soccer ball,233,0.0009613519992408208,0.1726
844,845,syringe,232,0.0009572260249951519,0.1719
556,556,fire screen,232,0.0009572260249951519,0.1719
470,470,candle,231,0.0009531000507494832,0.1711
199,199,Scotch terrier,231,0.0009531000507494832,0.1711
121,121,king crab,228,0.000940722128012477,0.1689
825,826,stopwatch,226,0.0009324701795211394,0.1993
553,553,file,226,0.0009324701795211394,0.1674
178,178,Weimaraner,226,0.0009324701795211394,0.1674
228,228,komondor,224,0.0009242182310298019,0.1659
889,890,volleyball,223,0.0009200922567841332,0.1652
589,590,hand-held computer,220,0.0009077143340471269,0.203
690,691,oxygen mask,219,0.0009035883598014581,0.1622
938,939,zucchini,216,0.0008912104370644518,0.16
457,457,bow tie,215,0.0008870844628187831,0.1593
588,589,hand blower,215,0.0008870844628187831,0.1593
210,210,German short-haired pointer,215,0.0008870844628187831,0.1593
935,936,head cabbage,214,0.0008829584885731144,0.1585
646,647,measuring cup,214,0.0008829584885731144,0.1585
930,931,bagel,214,0.0008829584885731144,0.1585
881,882,vacuum,213,0.0008788325143274456,0.1578
685,686,oil filter,209,0.0008623286173447706,0.1786
251,251,dalmatian,209,0.0008623286173447706,0.1548
744,745,projector,208,0.0008582026430991018,0.1541
530,530,digital clock,208,0.0008582026430991018,0.1541
843,844,switch,207,0.000854076668853433,0.1533
607,608,jean,204,0.0008416987461164268,0.1511
395,395,gar,204,0.0008416987461164268,0.1511
562,562,fountain,201,0.0008293208233794205,0.1489
668,669,mosquito net,200,0.0008251948491337517,0.1481
425,425,barn,198,0.0008169429006424142,0.1467
788,789,shoji,196,0.0008086909521510767,0.1509
590,591,handkerchief,196,0.0008086909521510767,0.1452
459,459,brassiere,194,0.0008004390036597392,0.1437
730,731,plunger,194,0.0008004390036597392,0.1488
777,778,scale,192,0.0007921870551684016,0.1422
640,641,maraca,192,0.0007921870551684016,0.1422
756,757,recreational vehicle,190,0.0007839351066770641,0.1407
551,551,face powder,187,0.0007715571839400578,0.1554
632,633,loupe,185,0.0007633052354487203,0.137
247,247,Saint Bernard,185,0.0007633052354487203,0.137
863,864,tow truck,184,0.0007591792612030516,0.1363
706,707,pay-phone,183,0.0007550532869573828,0.1356
365,365,orangutan,182,0.000750927312711714,0.1348
862,863,totem pole,181,0.0007468013384660453,0.1341
620,621,lawn mower,179,0.0007385493899747078,0.1326
602,603,horse cart,178,0.000734423415729039,0.1319
782,783,screw,177,0.0007302974414833702,0.1311
968,969,eggnog,176,0.0007261714672377015,0.1416
163,163,bloodhound,171,0.0007055415960093577,0.1267
462,462,broom,171,0.0007055415960093577,0.1267
234,234,Rottweiler,171,0.0007055415960093577,0.1267
14,14,indigo bunting,171,0.0007055415960093577,0.1267
507,507,combination lock,170,0.000701415621763689,0.1343
535,535,disk brake,170,0.000701415621763689,0.1259
634,635,magnetic compass,169,0.0006972896475180202,0.1402
672,673,mouse,168,0.0006931636732723514,0.1244
333,333,hamster,167,0.0006890376990266827,0.1237
597,598,home theater,164,0.0006766597762896764,0.1215
434,434,bath towel,164,0.0006766597762896764,0.1215
399,399,abaya,162,0.0006684078277983389,0.12
633,634,lumbermill,161,0.0006642818535526701,0.1193
329,329,sea cucumber,156,0.0006436519823243263,0.1156
710,711,perfume,156,0.0006436519823243263,0.1156
10,10,brambling,156,0.0006436519823243263,0.1156
499,499,cleaver,155,0.0006395260080786576,0.1388
679,680,nipple,153,0.00063127405958732,0.1133
642,643,mask,153,0.00063127405958732,0.1133
904,905,window shade,150,0.0006188961368503138,0.1111
953,954,banana,149,0.000614770162604645,0.1104
559,559,folding chair,146,0.0006023922398676388,0.1081
900,901,whiskey jug,146,0.0006023922398676388,0.1321
794,795,ski,145,0.00059826626562197,0.1074
374,374,langur,145,0.00059826626562197,0.1074
695,696,paintbrush,144,0.0005941402913763012,0.1067
182,182,Border terrier,144,0.0005941402913763012,0.1067
829,830,stretcher,144,0.0005941402913763012,0.1067
164,164,bluetick,143,0.0005900143171306324,0.1206
110,110,flatworm,143,0.0005900143171306324,0.1059
519,519,crate,143,0.0005900143171306324,0.1059
323,323,monarch,142,0.0005858883428849637,0.1052
303,303,long-horned beetle,141,0.000581762368639295,0.1044
336,336,marmot,141,0.000581762368639295,0.1044
555,555,fire engine,140,0.0005776363943936262,0.1037
422,422,barbell,139,0.0005735104201479574,0.103
766,767,rubber eraser,138,0.0005693844459022887,0.1022
793,794,shower curtain,138,0.0005693844459022887,0.1022
492,492,chest,137,0.0005652584716566199,0.1015
830,831,studio couch,136,0.0005611324974109512,0.1007
625,626,lighter,136,0.0005611324974109512,0.1007
337,337,beaver,135,0.0005570065231652824,0.1
544,544,Dutch oven,133,0.0005487545746739449,0.0985
596,597,holster,131,0.0005405026261826074,0.097
160,160,Afghan hound,131,0.0005405026261826074,0.097
757,758,reel,128,0.0005281247034456011,0.0948
820,821,steel arch bridge,127,0.0005239987291999323,0.1056
941,942,butternut squash,127,0.0005239987291999323,0.0941
851,852,tennis ball,127,0.0005239987291999323,0.0941
271,271,red wolf,126,0.0005198727549542636,0.0933
483,483,castle,125,0.0005157467807085949,0.0926
751,752,racket,124,0.000511620806462926,0.0919
255,255,Leonberg,124,0.000511620806462926,0.0919
493,493,chiffonier,123,0.0005074948322172573,0.0911
902,903,wig,123,0.0005074948322172573,0.0911
739,740,power drill,122,0.0005033688579715885,0.1273
774,775,sarong,122,0.0005033688579715885,0.0904
770,771,safe,122,0.0005033688579715885,0.1131
427,427,barrel,122,0.0005033688579715885,0.0904
351,351,hartebeest,122,0.0005033688579715885,0.0904
699,700,paper towel,121,0.0004992428837259198,0.0896
934,935,mashed potato,120,0.0004951169094802511,0.0889
293,293,cheetah,118,0.0004868649609889135,0.0874
224,224,groenendael,114,0.0004703610640062385,0.0844
737,738,pot,114,0.0004703610640062385,0.0844
839,840,swab,112,0.00046210911551490097,0.083
414,414,backpack,111,0.0004579831412692322,0.0822
294,294,brown bear,111,0.0004579831412692322,0.0822
651,652,military uniform,111,0.0004579831412692322,0.0822
372,372,baboon,108,0.0004456052185322259,0.08
649,650,microphone,107,0.0004414792442865572,0.0793
512,512,corkscrew,106,0.0004373532700408884,0.0785
905,906,Windsor tie,106,0.0004373532700408884,0.0839
918,919,street sign,105,0.00043322729579521965,0.0778
513,513,cornet,103,0.0004249753473038821,0.0763
715,716,picket fence,103,0.0004249753473038821,0.0763
102,102,echidna,102,0.0004208493730582134,0.0756
800,801,snorkel,102,0.0004208493730582134,0.0756
452,452,bonnet,99,0.0004084714503212071,0.0733
650,651,microwave,99,0.0004084714503212071,0.0733
909,910,wooden spoon,98,0.00040434547607553833,0.0726
411,411,apron,98,0.00040434547607553833,0.0726
754,755,radio telescope,97,0.0004002195018298696,0.0719
418,418,ballpoint,92,0.0003795896306015258,0.0715
807,808,sombrero,90,0.0003713376821101883,0.0667
942,943,cucumber,89,0.0003672117078645195,0.0659
118,118,Dungeness crab,89,0.0003672117078645195,0.0659
416,416,balance beam,87,0.000358959759373182,0.0644
733,734,police van,86,0.0003548337851275132,0.0637
558,558,flute,85,0.0003507078108818445,0.063
759,760,refrigerator,85,0.0003507078108818445,0.063
341,341,hog,85,0.0003507078108818445,0.063
85,85,quail,84,0.0003465818366361757,0.0622
658,659,mixing bowl,84,0.0003465818366361757,0.0622
529,529,diaper,84,0.0003465818366361757,0.0622
57,57,garter snake,84,0.0003465818366361757,0.0622
81,81,ptarmigan,84,0.0003465818366361757,0.0622
95,95,jacamar,82,0.0003383298881448382,0.0607
246,246,Great Dane,82,0.0003383298881448382,0.0607
827,828,strainer,81,0.00033420391389916943,0.06
871,872,tripod,80,0.0003300779396535007,0.0661
127,127,white stork,80,0.0003300779396535007,0.0593
402,402,acoustic guitar,80,0.0003300779396535007,0.0593
786,787,shield,78,0.00032182599116216317,0.0578
13,13,junco,78,0.00032182599116216317,0.0578
960,961,dough,78,0.00032182599116216317,0.0578
547,547,electric locomotive,77,0.00031770001691649443,0.057
577,577,gong,76,0.00031357404267082564,0.0571
253,253,basenji,75,0.0003094480684251569,0.0556
264,264,Cardigan,73,0.0003011961199338194,0.0541
424,424,barbershop,73,0.0003011961199338194,0.0541
939,940,spaghetti squash,73,0.0003011961199338194,0.0566
260,260,chow,73,0.0003011961199338194,0.0541
2,2,great white shark,72,0.0002970701456881506,0.0533
841,842,swimming trunks,71,0.00029294417144248185,0.0526
426,426,barometer,71,0.00029294417144248185,0.0568
206,206,curly-coated retriever,71,0.00029294417144248185,0.056
383,383,Madagascar cat,69,0.0002846922229511443,0.0511
803,804,soap dispenser,69,0.0002846922229511443,0.0511
67,67,diamondback,68,0.0002805662487054756,0.0504
723,724,pirate,68,0.0002805662487054756,0.0582
128,128,black stork,67,0.0002764402744598068,0.0496
203,203,West Highland white terrier,67,0.0002764402744598068,0.0496
444,444,bicycle-built-for-two,66,0.00027231430021413806,0.0489
40,40,American chameleon,66,0.00027231430021413806,0.0489
629,630,Loafer,65,0.0002681883259684693,0.0548
598,599,honeycomb,65,0.0002681883259684693,0.0481
502,502,clog,64,0.00026406235172280054,0.0474
259,259,Pomeranian,64,0.00026406235172280054,0.0474
729,730,plow,63,0.0002599363774771318,0.0467
870,871,trimaran,62,0.000255810403231463,0.0459
583,584,hair slide,62,0.000255810403231463,0.0459
727,728,plastic bag,62,0.000255810403231463,0.0554
732,733,pole,61,0.0002516844289857943,0.0452
760,761,remote control,61,0.0002516844289857943,0.0452
23,23,vulture,61,0.0002516844289857943,0.0452
587,588,hamper,61,0.0002516844289857943,0.0452
122,122,American lobster,61,0.0002516844289857943,0.0452
859,860,tobacco shop,60,0.00024755845474012554,0.0462
697,698,palace,59,0.00024343248049445675,0.0437
791,792,shovel,59,0.00024343248049445675,0.0437
200,200,Tibetan terrier,58,0.00023930650624878798,0.043
309,309,bee,57,0.00023518053200311925,0.0422
322,322,ringlet,56,0.00023105455775745048,0.0415
292,292,tiger,56,0.00023105455775745048,0.0415
880,881,upright,54,0.00022280260926611296,0.04
506,506,coil,54,0.00022280260926611296,0.04
749,750,quilt,54,0.00022280260926611296,0.04
790,791,shopping cart,53,0.0002186766350204442,0.0393
299,299,meerkat,53,0.0002186766350204442,0.0393
750,751,racer,53,0.0002186766350204442,0.0393
225,225,malinois,53,0.0002186766350204442,0.0393
21,21,kite,53,0.0002186766350204442,0.0393
775,776,sax,52,0.00021455066077477546,0.0385
442,442,bell cote,52,0.00021455066077477546,0.0385
538,538,dome,52,0.00021455066077477546,0.0385
742,743,prison,52,0.00021455066077477546,0.0385
689,690,oxcart,51,0.0002104246865291067,0.0378
867,868,tray,50,0.00020629871228343793,0.037
707,708,pedestal,50,0.00020629871228343793,0.0415
795,796,ski mask,50,0.00020629871228343793,0.037
37,37,box turtle,49,0.00020217273803776917,0.0363
382,382,squirrel monkey,49,0.00020217273803776917,0.0363
783,784,screwdriver,49,0.00020217273803776917,0.0363
888,889,violin,48,0.0001980467637921004,0.0356
656,657,missile,48,0.0001980467637921004,0.0356
850,851,television,48,0.0001980467637921004,0.0356
46,46,green lizard,48,0.0001980467637921004,0.0356
377,377,marmoset,47,0.00019392078954643164,0.0348
541,541,drum,47,0.00019392078954643164,0.0348
877,878,typewriter keyboard,47,0.00019392078954643164,0.0348
473,473,can opener,47,0.00019392078954643164,0.0348
5,5,electric ray,47,0.00019392078954643164,0.0348
109,109,brain coral,47,0.00019392078954643164,0.0348
72,72,black and gold garden spider,46,0.0001897948153007629,0.0341
250,250,Siberian husky,46,0.0001897948153007629,0.0341
924,925,consomme,46,0.0001897948153007629,0.0366
86,86,partridge,46,0.0001897948153007629,0.0341
618,619,lampshade,45,0.00018566884105509414,0.0333
840,841,sweatshirt,45,0.00018566884105509414,0.0459
311,311,grasshopper,45,0.00018566884105509414,0.0333
524,524,cuirass,45,0.00018566884105509414,0.0333
692,693,paddle,45,0.00018566884105509414,0.0333
263,263,Pembroke,44,0.00018154286680942538,0.0326
435,435,bathtub,44,0.00018154286680942538,0.0326
567,567,frying pan,44,0.00018154286680942538,0.0346
948,949,strawberry,43,0.0001774168925637566,0.0319
6,6,stingray,43,0.0001774168925637566,0.0319
669,670,motor scooter,43,0.0001774168925637566,0.0319
826,827,stove,43,0.0001774168925637566,0.0319
929,930,French loaf,43,0.0001774168925637566,0.0319
258,258,Samoyed,43,0.0001774168925637566,0.0319
391,391,coho,42,0.00017329091831808785,0.0311
481,481,cassette,41,0.0001691649440724191,0.0332
265,265,toy poodle,41,0.0001691649440724191,0.0304
31,31,tree frog,41,0.0001691649440724191,0.0304
505,505,coffeepot,41,0.0001691649440724191,0.0304
543,543,dumbbell,41,0.0001691649440724191,0.0304
301,301,ladybug,41,0.0001691649440724191,0.0304
950,951,lemon,40,0.00016503896982675035,0.0296
50,50,American alligator,40,0.00016503896982675035,0.0296
986,987,corn,40,0.00016503896982675035,0.0296
980,981,ballplayer,40,0.00016503896982675035,0.0296
266,266,miniature poodle,40,0.00016503896982675035,0.0296
261,261,keeshond,40,0.00016503896982675035,0.0296
386,386,African elephant,40,0.00016503896982675035,0.0296
670,671,mountain bike,40,0.00016503896982675035,0.0296
187,187,Yorkshire terrier,40,0.00016503896982675035,0.0296
814,815,spider web,40,0.00016503896982675035,0.0296
694,695,padlock,40,0.00016503896982675035,0.0296
232,232,Border collie,40,0.00016503896982675035,0.0296
101,101,tusker,40,0.00016503896982675035,0.0296
440,440,beer bottle,39,0.00016091299558108159,0.0289
345,345,ox,39,0.00016091299558108159,0.0289
891,892,wall clock,39,0.00016091299558108159,0.0289
981,982,groom,39,0.00016091299558108159,0.0289
971,972,cliff,39,0.00016091299558108159,0.0289
479,479,car wheel,39,0.00016091299558108159,0.0289
619,620,laptop,39,0.00016091299558108159,0.0289
359,359,black-footed ferret,39,0.00016091299558108159,0.0289
464,464,buckle,38,0.00015678702133541282,0.0281
289,289,snow leopard,38,0.00015678702133541282,0.0281
204,204,Lhasa,38,0.00015678702133541282,0.0281
461,461,breastplate,38,0.00015678702133541282,0.0281
281,281,tabby,38,0.00015678702133541282,0.0281
27,27,eft,38,0.00015678702133541282,0.0281
33,33,loggerhead,38,0.00015678702133541282,0.0281
489,489,chainlink fence,38,0.00015678702133541282,0.0281
357,357,mink,38,0.00015678702133541282,0.0281
8,8,hen,37,0.00015266104708974406,0.0274
275,275,African hunting dog,37,0.00015266104708974406,0.0274
226,226,briard,37,0.00015266104708974406,0.0274
884,885,velvet,37,0.00015266104708974406,0.0333
865,866,tractor,37,0.00015266104708974406,0.0274
385,385,Indian elephant,36,0.0001485350728440753,0.0267
485,485,CD player,36,0.0001485350728440753,0.0267
49,49,African crocodile,36,0.0001485350728440753,0.0267
897,898,water bottle,36,0.0001485350728440753,0.0267
488,488,chain,36,0.0001485350728440753,0.0267
773,774,sandal,36,0.0001485350728440753,0.0267
894,895,warplane,35,0.00014440909859840656,0.0259
509,509,confectionery,35,0.00014440909859840656,0.0259
991,992,agaric,35,0.00014440909859840656,0.0259
581,581,grille,35,0.00014440909859840656,0.0259
176,176,Saluki,35,0.00014440909859840656,0.0259
423,423,barber chair,35,0.00014440909859840656,0.0259
277,277,red fox,35,0.00014440909859840656,0.0259
768,769,rule,35,0.00014440909859840656,0.0259
497,497,church,35,0.00014440909859840656,0.0259
666,667,mortarboard,34,0.0001402831243527378,0.0252
445,445,bikini,34,0.0001402831243527378,0.0252
55,55,green snake,34,0.0001402831243527378,0.0252
267,267,standard poodle,34,0.0001402831243527378,0.0252
818,819,stage,34,0.0001402831243527378,0.0252
431,431,bassinet,34,0.0001402831243527378,0.0252
319,319,dragonfly,34,0.0001402831243527378,0.0252
487,487,cellular telephone,34,0.0001402831243527378,0.0252
342,342,wild boar,34,0.0001402831243527378,0.0252
570,570,gasmask,34,0.0001402831243527378,0.0252
893,894,wardrobe,34,0.0001402831243527378,0.0252
531,531,digital watch,34,0.0001402831243527378,0.0362
532,532,dining table,33,0.00013615715010706903,0.0244
352,352,impala,33,0.00013615715010706903,0.0244
198,198,standard schnauzer,33,0.00013615715010706903,0.0244
349,349,bighorn,33,0.00013615715010706903,0.0244
269,269,timber wolf,33,0.00013615715010706903,0.0244
910,911,wool,32,0.00013203117586140027,0.0237
132,132,American egret,32,0.00013203117586140027,0.0237
906,907,wine bottle,32,0.00013203117586140027,0.0237
508,508,computer keyboard,32,0.00013203117586140027,0.0237
412,412,ashcan,32,0.00013203117586140027,0.0237
3,3,tiger shark,32,0.00013203117586140027,0.0237
123,123,spiny lobster,32,0.00013203117586140027,0.0237
276,276,hyena,32,0.00013203117586140027,0.0237
154,154,Pekinese,32,0.00013203117586140027,0.0237
809,810,space bar,32,0.00013203117586140027,0.0292
230,230,Shetland sheepdog,32,0.00013203117586140027,0.0237
389,389,barracouta,32,0.00013203117586140027,0.0237
680,681,notebook,32,0.00013203117586140027,0.0237
678,679,necklace,32,0.00013203117586140027,0.0237
997,998,ear,32,0.00013203117586140027,0.0237
996,997,bolete,31,0.0001279052016157315,0.023
7,7,cock,31,0.0001279052016157315,0.023
404,404,airliner,31,0.0001279052016157315,0.023
482,482,cassette player,31,0.0001279052016157315,0.023
366,366,gorilla,31,0.0001279052016157315,0.023
638,639,maillot,31,0.0001279052016157315,0.023
34,34,leatherback turtle,31,0.0001279052016157315,0.023
300,300,tiger beetle,31,0.0001279052016157315,0.023
676,677,nail,31,0.0001279052016157315,0.023
312,312,cricket,31,0.0001279052016157315,0.023
864,865,toyshop,31,0.0001279052016157315,0.023
557,557,flagpole,31,0.0001279052016157315,0.023
348,348,ram,31,0.0001279052016157315,0.023
28,28,spotted salamander,31,0.0001279052016157315,0.023
409,409,analog clock,31,0.0001279052016157315,0.0231
195,195,Boston bull,30,0.00012377922737006277,0.0222
959,960,chocolate sauce,30,0.00012377922737006277,0.0222
474,474,cardigan,30,0.00012377922737006277,0.0222
895,896,washbasin,30,0.00012377922737006277,0.0222
477,477,carpenter's kit,30,0.00012377922737006277,0.0222
369,369,siamang,30,0.00012377922737006277,0.0222
36,36,terrapin,30,0.00012377922737006277,0.0222
400,400,academic gown,30,0.00012377922737006277,0.0222
578,578,gown,30,0.00012377922737006277,0.0222
747,748,purse,30,0.00012377922737006277,0.0222
808,809,soup bowl,30,0.00012377922737006277,0.0222
743,744,projectile,30,0.00012377922737006277,0.0222
860,861,toilet seat,30,0.00012377922737006277,0.0222
320,320,damselfly,30,0.00012377922737006277,0.0222
208,208,Labrador retriever,30,0.00012377922737006277,0.0222
755,756,rain barrel,30,0.00012377922737006277,0.0222
252,252,affenpinscher,30,0.00012377922737006277,0.0299
380,380,titi,29,0.00011965325312439399,0.0215
892,893,wallet,29,0.00011965325312439399,0.0215
484,484,catamaran,29,0.00011965325312439399,0.0215
472,472,canoe,29,0.00011965325312439399,0.0215
875,876,tub,29,0.00011965325312439399,0.0215
647,648,medicine chest,29,0.00011965325312439399,0.0215
810,811,space heater,29,0.00011965325312439399,0.0275
837,838,sunscreen,29,0.00011965325312439399,0.0229
280,280,grey fox,29,0.00011965325312439399,0.0215
201,201,silky terrier,29,0.00011965325312439399,0.0215
623,624,library,29,0.00011965325312439399,0.0215
390,390,eel,29,0.00011965325312439399,0.0239
371,371,patas,29,0.00011965325312439399,0.0215
972,973,coral reef,28,0.00011552727887872524,0.0207
197,197,giant schnauzer,28,0.00011552727887872524,0.0207
183,183,Kerry blue terrier,28,0.00011552727887872524,0.0212
229,229,Old English sheepdog,28,0.00011552727887872524,0.0207
151,151,Chihuahua,28,0.00011552727887872524,0.0207
486,486,cello,28,0.00011552727887872524,0.0207
908,909,wok,28,0.00011552727887872524,0.0207
64,64,green mamba,28,0.00011552727887872524,0.0207
454,454,bookshop,28,0.00011552727887872524,0.0207
546,546,electric guitar,28,0.00011552727887872524,0.0207
542,542,drumstick,28,0.00011552727887872524,0.0207
630,631,lotion,27,0.00011140130463305648,0.0204
949,950,orange,27,0.00011140130463305648,0.02
188,188,wire-haired fox terrier,27,0.00011140130463305648,0.0263
882,883,vase,27,0.00011140130463305648,0.02
346,346,water buffalo,27,0.00011140130463305648,0.02
295,295,American black bear,27,0.00011140130463305648,0.02
468,468,cab,27,0.00011140130463305648,0.02
945,946,cardoon,27,0.00011140130463305648,0.023
73,73,barn spider,27,0.00011140130463305648,0.02
330,330,wood rabbit,27,0.00011140130463305648,0.02
812,813,spatula,27,0.00011140130463305648,0.02
272,272,coyote,27,0.00011140130463305648,0.02
174,174,Norwegian elkhound,27,0.00011140130463305648,0.02
186,186,Norwich terrier,26,0.00010727533038738773,0.0193
196,196,miniature schnauzer,26,0.00010727533038738773,0.0193
701,702,parallel bars,26,0.00010727533038738773,0.0193
520,520,crib,26,0.00010727533038738773,0.0193
515,515,cowboy hat,26,0.00010727533038738773,0.0193
717,718,pier,26,0.00010727533038738773,0.0193
180,180,American Staffordshire terrier,26,0.00010727533038738773,0.0193
279,279,Arctic fox,26,0.00010727533038738773,0.0193
817,818,spotlight,26,0.00010727533038738773,0.0193
594,595,harvester,26,0.00010727533038738773,0.0193
254,254,pug,26,0.00010727533038738773,0.0193
30,30,bullfrog,26,0.00010727533038738773,0.0193
393,393,anemone fish,26,0.00010727533038738773,0.0193
179,179,Staffordshire bullterrier,25,0.00010314935614171896,0.0185
758,759,reflex camera,25,0.00010314935614171896,0.0185
41,41,whiptail,25,0.00010314935614171896,0.0185
600,601,hoopskirt,25,0.00010314935614171896,0.0185
601,602,horizontal bar,25,0.00010314935614171896,0.0185
172,172,whippet,25,0.00010314935614171896,0.0185
617,618,ladle,25,0.00010314935614171896,0.0185
282,282,tiger cat,25,0.00010314935614171896,0.0185
373,373,macaque,25,0.00010314935614171896,0.0185
61,61,boa constrictor,25,0.00010314935614171896,0.0185
66,66,horned viper,25,0.00010314935614171896,0.0185
235,235,German shepherd,25,0.00010314935614171896,0.0185
708,709,pencil box,25,0.00010314935614171896,0.0185
847,848,tape player,25,0.00010314935614171896,0.0185
517,517,crane,24,0.0000990233818960502,0.0178
68,68,sidewinder,24,0.0000990233818960502,0.0178
155,155,Shih-Tzu,24,0.0000990233818960502,0.0178
848,849,teapot,24,0.0000990233818960502,0.0178
156,156,Blenheim spaniel,24,0.0000990233818960502,0.0178
916,917,comic book,24,0.0000990233818960502,0.0178
82,82,ruffed grouse,24,0.0000990233818960502,0.0178
776,777,scabbard,24,0.0000990233818960502,0.0178
763,764,rifle,24,0.0000990233818960502,0.0178
438,438,beaker,24,0.0000990233818960502,0.0178
966,967,espresso,24,0.0000990233818960502,0.0178
833,834,suit,23,0.00009489740765038145,0.017
582,582,grocery store,23,0.00009489740765038145,0.017
193,193,Australian terrier,23,0.00009489740765038145,0.017
413,413,assault rifle,23,0.00009489740765038145,0.017
437,437,beacon,23,0.00009489740765038145,0.017
4,4,hammerhead,23,0.00009489740765038145,0.017
978,979,valley,23,0.00009489740765038145,0.017
62,62,rock python,23,0.00009489740765038145,0.0205
927,928,ice cream,23,0.00009489740765038145,0.017
237,237,miniature pinscher,23,0.00009489740765038145,0.017
343,343,warthog,23,0.00009489740765038145,0.017
516,516,cradle,23,0.00009489740765038145,0.017
704,705,passenger car,23,0.00009489740765038145,0.017
356,356,weasel,23,0.00009489740765038145,0.017
218,218,Welsh springer spaniel,23,0.00009489740765038145,0.017
213,213,Irish setter,23,0.00009489740765038145,0.017
241,241,EntleBucher,22,0.00009077143340471269,0.0163
239,239,Bernese mountain dog,22,0.00009077143340471269,0.0163
998,999,toilet tissue,22,0.00009077143340471269,0.0163
56,56,king snake,22,0.00009077143340471269,0.0163
35,35,mud turtle,22,0.00009077143340471269,0.0163
406,406,altar,22,0.00009077143340471269,0.0163
202,202,soft-coated wheaten terrier,22,0.00009077143340471269,0.0163
171,171,Italian greyhound,22,0.00009077143340471269,0.0163
162,162,beagle,22,0.00009077143340471269,0.0163
537,537,dogsled,22,0.00009077143340471269,0.0163
883,884,vault,22,0.00009077143340471269,0.0163
705,706,patio,22,0.00009077143340471269,0.0183
115,115,sea slug,22,0.00009077143340471269,0.0163
682,683,oboe,22,0.00009077143340471269,0.0163
724,725,pitcher,22,0.00009077143340471269,0.0163
635,636,mailbag,22,0.00009077143340471269,0.0163
205,205,flat-coated retriever,22,0.00009077143340471269,0.0163
663,664,monitor,22,0.00009077143340471269,0.0163
25,25,European fire salamander,22,0.00009077143340471269,0.0163
823,824,stole,22,0.00009077143340471269,0.0163
288,288,leopard,21,0.00008664545915904392,0.0156
360,360,otter,21,0.00008664545915904392,0.0156
368,368,gibbon,21,0.00008664545915904392,0.0156
379,379,howler monkey,21,0.00008664545915904392,0.0156
166,166,Walker hound,21,0.00008664545915904392,0.0195
190,190,Sealyham terrier,21,0.00008664545915904392,0.0213
270,270,white wolf,21,0.00008664545915904392,0.0156
59,59,vine snake,21,0.00008664545915904392,0.0156
233,233,Bouvier des Flandres,21,0.00008664545915904392,0.0156
168,168,redbone,21,0.00008664545915904392,0.0157
167,167,English foxhound,21,0.00008664545915904392,0.0261
855,856,thresher,21,0.00008664545915904392,0.0156
849,850,teddy,21,0.00008664545915904392,0.0156
453,453,bookcase,20,0.00008251948491337517,0.0148
816,817,sports car,20,0.00008251948491337517,0.0148
920,921,book jacket,20,0.00008251948491337517,0.0166
216,216,clumber,20,0.00008251948491337517,0.0148
231,231,collie,20,0.00008251948491337517,0.0148
32,32,tailed frog,20,0.00008251948491337517,0.0148
249,249,malamute,20,0.00008251948491337517,0.0148
189,189,Lakeland terrier,20,0.00008251948491337517,0.0148
835,836,sunglass,20,0.00008251948491337517,0.0148
119,119,rock crab,20,0.00008251948491337517,0.0148
527,527,desktop computer,19,0.00007839351066770641,0.0141
691,692,packet,19,0.00007839351066770641,0.0141
378,378,capuchin,19,0.00007839351066770641,0.0141
977,978,seashore,19,0.00007839351066770641,0.0141
177,177,Scottish deerhound,19,0.00007839351066770641,0.0141
781,782,screen,19,0.00007839351066770641,0.0144
779,780,schooner,19,0.00007839351066770641,0.0141
165,165,black-and-tan coonhound,19,0.00007839351066770641,0.0243
526,526,desk,19,0.00007839351066770641,0.0141
845,846,table lamp,18,0.00007426753642203765,0.0133
209,209,Chesapeake Bay retriever,18,0.00007426753642203765,0.0133
191,191,Airedale,18,0.00007426753642203765,0.0133
548,548,entertainment center,18,0.00007426753642203765,0.0133
866,867,trailer truck,18,0.00007426753642203765,0.0133
549,549,envelope,18,0.00007426753642203765,0.0133
913,914,yawl,18,0.00007426753642203765,0.0143
238,238,Greater Swiss Mountain dog,18,0.00007426753642203765,0.0133
415,415,bakery,18,0.00007426753642203765,0.0133
965,966,red wine,18,0.00007426753642203765,0.0133
211,211,vizsla,18,0.00007426753642203765,0.0133
967,968,cup,18,0.00007426753642203765,0.0133
674,675,moving van,18,0.00007426753642203765,0.0149
248,248,Eskimo dog,18,0.00007426753642203765,0.0133
220,220,Sussex spaniel,17,0.0000701415621763689,0.0126
217,217,English springer,17,0.0000701415621763689,0.0126
622,623,letter opener,17,0.0000701415621763689,0.0164
661,662,modem,17,0.0000701415621763689,0.0142
256,256,Newfoundland,17,0.0000701415621763689,0.0126
753,754,radio,17,0.0000701415621763689,0.0126
421,421,bannister,17,0.0000701415621763689,0.0126
536,536,dock,17,0.0000701415621763689,0.0135
874,875,trombone,17,0.0000701415621763689,0.0126
285,285,Egyptian cat,17,0.0000701415621763689,0.0126
436,436,beach wagon,17,0.0000701415621763689,0.0126
74,74,garden spider,17,0.0000701415621763689,0.0126
242,242,boxer,17,0.0000701415621763689,0.0126
245,245,French bulldog,16,0.00006601558793070013,0.0119
653,654,minibus,16,0.00006601558793070013,0.0119
836,837,sunglasses,16,0.00006601558793070013,0.0119
828,829,streetcar,16,0.00006601558793070013,0.0119
353,353,gazelle,16,0.00006601558793070013,0.0119
108,108,sea anemone,16,0.00006601558793070013,0.0119
152,152,Japanese spaniel,16,0.00006601558793070013,0.0195
159,159,Rhodesian ridgeback,16,0.00006601558793070013,0.0119
982,983,scuba diver,16,0.00006601558793070013,0.0119
846,847,tank,16,0.00006601558793070013,0.0119
494,494,chime,16,0.00006601558793070013,0.0119
946,947,mushroom,16,0.00006601558793070013,0.0119
381,381,spider monkey,16,0.00006601558793070013,0.0119
52,52,thunder snake,16,0.00006601558793070013,0.0119
925,926,hot pot,16,0.00006601558793070013,0.0133
278,278,kit fox,15,0.00006188961368503138,0.0111
54,54,hognose snake,15,0.00006188961368503138,0.0111
460,460,breakwater,15,0.00006188961368503138,0.0111
124,124,crayfish,15,0.00006188961368503138,0.0111
304,304,leaf beetle,15,0.00006188961368503138,0.0111
655,656,minivan,15,0.00006188961368503138,0.0111
449,449,boathouse,15,0.00006188961368503138,0.0111
609,610,jersey,15,0.00006188961368503138,0.0112
688,689,overskirt,15,0.00006188961368503138,0.0142
595,596,hatchet,15,0.00006188961368503138,0.0159
192,192,cairn,15,0.00006188961368503138,0.0111
969,970,alp,15,0.00006188961368503138,0.0111
974,975,lakeside,15,0.00006188961368503138,0.0111
302,302,ground beetle,14,0.00005776363943936262,0.0104
370,370,guenon,14,0.00005776363943936262,0.0104
922,923,plate,14,0.00005776363943936262,0.0104
77,77,wolf spider,14,0.00005776363943936262,0.0104
631,632,loudspeaker,14,0.00005776363943936262,0.0104
185,185,Norfolk terrier,14,0.00005776363943936262,0.0104
184,184,Irish terrier,14,0.00005776363943936262,0.0104
207,207,golden retriever,14,0.00005776363943936262,0.0104
273,273,dingo,14,0.00005776363943936262,0.0104
290,290,jaguar,14,0.00005776363943936262,0.0104
662,663,monastery,14,0.00005776363943936262,0.0116
586,587,hammer,14,0.00005776363943936262,0.0104
504,504,coffee mug,14,0.00005776363943936262,0.0104
219,219,cocker spaniel,13,0.000053637665193693864,0.0096
158,158,toy terrier,13,0.000053637665193693864,0.0143
222,222,kuvasz,13,0.000053637665193693864,0.0096
236,236,Doberman,13,0.000053637665193693864,0.0096
975,976,promontory,13,0.000053637665193693864,0.0096
175,175,otterhound,13,0.000053637665193693864,0.0165
257,257,Great Pyrenees,13,0.000053637665193693864,0.0096
240,240,Appenzeller,12,0.0000495116909480251,0.0089
584,585,hair spray,12,0.0000495116909480251,0.0117
446,446,binder,12,0.0000495116909480251,0.0089
26,26,common newt,12,0.0000495116909480251,0.0089
736,737,pop bottle,12,0.0000495116909480251,0.0089
153,153,Maltese dog,12,0.0000495116909480251,0.0089
741,742,printer,12,0.0000495116909480251,0.0089
511,511,convertible,12,0.0000495116909480251,0.0089
215,215,Brittany spaniel,11,0.000045385716702356344,0.0081
221,221,Irish water spaniel,11,0.000045385716702356344,0.0108
798,799,sliding door,11,0.000045385716702356344,0.0081
157,157,papillon,10,0.00004125974245668759,0.0074
654,655,miniskirt,10,0.00004125974245668759,0.0074
161,161,basset,10,0.00004125974245668759,0.0074
664,665,moped,9,0.000037133768211018824,0.0067
243,243,bull mastiff,9,0.000037133768211018824,0.0067
976,977,sandbar,9,0.000037133768211018824,0.0067
58,58,water snake,9,0.000037133768211018824,0.0067
501,501,cloak,9,0.000037133768211018824,0.0083
599,600,hook,9,0.000037133768211018824,0.0067
358,358,polecat,9,0.000037133768211018824,0.0067
227,227,kelpie,9,0.000037133768211018824,0.0067
463,463,bucket,8,0.00003300779396535007,0.0059
709,710,pencil sharpener,8,0.00003300779396535007,0.0059
898,899,water jug,8,0.00003300779396535007,0.0059
170,170,Irish wolfhound,7,0.00002888181971968131,0.0052
60,60,night snake,6,0.00002475584547401255,0.0044
637,638,maillot,6,0.00002475584547401255,0.0044
563,563,fountain pen,5,0.000020629871228343794,0.0037
901,902,whistle,4,0.000016503896982675034,0.003
643,644,matchstick,3,0.000012377922737006275,0.0022
572,572,goblet,1,0.000004125974245668758,0.0007
