,id,fstart,fend,ftype,pers,volume,logvol,majority class,homogeneity,major class size,major class coverage,idx
0,5,-0,0.0007977878558449447,minima-saddle,0.0007977878558449447,478,6.171700597410915,neck brace,1,478,0.3886,1
1,6,-0,0.0031986285466700792,minima-saddle,0.0031986285466700792,983,6.891625897052253,chambered nautilus,1,983,0.7281,2
2,8,0.0000034570634852570947,0.002809864701703191,minima-saddle,0.002806407632306218,146,4.990432586778736,window shade,1,146,0.1081,3
3,15,-0,0.0011403016978874803,minima-saddle,0.0011403016978874803,421,6.045005314036012,pill bottle,1,421,0.3119,4
4,26,-0,0.0024827865418046713,minima-saddle,0.0024827865418046713,649,6.476972362889683,cicada,1,649,0.4807,5
5,31,0.0000821318244561553,0.0006024151062592864,minima-saddle,0.0003919703303836286,74,4.31748811353631,electric locomotive,1,74,0.0548,6
6,43,0.00009476689592702314,0.0006150501777301543,minima-saddle,0.00016841257456690073,10,2.3978952727983707,Sussex spaniel,1,10,0.0074,7
7,50,-0,0.0005202832818031311,minima-saddle,0.00036530973738990724,691,6.539585955617669,abacus,1,691,0.5119,8
8,59,-0,0.0008168459753505886,minima-saddle,0.0008168459753505886,576,6.3578422665081,bolo tie,1,576,0.4267,9
9,72,-0,0.0010189585154876113,minima-saddle,0.0010189585154876113,392,5.973809611869261,doormat,1,392,0.2904,10
10,81,-0,0.0005202832818031311,minima-saddle,0.00025650550378486514,432,6.07073772800249,bib,1,432,0.32,11
11,83,-0,0.0005202832818031311,minima-saddle,0.00029845553217455745,837,6.731018100482083,crossword puzzle,1,837,0.62,12
12,88,-0,0.0010024051880463958,minima-saddle,0.0010024051880463958,555,6.320768294250582,wombat,1,555,0.4111,13
13,89,-0,0.0008422164828516543,minima-saddle,0.0008422164828516543,722,6.583409222158765,hay,1,722,0.5348,14
14,94,-0,0.0009086770587600768,minima-saddle,0.0009086770587600768,261,5.568344503761097,muzzle,1,261,0.2206,15
15,96,-0,0.0005202832818031311,minima-saddle,0.00020323118951637298,498,6.212606095751519,bullet train,1,498,0.3689,16
16,103,-0,0.0005202832818031311,minima-saddle,0.0002131234941771254,573,6.352629396319567,bubble,1,573,0.4244,17
17,113,-0,0.0005202832818031311,minima-saddle,0.00024339574156329036,610,6.415096959171596,parking meter,1,610,0.4519,18
18,115,-0,0.0005202832818031311,minima-saddle,0.0004451475979294628,547,6.306275286948016,oscilloscope,1,547,0.4052,19
19,117,0.000047801782784517854,0.000568085064587649,minima-saddle,0.00027413066709414124,23,3.1780538303479458,cardigan,1,23,0.017,20
20,122,-0,0.0009691785671748221,minima-saddle,0.0009691785671748221,565,6.338594078203183,tile roof,1,565,0.4185,21
21,131,-0,0.0005202832818031311,minima-saddle,0.00021562635083682835,546,6.304448802421981,torch,1,546,0.4044,22
22,151,-0,0.0007281036232598126,minima-saddle,0.0007281036232598126,644,6.4692503167957724,custard apple,1,644,0.477,23
23,156,0.0000010728830375228426,0.000521356164840654,minima-saddle,0.0002613915130496025,17,2.8903717578961645,spatula,1,17,0.0126,24
24,162,0.000002264974000354414,0.0060279713943600655,minima-saddle,0.006025706417858601,431,6.068425588244111,ambulance,1,431,0.3193,25
25,169,-0,0.0005202832818031311,minima-saddle,0.00037901371251791716,928,6.834108738813838,hourglass,1,928,0.6874,26
26,172,-0,0.002736040623858571,minima-saddle,0.002736040623858571,973,6.881411303642535,slot,1,973,0.7207,27
27,176,-0,0.0015691122971475124,minima-saddle,0.0015691122971475124,490,6.19644412779452,cowboy boot,1,490,0.363,28
28,177,0.0000020265558760002023,0.003336341353133321,minima-saddle,0.0033343147952109575,720,6.580639137284949,triumphal arch,1,720,0.5333,29
29,179,-0,0.0005202832818031311,minima-saddle,0.00024196557933464646,558,6.326149473155099,sewing machine,1,558,0.4133,30
30,181,-0,0.0011718557216227055,minima-saddle,0.0011718557216227055,911,6.815639990074331,stupa,1,911,0.6748,31
31,202,-0,0.0005202832818031311,minima-saddle,0.00047136162174865603,558,6.326149473155099,spindle,1,558,0.4133,32
32,206,-0,0.0005202832818031311,minima-saddle,0.00018261195509694517,471,6.156978985585555,iron,1,471,0.3489,33
33,207,-0,0.0005202832818031311,minima-saddle,0.0004343043256085366,672,6.511745329644728,Arabian camel,1,672,0.4978,34
34,208,-0,0.0005202832818031311,minima-saddle,0.00046135272714309394,365,5.902633333401366,ice lolly,1,365,0.2704,35
35,215,-0,0.0007286992622539401,minima-saddle,0.0007286992622539401,452,6.115892125483034,toaster,1,452,0.3348,36
36,219,-0,0.0005202832818031311,minima-saddle,0.00027366707217879593,461,6.135564891081739,basketball,1,461,0.3415,37
37,235,-0,0.0028643079567700624,minima-saddle,0.0028643079567700624,861,6.759255270663693,hummingbird,0.9988385438919067,860,0.637,38
38,243,0.0030326112173497677,0.008045172318816185,minima-saddle,0.005012561101466417,10,2.3978952727983707,ballplayer,1,10,0.0074,39
39,247,-0,0.0008248264202848077,minima-saddle,0.0008248264202848077,1047,6.954638864880987,harp,1,1047,0.7756,40
40,249,-0,0.0013815154088661075,minima-saddle,0.0013815154088661075,636,6.456769655572163,submarine,1,636,0.4711,41
41,252,-0,0.0005202832818031311,minima-saddle,0.00037448544753715396,655,6.486160788944089,steel drum,1,655,0.4852,42
42,260,0.00003242440288886428,0.0005527076846919954,minima-saddle,0.00011145086318720132,11,2.4849066497880004,Norwegian elkhound,1,11,0.0081,43
43,268,-0,0.0005202832818031311,minima-saddle,0.00018046658078674227,232,5.4510384535657,syringe,1,232,0.1719,44
44,270,0.0000010728830375228426,0.0026179824490100145,minima-saddle,0.0026169095654040575,555,6.320768294250582,half track,1,555,0.4111,45
45,271,-0,0.0012696071062237024,minima-saddle,0.0012696071062237024,921,6.826545223556594,gondola,0.9989142417907715,920,0.6815,46
46,282,1.1920928244535389e-7,0.0005204024910855765,minima-saddle,0.0003266992571298033,103,4.6443908991413725,bath towel,1,103,0.0763,47
47,316,-0,0.0005202832818031311,minima-saddle,0.0004395472351461649,586,6.375024819828097,bottlecap,1,586,0.4341,48
48,344,-0,0.000936189026106149,minima-saddle,0.000936189026106149,706,6.561030665896573,jigsaw puzzle,1,706,0.523,49
49,347,-0,0.0005202832818031311,minima-saddle,0.0003381395654287189,242,5.493061443340548,knee pad,1,242,0.1793,50
50,352,-0,0.0049634575843811035,minima-saddle,0.0049634575843811035,870,6.769641976852503,cauliflower,1,870,0.6444,51
51,354,-0,0.0005202832818031311,minima-saddle,0.0004167880106251687,858,6.755768921984255,carousel,1,858,0.6356,52
52,357,-0,0.0005202832818031311,minima-saddle,0.0002714027068577707,426,6.056784013228625,sundial,1,426,0.3156,53
53,359,-0,0.0005202832818031311,minima-saddle,0.0004727914638351649,338,5.82600010738045,plate rack,0.9970414042472839,337,0.3055,54
54,360,-0,0.0010845737997442484,minima-saddle,0.0010845737997442484,613,6.419994928147142,plane,1,613,0.4541,55
55,361,-0,0.0005202832818031311,minima-saddle,0.0002348147245356813,457,6.126869184114185,fireboat,0.9978117942810059,456,0.3378,56
56,364,-0,0.0005202832818031311,minima-saddle,0.00030489088385365903,565,6.338594078203183,yurt,1,565,0.4185,57
57,374,-0,0.0005202832818031311,minima-saddle,0.00034767304896377027,710,6.566672429803241,triceratops,1,710,0.5395,58
58,383,0.0000020265558760002023,0.0005223098376791313,minima-saddle,0.00017689057858660817,53,3.9889840465642745,remote control,1,53,0.0393,59
59,384,-0,0.0005202832818031311,minima-saddle,0.0002882065309677273,479,6.173786103901937,accordion,1,479,0.3548,60
60,395,-0,0.0005202832818031311,minima-saddle,0.00017891713650897145,728,6.591673732008658,maypole,1,728,0.5393,61
61,407,-0,0.0007717015105299652,minima-saddle,0.0007717015105299652,480,6.175867270105761,harmonica,1,480,0.3556,62
62,412,-0,0.0005202832818031311,minima-saddle,0.00012599628826137632,321,5.7745515455444085,ocarina,1,321,0.2378,63
63,420,-0,0.0005620330339297652,minima-saddle,0.0005620330339297652,467,6.148468295917647,hotdog,1,467,0.3459,64
64,421,-0,0.0005202832818031311,minima-saddle,0.00020561488054227084,256,5.54907608489522,amphibian,1,256,0.1896,65
65,434,-0,0.0005202832818031311,minima-saddle,0.000490068516228348,240,5.484796933490655,cocktail shaker,1,240,0.1993,66
66,439,5.960462772236497e-7,0.003118534805253148,minima-saddle,0.003117938758805394,885,6.786716950605081,lionfish,1,885,0.6556,67
67,440,-0,0.0005202832818031311,minima-saddle,0.00017331528943032026,276,5.6240175061873385,punching bag,1,276,0.2128,68
68,448,-0,0.0005202832818031311,minima-saddle,0.00021562635083682835,231,5.44673737166631,candle,1,231,0.1711,69
69,449,-0,0.0005202832818031311,minima-saddle,0.0002002515539061278,572,6.35088571671474,buckeye,1,572,0.4237,70
70,468,-0,0.0005202832818031311,minima-saddle,0.00017736769223120064,274,5.616771097666572,Band Aid,1,274,0.203,71
71,483,4.768370445162873e-7,0.0009076051646843553,minima-saddle,0.0009071283275261521,122,4.812184355372417,sarong,1,122,0.0904,72
72,493,-0,0.0005202832818031311,minima-saddle,0.00014888131408952177,567,6.342121418721152,potter's wheel,1,567,0.42,73
73,496,-0,0.0012879418209195137,minima-saddle,0.0012879418209195137,418,6.037870919922137,sturgeon,1,418,0.3096,74
74,499,-0,0.0020768519025295973,minima-saddle,0.0020768519025295973,806,6.693323668269949,space shuttle,1,806,0.6258,75
75,511,-0,0.0006366133457049727,minima-saddle,0.0006366133457049727,587,6.376726947898627,quill,1,587,0.4348,76
76,512,-0,0.0008718741592019796,minima-saddle,0.0008718741592019796,739,6.606650186198215,golfcart,1,739,0.5474,77
77,514,-0,0.0005202832818031311,minima-saddle,0.00017736769223120064,488,6.192362489474872,mousetrap,1,488,0.3615,78
78,515,-0,0.0010355116100981832,minima-saddle,0.0010355116100981832,955,6.862757913051401,jack-o'-lantern,1,955,0.7074,79
79,526,-0,0.00156589865218848,minima-saddle,0.00156589865218848,619,6.429719478039138,slide rule,1,619,0.5107,80
80,527,0.00003671578815556131,0.000860320869833231,minima-saddle,0.0008236051071435213,63,4.1588830833596715,Pomeranian,1,63,0.0467,81
81,538,-0,0.0008697302546352148,minima-saddle,0.0008697302546352148,631,6.448889394146858,organ,1,631,0.4674,82
82,540,-0,0.0005202832818031311,minima-saddle,0.0002474478678777814,443,6.095824562432225,chain saw,1,443,0.3561,83
83,541,-0,0.000745018885936588,minima-saddle,0.000745018885936588,213,5.365976015021851,vacuum,1,213,0.1578,84
84,555,-0,0.0005202832818031311,minima-saddle,0.00017891713650897145,361,5.8916442118257715,swing,1,361,0.2674,85
85,562,8.344646857949556e-7,0.0020674539264291525,minima-saddle,0.002066619461402297,456,6.124683390894205,liner,1,456,0.3378,86
86,573,-0,0.0005202832818031311,minima-saddle,0.0002669931564014405,193,5.267858159063328,plunger,1,193,0.148,87
87,592,0.0000058412379075889476,0.0005261245197107201,minima-saddle,0.00041702392627485096,18,2.9444389791664403,Kerry blue terrier,1,18,0.0136,88
88,593,4.768370445162873e-7,0.0011942405253648758,minima-saddle,0.0011937636882066727,447,6.104793232414985,llama,1,447,0.3311,89
89,605,-0,0.0014036574866622686,minima-saddle,0.0014036574866622686,781,6.661854740545311,thatch,1,781,0.5785,90
90,611,-0,0.0015886317705735564,minima-saddle,0.0015886317705735564,614,6.421622267806518,limousine,1,614,0.4548,91
91,615,-0,0.0005202832818031311,minima-saddle,0.00036399890086613595,123,4.820281565605037,wig,1,123,0.0911,92
92,638,-0,0.0009284476400353014,minima-saddle,0.0009284476400353014,720,6.580639137284949,pineapple,1,720,0.5333,93
93,639,2.3841855067985307e-7,0.0011507801245898008,minima-saddle,0.0011505417060106993,539,6.29156913955832,running shoe,0.9981446862220764,538,0.3985,94
94,642,0.0000011920922133867862,0.0005214753740165179,minima-saddle,0.00040093917050398886,252,5.53338948872752,planetarium,1,252,0.1909,95
95,646,-0,0.0006649667047895491,minima-saddle,0.0006649667047895491,583,6.369900982828227,thimble,1,583,0.4319,96
96,659,-0,0.0008450751192867756,minima-saddle,0.0008450751192867756,312,5.746203190540153,ant,1,312,0.2311,97
97,661,-0,0.0005202832818031311,minima-saddle,0.00022003613412380219,296,5.6937321388027,shopping basket,0.9966216087341309,295,0.2185,98
98,667,-0,0.0005202832818031311,minima-saddle,0.0004159538948442787,519,6.253828811575473,hard disc,1,519,0.3844,99
99,677,-0,0.0008825936238281429,minima-saddle,0.0008825936238281429,683,6.52795791762255,paddlewheel,1,683,0.5059,100
100,688,0.00004339123915997334,0.0007192885386757553,minima-saddle,0.0006758972886018455,62,4.143134726391533,great white shark,1,62,0.0459,101
101,689,0.0003947432560380548,0.002796788467094302,minima-saddle,0.0024020452983677387,12,2.5649493574615367,cliff,1,12,0.0089,102
102,694,-0,0.0009715604246594012,minima-saddle,0.0009715604246594012,413,6.025865973825314,milk can,1,413,0.3601,103
103,702,-0,0.0005924138822592795,minima-saddle,0.0005924138822592795,846,6.741700694652055,pool table,1,846,0.6267,104
104,703,-0,0.0005202832818031311,minima-saddle,0.0002131234941771254,592,6.385194398997726,pinwheel,1,592,0.5073,105
105,705,-0,0.0007508557755500078,minima-saddle,0.0007508557755500078,495,6.206575926724928,birdhouse,0.9959595799446106,493,0.3652,106
106,715,-0,0.0012119814055040479,minima-saddle,0.0012119814055040479,692,6.541029999189903,hippopotamus,1,692,0.5126,107
107,718,-0,0.0005202832818031311,minima-saddle,0.0002636561985127628,292,5.680172609017068,crutch,1,292,0.2163,108
108,733,-0,0.0005202832818031311,minima-saddle,0.00022897482267580926,210,5.351858133476067,dalmatian,0.9952380657196045,209,0.1548,109
109,735,-0,0.0005202832818031311,minima-saddle,0.00022754464589525014,354,5.872117789475416,safety pin,1,354,0.2704,110
110,743,-0,0.0005202832818031311,minima-saddle,0.00019858295854646713,646,6.472346294500901,marimba,1,646,0.4785,111
111,744,0.0000107287787614041,0.001086002797819674,minima-saddle,0.0010752739617601037,96,4.574710978503383,racket,1,96,0.0711,112
112,755,-0,0.002628445392474532,minima-saddle,0.002628445392474532,938,6.844815479208263,axolotl,0.9989339113235474,937,0.6941,113
113,759,-0,0.00134151556994766,minima-saddle,0.00134151556994766,467,6.148468295917647,kimono,1,467,0.3459,114
114,765,0.000014543427823809907,0.000534826709626941,minima-saddle,0.00025519082555547357,40,3.713572066704308,electric ray,1,40,0.0296,115
115,791,0.0000034570634852570947,0.0036222815979272127,minima-saddle,0.00361882452853024,524,6.263398262591624,leafhopper,1,524,0.3881,116
116,796,0.0000046491513785440475,0.0005249324331816752,minima-saddle,0.00016616316861473024,32,3.4965075614664802,Saluki,1,32,0.0237,117
117,804,-0,0.002061267616227269,minima-saddle,0.002061267616227269,880,6.78105762593618,three-toed sloth,0.9988636374473572,879,0.6511,118
118,859,-0,0.0008168459753505886,minima-saddle,0.0008168459753505886,444,6.09807428216624,pick,1,444,0.3679,119
119,860,-0,0.0005202832818031311,minima-saddle,0.00047195740626193583,540,6.293419278846481,shower cap,0.9981481432914734,539,0.3993,120
120,871,-0,0.000696654780767858,minima-saddle,0.000696654780767858,546,6.304448802421981,stinkhorn,1,546,0.4044,121
121,879,0.000005245195097813848,0.000525528476900945,minima-saddle,0.0003623286902438849,42,3.7612001156935624,consomme,1,42,0.0334,122
122,891,-0,0.0005710878176614642,minima-saddle,0.0005710878176614642,730,6.594413459749778,water tower,0.998630166053772,729,0.54,123
123,892,-0,0.0008459088858217001,minima-saddle,0.0008459088858217001,273,5.6131281063880705,tricycle,1,273,0.2022,124
124,893,-0,0.0005202832818031311,minima-saddle,0.00027414379292167723,323,5.780743515792329,bulletproof vest,1,323,0.2635,125
125,899,-0,0.0011726891389116645,minima-saddle,0.0011726891389116645,703,6.556778356158042,football helmet,1,703,0.5207,126
126,919,-0,0.0007919512572698295,minima-saddle,0.0007919512572698295,532,6.278521424165844,baseball,1,532,0.3941,127
127,952,0.000013828182090946939,0.0014415121404454112,minima-saddle,0.0014276839792728424,27,3.332204510175204,dome,1,27,0.02,128
128,972,-0,0.0005202832818031311,minima-saddle,0.00031454383861273527,498,6.212606095751519,panpipe,1,498,0.3689,129
129,974,3.576278118089249e-7,0.0005206409096149401,minima-saddle,0.0001459014747524634,140,4.948759890378168,flatworm,1,140,0.1037,130
130,989,0.000001311301275563892,0.0010765953920781612,minima-saddle,0.0010752840898931026,373,5.924255797414532,wing,1,373,0.2763,131
131,996,-0,0.004614538047462702,minima-saddle,0.004614538047462702,1097,7.001245622069476,rapeseed,1,1097,0.8126,132
132,1004,0.00007056941103655845,0.0005908526928396896,minima-saddle,0.0002044086140813306,16,2.833213344056216,otter,1,16,0.0119,133
133,1005,1.1920928244535389e-7,0.0005654881824739277,minima-saddle,0.000565368973184377,590,6.3818160174060985,geyser,1,590,0.437,134
134,1011,-0,0.0005202832818031311,minima-saddle,0.00019643761334009469,81,4.406719247264253,mixing bowl,1,81,0.06,135
135,1019,-0,0.0012727025896310806,minima-saddle,0.0012727025896310806,604,6.405228458030842,traffic light,0.998344361782074,603,0.4467,136
136,1031,4.768370445162873e-7,0.0005207601188476474,minima-saddle,0.00022706780873704702,204,5.3230099791384085,jean,1,204,0.1511,137
137,1037,0.000007033323527139146,0.00938220415264368,minima-saddle,0.009375170804560184,518,6.251903883165888,Brabancon griffon,1,518,0.4625,138
138,1043,0.000005125986263010418,0.0005254092680661416,minima-saddle,0.00031251629116013646,18,2.9444389791664403,can opener,1,18,0.0133,139
139,1052,0.000045298504119273275,0.0005655817859224044,minima-saddle,0.00019094638992100954,10,2.3978952727983707,bakery,1,10,0.0074,140
140,1053,-0,0.002310109091922641,minima-saddle,0.002310109091922641,446,6.102558594613569,cinema,1,446,0.3304,141
141,1054,-0,0.0005202832818031311,minima-saddle,0.00030357998912222683,726,6.588926477533519,armadillo,0.9986225962638855,725,0.537,142
142,1057,-0,0.0020768519025295973,minima-saddle,0.0020768519025295973,763,6.638567789166521,drilling platform,1,763,0.5652,143
143,1070,-0,0.0005202832818031311,minima-saddle,0.00030357998912222683,601,6.400257445308821,trilobite,1,601,0.4452,144
144,1075,-0,0.0006700892699882388,minima-saddle,0.0006700892699882388,474,6.163314804034641,washer,1,474,0.3511,145
145,1081,-0,0.0005202832818031311,minima-saddle,0.00040904260822571814,490,6.19644412779452,waffle iron,1,490,0.4128,146
146,1091,-0,0.004741496406495571,minima-saddle,0.004741496406495571,940,6.846943139585379,goldfinch,0.9989361763000488,939,0.6956,147
147,1104,-0,0.0005202832818031311,minima-saddle,0.000490068516228348,322,5.777652323222656,saltshaker,1,322,0.2385,148
148,1116,-0,0.0025295186787843704,minima-saddle,0.0025295186787843704,640,6.46302945692067,aircraft carrier,0.9984375238418579,639,0.4733,149
149,1133,-0,0.0005208089714869857,minima-saddle,0.0005208089714869857,402,5.998936561946683,croquet ball,1,402,0.2978,150
150,1143,4.768370445162873e-7,0.0009120118920691311,minima-saddle,0.000911535054910928,243,5.497168225293202,espresso maker,1,243,0.2049,151
151,1151,2.3841855067985307e-7,0.0022267326712608337,minima-saddle,0.002226494252681732,724,6.586171654854675,web site,1,724,0.5363,152
152,1159,-0,0.0005202832818031311,minima-saddle,0.000497336674015969,487,6.1903154058531475,trifle,1,487,0.3607,153
153,1168,0.000006079655122448457,0.0005263629369255796,minima-saddle,0.0003262206446379423,16,2.833213344056216,groom,1,16,0.0119,154
154,1172,-0,0.0005202832818031311,minima-saddle,0.00021407696476671845,190,5.25227342804663,maraca,0.9947368502616882,189,0.14,155
155,1221,-0,0.0008224442135542631,minima-saddle,0.0008224442135542631,696,6.546785410760524,forklift,1,696,0.5156,156
156,1246,-0,0.0005202832818031311,minima-saddle,0.00035446559195406735,882,6.78332520060396,African grey,1,882,0.6533,157
157,1299,3.576278118089249e-7,0.001515550771728158,minima-saddle,0.0015151931438595057,174,5.1647859739235145,eggnog,1,174,0.14,158
158,1307,-0,0.0005202832818031311,minima-saddle,0.0001627074379939586,103,4.6443908991413725,swab,1,103,0.0763,159
159,1327,2.3841855067985307e-7,0.0010680215200409293,minima-saddle,0.0010677831014618278,156,5.056245805348308,abaya,1,156,0.1156,160
160,1328,9.536738616588991e-7,0.00052123695566479,minima-saddle,0.00043335065129213035,300,5.707110264748875,sorrel,1,300,0.2222,161
161,1379,4.768370445162873e-7,0.0005207601188476474,minima-saddle,0.00021574542915914208,101,4.624972813284271,microphone,1,101,0.0748,162
162,1384,-0,0.0005202832818031311,minima-saddle,0.0002474478678777814,207,5.337538079701318,oil filter,1,207,0.1769,163
163,1408,-0,0.0005202832818031311,minima-saddle,0.00044860312482342124,180,5.198497031265826,loupe,1,180,0.1333,164
164,1412,0.000002145764938177308,0.006006760522723198,minima-saddle,0.006004614755511284,849,6.745236349484363,Komodo dragon,1,849,0.6289,165
165,1417,-0,0.0005202832818031311,minima-saddle,0.0005150898941792548,252,5.53338948872752,barrow,1,252,0.1867,166
166,1433,0.0000027418097943154862,0.0012296028435230255,minima-saddle,0.0012268610298633575,44,3.8066624897703196,West Highland white terrier,1,44,0.0326,167
167,1440,-0,0.0007976687629707158,minima-saddle,0.0007976687629707158,590,6.3818160174060985,hip,0.998305082321167,589,0.4363,168
168,1442,-0,0.001179595128633082,minima-saddle,0.001179595128633082,913,6.81783057145415,ostrich,0.9989047050476074,912,0.6756,169
169,1443,-0,0.0005983707960695028,minima-saddle,0.0005983707960695028,251,5.529429087511423,rocking chair,1,251,0.1859,170
170,1462,-0,0.006011145189404488,minima-saddle,0.006011145189404488,838,6.732210706467206,red-breasted merganser,1,838,0.7036,171
171,1468,-0,0.0005202832818031311,minima-saddle,0.000144709600135684,456,6.124683390894205,turnstile,1,456,0.3378,172
172,1477,-0,0.0013366345083341002,minima-saddle,0.0013366345083341002,776,6.655440350367647,school bus,1,776,0.5748,173
173,1483,-0,0.0005202832818031311,minima-saddle,0.00031418632715940475,483,6.182084906716632,rotisserie,1,483,0.3578,174
174,1500,2.3841855067985307e-7,0.0007229813490994275,minima-saddle,0.0007227429305203259,139,4.941642422609304,long-horned beetle,1,139,0.103,175
175,1504,0.00003397406908334233,0.0005542573508864735,minima-saddle,0.0003932999388780445,22,3.1354942159291497,patas,1,22,0.0163,176
176,1508,-0,0.0011810240102931857,minima-saddle,0.0011810240102931857,834,6.727431724850855,jackfruit,1,834,0.6178,177
177,1527,2.3841855067985307e-7,0.0006672301678918302,minima-saddle,0.0006669917493127286,207,5.337538079701318,oxygen mask,1,207,0.1533,178
178,1534,-0,0.0005202832818031311,minima-saddle,0.00016175392374861985,488,6.192362489474872,apiary,1,488,0.3615,179
179,1538,0.00002586808113846928,0.0005461513629416004,minima-saddle,0.00020715892605949193,10,2.3978952727983707,padlock,1,10,0.0074,180
180,1566,-0,0.0005202832818031311,minima-saddle,0.0004741021548397839,544,6.300785794663244,gas pump,1,544,0.403,181
181,1576,-0,0.0005202832818031311,minima-saddle,0.00041797960875555873,539,6.29156913955832,acorn,1,539,0.3993,182
182,1581,-0,0.0005202832818031311,minima-saddle,0.00028272447525523603,439,6.0867747269123065,pretzel,1,439,0.3252,183
183,1589,0.00003361645576660521,0.000974537746515125,minima-saddle,0.0009409213089384139,125,4.836281906951478,steel arch bridge,1,125,0.1039,184
184,1612,-0,0.0008733034483157098,minima-saddle,0.0008733034483157098,458,6.129050210060545,bell pepper,0.9978166222572327,457,0.3385,185
185,1614,1.1920928244535389e-7,0.0005721600609831512,minima-saddle,0.0005720408516936004,655,6.486160788944089,manhole cover,1,655,0.4852,186
186,1624,-0,0.0005202832818031311,minima-saddle,0.0001685477327555418,248,5.517452896464707,radiator,1,248,0.1903,187
187,1628,7.152555099310121e-7,0.0005209985373130622,minima-saddle,0.00016759410209488124,58,4.07753744390572,plastic bag,1,58,0.0518,188
188,1636,-0,0.001321634161286056,minima-saddle,0.001321634161286056,431,6.068425588244111,fur coat,1,431,0.3193,189
189,1637,-0,0.0010355116100981832,minima-saddle,0.0010355116100981832,269,5.598421958998375,seat belt,1,269,0.1993,190
190,1666,1.1920928244535389e-7,0.001444607158191502,minima-saddle,0.0014444879489019513,538,6.289715570908998,bald eagle,1,538,0.3985,191
191,1680,-0,0.0005202832818031311,minima-saddle,0.0004757702990900725,562,6.333279628139691,goldfish,1,562,0.4163,192
192,1683,-0,0.0007649118197150528,minima-saddle,0.0007649118197150528,360,5.8888779583328805,greenhouse,1,360,0.2667,193
193,1697,0.00003814624506048858,0.0005584295268636197,minima-saddle,0.00018379681569058448,11,2.4849066497880004,Egyptian cat,1,11,0.0081,194
194,1703,0.0000017881377516459906,0.0006909366929903626,minima-saddle,0.0006891485536471009,84,4.442651256490317,hog,1,84,0.0622,195
195,1705,1.1920928244535389e-7,0.0014036574866622686,minima-saddle,0.0014035382773727179,487,6.1903154058531475,brass,1,487,0.3607,196
196,1711,0.000009179073458653875,0.003371034050360322,minima-saddle,0.003361854935064912,585,6.373319789577012,magpie,0.9982905983924866,584,0.4326,197
197,1723,0.0000014305104514278355,0.0011364913079887629,minima-saddle,0.0011350607965141535,286,5.659482215759621,snowplow,1,286,0.2119,198
198,1746,-0,0.0022762122098356485,minima-saddle,0.0022762122098356485,729,6.593044534142437,harvestman,1,729,0.54,199
199,1747,-0,0.0007488307310268283,minima-saddle,0.0007488307310268283,483,6.182084906716632,platypus,1,483,0.3654,200
200,1748,0.00006031808152329177,0.005752674303948879,minima-saddle,0.005692356266081333,43,3.784189633918261,pole,1,43,0.0319,201
201,1765,0.000013589766240329482,0.0014116332167759538,minima-saddle,0.0013980434741824865,12,2.5649493574615367,bookshop,1,12,0.0089,202
202,1800,0.000013112935448589269,0.0008654424455016851,minima-saddle,0.0008523294818587601,43,3.784189633918261,diaper,1,43,0.0319,203
203,1823,0.0000066756979322235566,0.0032573281787335873,minima-saddle,0.0032506524585187435,420,6.042632833682381,weevil,1,420,0.3111,204
204,1828,0.000006556489552167477,0.0019872693810611963,minima-saddle,0.0019807128701359034,81,4.406719247264253,ballpoint,1,81,0.063,205
205,1852,-0,0.0005924138822592795,minima-saddle,0.0005924138822592795,644,6.4692503167957724,airship,1,644,0.477,206
206,1866,-0,0.0007919512572698295,minima-saddle,0.0007919512572698295,532,6.278521424165844,chiton,1,532,0.3941,207
207,1890,-0,0.0005202832818031311,minima-saddle,0.000341476290486753,300,5.707110264748875,chain mail,1,300,0.2222,208
208,1891,-0,0.0017115719383582473,minima-saddle,0.0017115719383582473,808,6.695798917058491,centipede,0.9987623691558838,807,0.5978,209
209,1896,0.000001311301275563892,0.0008717550663277507,minima-saddle,0.0008704437641426921,256,5.54907608489522,walking stick,1,256,0.1896,210
210,1898,-0,0.0006860524881631136,minima-saddle,0.0006860524881631136,933,6.839476438228843,king penguin,1,933,0.6911,211
211,1906,-0,0.0007926659309305251,minima-saddle,0.0007926659309305251,215,5.375278407684165,bow tie,1,215,0.1593,212
212,1910,0.000002145764938177308,0.0005224290467413085,minima-saddle,0.0004227450699545443,138,4.9344739331306915,fire engine,1,138,0.1022,213
213,1916,9.536738616588991e-7,0.0005640584276989102,minima-saddle,0.000563104753382504,95,4.564348191467836,Windsor tie,1,95,0.0752,214
214,1919,1.1920928244535389e-7,0.0016445695655420423,minima-saddle,0.0016444503562524915,587,6.376726947898627,albatross,1,587,0.4348,215
215,1924,0.000005483612312673358,0.0005257668941158045,minima-saddle,0.0002275433944305405,21,3.091042453358316,padlock,1,21,0.0156,216
216,1930,1.1920928244535389e-7,0.0030581632163375616,minima-saddle,0.003058044007048011,958,6.8658910748834385,Gila monster,1,958,0.7096,217
217,1938,0.0002060916303889826,0.001591369160450995,minima-saddle,0.0013852774864062667,25,3.258096538021482,Great Dane,1,25,0.0185,218
218,1940,-0,0.0005202832818031311,minima-saddle,0.0002002515539061278,393,5.976350909297934,puffer,1,393,0.2911,219
219,1967,-0,0.0022594418842345476,minima-saddle,0.0022594418842345476,708,6.5638555265321274,pomegranate,1,708,0.5244,220
220,1972,0.000029682672902708873,0.00054996595470584,minima-saddle,0.00010096217738464475,11,2.4849066497880004,spaghetti squash,1,11,0.0085,221
221,1990,-0,0.0016445695655420423,minima-saddle,0.0016445695655420423,636,6.456769655572163,pelican,1,636,0.4711,222
222,1994,3.576278118089249e-7,0.0011411352315917611,minima-saddle,0.0011407776037231088,519,6.253828811575473,guinea pig,0.9961464405059814,517,0.383,223
223,2011,0.0000010728830375228426,0.003927732817828655,minima-saddle,0.003926659934222698,20,3.044522437723423,ocarina,1,20,0.0148,224
224,2018,0.000028371408916427754,0.0005486546907195589,minima-saddle,0.00045573952957056463,14,2.70805020110221,stove,1,14,0.0104,225
225,2026,0.00003540453326422721,0.004868201911449432,minima-saddle,0.004832797218114138,170,5.14166355650266,Rottweiler,1,170,0.1259,226
226,2028,-0,0.0005202832818031311,minima-saddle,0.0004051103023812175,294,5.68697535633982,Crock Pot,1,294,0.2377,227
227,2042,1.1920928244535389e-7,0.0005204024910855765,minima-saddle,0.000314067117869854,273,5.6131281063880705,butcher shop,0.9963369965553284,272,0.2015,228
228,2064,1.1920928244535389e-7,0.001076952670700848,minima-saddle,0.0010768334614112973,192,5.262690188904886,handkerchief,1,192,0.1422,229
229,2100,0.000028371408916427754,0.0005486546907195589,minima-saddle,0.00016544411482755095,29,3.4011973816621555,barracouta,1,29,0.0215,230
230,2105,1.1920928244535389e-7,0.0005497612874023616,minima-saddle,0.0005496420781128109,272,5.60947179518496,pizza,1,272,0.2015,231
231,2107,9.536738616588991e-7,0.00052123695566479,minima-saddle,0.00026306003564968705,86,4.465908118654584,safe,1,86,0.0797,232
232,2120,-0,0.0005202832818031311,minima-saddle,0.00035446559195406735,254,5.541263545158426,dishwasher,1,254,0.1881,233
233,2137,-0,0.0024616196751594543,minima-saddle,0.0024616196751594543,699,6.551080335043404,scoreboard,1,699,0.5178,234
234,2148,1.1920928244535389e-7,0.0005467826849780977,minima-saddle,0.0005466634756885469,307,5.730099782973574,sea lion,1,307,0.2274,235
235,2168,-0,0.0005202832818031311,minima-saddle,0.00014852374442853034,91,4.5217885770490405,apron,1,91,0.0674,236
236,2172,3.576278118089249e-7,0.001817957148887217,minima-saddle,0.0018175995210185647,388,5.963579343618446,jeep,1,388,0.2874,237
237,2173,0.000007271740287251305,0.0005275550220903824,minima-saddle,0.00011645985068753362,17,2.8903717578961645,brain coral,1,17,0.0126,238
238,2183,-0,0.0005202832818031311,minima-saddle,0.00012468514614738524,132,4.890349128221754,lighter,1,132,0.0978,239
239,2191,0.000026940935640595853,0.005515832453966141,minima-saddle,0.0054888916201889515,15,2.772588722239781,tray,1,15,0.0111,240
240,2198,4.768370445162873e-7,0.0019647832959890366,minima-saddle,0.0019643064588308334,412,6.023447592961033,Dandie Dinmont,1,412,0.3416,241
241,2199,-0,0.00169955228921026,minima-saddle,0.00169955228921026,685,6.530877627725885,freight car,0.9985401630401611,684,0.5067,242
242,2210,-0,0.0020226037595421076,minima-saddle,0.0020226037595421076,630,6.447305862541213,African chameleon,0.9984126687049866,629,0.4659,243
243,2222,-0,0.0005202832818031311,minima-saddle,0.00033825874561443925,632,6.450470422144176,black swan,1,632,0.4681,244
244,2258,5.960462772236497e-7,0.0005208793280803548,minima-saddle,0.0004204816941637546,53,3.9889840465642745,swimming trunks,1,53,0.0393,245
245,2264,0.000012755313036905136,0.0077287922613322735,minima-saddle,0.00771603686735034,219,5.393627546352362,hand-held computer,1,219,0.202,246
246,2271,4.768370445162873e-7,0.005396086256951094,minima-saddle,0.0053956094197928905,848,6.744059186311348,gyromitra,1,848,0.6281,247
247,2272,0.00014184899919200689,0.000662132280995138,minima-saddle,0.0003425002214498818,14,2.70805020110221,sandal,1,14,0.0104,248
248,2275,-0,0.000681883015204221,minima-saddle,0.000681883015204221,331,5.805134968916488,grand piano,1,331,0.2452,249
249,2280,0.00008105902816168964,0.0006013423099648208,minima-saddle,0.00031356504769064486,16,2.833213344056216,American black bear,1,16,0.0119,250
250,2305,-0,0.0005202832818031311,minima-saddle,0.0003810394846368581,504,6.22455842927536,mortar,0.9980158805847168,503,0.3726,251
251,2309,0.00018225439998786896,0.003908258862793446,minima-saddle,0.0037260043900460005,26,3.295836866004329,barbershop,1,26,0.0193,252
252,2314,-0,0.0005202832818031311,minima-saddle,0.00029845553217455745,704,6.558197802812269,maze,1,704,0.5215,253
253,2326,-0,0.0007085673278197646,minima-saddle,0.0007085673278197646,613,6.419994928147142,fig,0.9983686804771423,612,0.4533,254
254,2340,-0,0.0006598440813831985,minima-saddle,0.0006598440813831985,553,6.317164686747284,dam,1,553,0.4096,255
255,2373,0.00046695294440723956,0.00247077620588243,minima-saddle,0.002003823174163699,16,2.833213344056216,Bernese mountain dog,1,16,0.0119,256
256,2428,0.0000010728830375228426,0.000521356164840654,minima-saddle,0.00015448314661625773,107,4.68213122712422,brown bear,1,107,0.0793,257
257,2472,3.576278118089249e-7,0.0007508557755500078,minima-saddle,0.0007504981476813555,358,5.883322388488279,mailbox,1,358,0.2652,258
258,2485,-0,0.0005202832818031311,minima-saddle,0.0003053675754927099,609,6.413458957167357,jellyfish,0.9983579516410828,608,0.4504,259
259,2487,0.000003576272320060525,0.0018110554665327072,minima-saddle,0.0018074791878461838,326,5.7899601708972535,speedboat,1,326,0.2415,260
260,2492,-0,0.0008825936238281429,minima-saddle,0.0008825936238281429,759,6.633318433280377,flamingo,1,759,0.5622,261
261,2495,-0,0.0005202832818031311,minima-saddle,0.00037901371251791716,177,5.181783550292085,screw,1,177,0.1311,262
262,2499,3.576278118089249e-7,0.0005206409096149401,minima-saddle,0.00026663552853278816,146,4.990432586778736,whiskey jug,1,146,0.1321,263
263,2501,-0,0.005525079555809498,minima-saddle,0.005525079555809498,1234,7.118826249062078,yellow lady's slipper,1,1234,0.9141,264
264,2505,-0,0.001692292862571776,minima-saddle,0.001692292862571776,1012,6.920671504248683,peacock,1,1012,0.7496,265
265,2512,0.0000016689286894688848,0.0026046657003462315,minima-saddle,0.0026029967702925205,355,5.87493073085203,schipperke,1,355,0.263,266
266,2523,3.576278118089249e-7,0.0018277144990861416,minima-saddle,0.0018273568712174892,610,6.415096959171596,ice bear,1,610,0.4519,267
267,2533,1.1920928244535389e-7,0.0018310461891815066,minima-saddle,0.0018309269798919559,288,5.666426688112432,trench coat,1,288,0.2611,268
268,2536,1.1920928244535389e-7,0.0005204024910855765,minima-saddle,0.0001625882287044078,223,5.4116460518550396,komondor,1,223,0.1652,269
269,2545,0.00013696208770852536,0.0010825494537129998,minima-saddle,0.0009455873514525592,11,2.4849066497880004,horizontal bar,1,11,0.0081,270
270,2568,0.000022053474822314456,0.0014368696138262749,minima-saddle,0.001414816128090024,89,4.499809670330265,microwave,1,89,0.0659,271
271,2569,1.1920928244535389e-7,0.0019202856346964836,minima-saddle,0.0019201664254069328,316,5.75890177387728,knot,1,316,0.2341,272
272,2573,5.960462772236497e-7,0.0025158440694212914,minima-saddle,0.0025152480229735374,405,6.0063531596017325,iPod,1,405,0.3,273
273,2602,-0,0.002499910071492195,minima-saddle,0.002499910071492195,655,6.486160788944089,volcano,1,655,0.4852,274
274,2617,0.00002098061486321967,0.0005412638966663508,minima-saddle,0.00029070311575196683,17,2.8903717578961645,spotted salamander,1,17,0.0126,275
275,2634,1.1920928244535389e-7,0.0005204024910855765,minima-saddle,0.0004788681981153786,378,5.937536205082426,four-poster,1,378,0.28,276
276,2651,0.0006129055400379002,0.0020814912859350443,minima-saddle,0.001468585804104805,12,2.5649493574615367,toyshop,1,12,0.0089,277
277,2656,-0,0.0005202832818031311,minima-saddle,0.00035482310340739787,376,5.932245187448011,binoculars,1,376,0.2785,278
278,2659,7.152555099310121e-7,0.0005209985373130622,minima-saddle,0.00032681823358871043,213,5.365976015021851,head cabbage,1,213,0.1578,279
279,2665,-0,0.0005202832818031311,minima-saddle,0.00046135272714309394,310,5.739792912179234,lipstick,1,310,0.2296,280
280,2683,0.000020146166207268834,0.0005404294480104,minima-saddle,0.00039485446177423,19,2.995732273553991,drumstick,1,19,0.0141,281
281,2689,-0,0.0005449955351650715,minima-saddle,0.0005449955351650715,519,6.253828811575473,nematode,1,519,0.3844,282
282,2694,-0,0.0005202832818031311,minima-saddle,0.0005043664714321494,308,5.733341276897746,electric fan,1,308,0.2281,283
283,2699,-0,0.0005202832818031311,minima-saddle,0.0003343261778354645,300,5.707110264748875,joystick,1,300,0.2222,284
284,2707,0.000001311301275563892,0.000521594583078695,minima-saddle,0.0002540023997426033,100,4.61512051684126,snorkel,0.9900000095367432,99,0.0733,285
285,2711,0.0000020265558760002023,0.0005223098376791313,minima-saddle,0.00023231144587043673,170,5.14166355650266,indigo bunting,1,170,0.1259,286
286,2726,2.3841855067985307e-7,0.0015997005393728614,minima-saddle,0.0015994621207937598,495,6.206575926724928,rhinoceros beetle,1,495,0.3667,287
287,2728,1.1920928244535389e-7,0.0030579257290810347,minima-saddle,0.003057806519791484,757,6.630683385642372,spoonbill,1,757,0.5607,288
288,2789,0.000015020257706055418,0.0005353035395091866,minima-saddle,0.00012873581727035344,26,3.295836866004329,flagpole,1,26,0.0193,289
289,2822,0.000001311301275563892,0.000521594583078695,minima-saddle,0.0005127062322571874,76,4.343805421853684,dough,1,76,0.0563,290
290,2849,0.000006079655122448457,0.0005263629369255796,minima-saddle,0.0001480460778111592,13,2.6390573296152584,toilet seat,1,13,0.0096,291
291,2870,-0,0.0007859955076128244,minima-saddle,0.0007859955076128244,192,5.262690188904886,brassiere,1,192,0.1422,292
292,2875,0.000001311301275563892,0.0009691785671748221,minima-saddle,0.0009678672649897635,312,5.746203190540153,stone wall,1,312,0.2311,293
293,2883,2.3841855067985307e-7,0.001639332971535623,minima-saddle,0.0016390945529565215,262,5.572154032177765,grey whale,1,262,0.2183,294
294,2905,0.00006592056161025539,0.0014322272036224604,minima-saddle,0.001366306678391993,42,3.7612001156935624,sweatshirt,1,42,0.0428,295
295,2915,-0,0.0014751992421224713,minima-saddle,0.0014751992421224713,784,6.665683717782408,lacewing,1,784,0.5807,296
296,2959,0.0000014305104514278355,0.001681939116679132,minima-saddle,0.0016805086052045226,495,6.206575926724928,bison,1,495,0.3667,297
297,2962,1.1920928244535389e-7,0.003933313302695751,minima-saddle,0.0039331940934062,599,6.396929655216146,fly,1,599,0.4437,298
298,2964,0.0000011920922133867862,0.0005214753740165179,minima-saddle,0.00027056815451942384,181,5.204006687076795,pay-phone,1,181,0.1341,299
299,2975,0.00000250339189733495,0.0005285535007715225,minima-saddle,0.0005260501056909561,42,3.7612001156935624,pedestal,1,42,0.0348,300
300,2986,4.768370445162873e-7,0.0010127659188583493,minima-saddle,0.0010122890817001462,486,6.18826412308259,prayer rug,1,486,0.36,301
301,2990,0.000006794906312279636,0.0005270781881154108,minima-saddle,0.00015007221372798085,27,3.332204510175204,African hunting dog,1,27,0.02,302
302,3004,0.0000015497195136049413,0.014056253246963024,minima-saddle,0.014054703526198864,862,6.760414691083428,trolleybus,1,862,0.6385,303
303,3006,0.001313062384724617,0.009272605180740356,minima-saddle,0.00795954279601574,31,3.4657359027997265,crash helmet,1,31,0.023,304
304,3013,-0,0.00178927939850837,minima-saddle,0.00178927939850837,495,6.206575926724928,cash machine,1,495,0.3667,305
305,3015,1.1920928244535389e-7,0.0010667116148397326,minima-saddle,0.0010665924055501819,798,6.683360945766275,odometer,1,798,0.5911,306
306,3030,-0,0.0006860524881631136,minima-saddle,0.0006860524881631136,432,6.07073772800249,rock beauty,1,432,0.4239,307
307,3032,0.0000015497195136049413,0.001179595128633082,minima-saddle,0.0011780454078689218,527,6.269096283706261,bustard,1,527,0.3904,308
308,3047,0.0000014305104514278355,0.001647664001211524,minima-saddle,0.0016462334897369146,287,5.662960480135946,mantis,1,287,0.2126,309
309,3052,-0,0.0005202832818031311,minima-saddle,0.00044860312482342124,169,5.135798437050262,magnetic compass,1,169,0.1402,310
310,3053,9.536738616588991e-7,0.006471983622759581,minima-saddle,0.006471029948443174,949,6.856461984594587,ruddy turnstone,1,949,0.703,311
311,3056,0.000019430925021879375,0.0005397142068250105,minima-saddle,0.0003421846777200699,10,2.3978952727983707,clumber,1,10,0.0074,312
312,3059,2.3841855067985307e-7,0.003254001261666417,minima-saddle,0.0032537628430873156,836,6.729824070489475,container ship,1,836,0.6193,313
313,3083,1.1920928244535389e-7,0.0010170531459152699,minima-saddle,0.001016933936625719,471,6.156978985585555,car mirror,1,471,0.3489,314
314,3087,0.000010609570381348021,0.0014447261346504092,minima-saddle,0.0014341165078803897,10,2.3978952727983707,tray,1,10,0.0074,315
315,3097,-0,0.0005202832818031311,minima-saddle,0.00019858295854646713,255,5.545177444479562,stethoscope,1,255,0.1889,316
316,3103,8.344646857949556e-7,0.0005211177464889261,minima-saddle,0.00013696198584511876,28,3.367295829986474,ski mask,1,28,0.0207,317
317,3123,0.000015139465176616795,0.000985375139862299,minima-saddle,0.0009702356765046716,121,4.804021044733257,castle,1,121,0.0896,318
318,3145,3.576278118089249e-7,0.0005206409096149401,minima-saddle,0.00018165839719586074,167,5.123963979403259,disk brake,1,167,0.1237,319
319,3159,1.1920928244535389e-7,0.0019268295727670193,minima-saddle,0.0019267103634774685,857,6.754604099487962,water ouzel,0.9988331198692322,856,0.6341,320
320,3165,0.0000023841830625315197,0.005392173305153847,minima-saddle,0.005389789119362831,649,6.476972362889683,dhole,1,649,0.4807,321
321,3182,0.00009858122211880982,0.0029681934975087643,minima-saddle,0.002869612304493785,43,3.784189633918261,trimaran,1,43,0.0319,322
322,3193,4.768370445162873e-7,0.0006861716392450035,minima-saddle,0.0006856948020868003,186,5.231108616854587,face powder,0.9946236610412598,185,0.1538,323
323,3236,-0,0.0005202832818031311,minima-saddle,0.0002244459028588608,406,6.008813185442595,bobsled,0.9975369572639465,405,0.3,324
324,3261,0.00001537788011773955,0.004318554885685444,minima-saddle,0.004303176887333393,297,5.697093486505405,mobile home,1,297,0.22,325
325,3305,-0,0.0005376085755415261,minima-saddle,0.0005376085755415261,226,5.424950017481403,Weimaraner,1,226,0.1674,326
326,3308,3.576278118089249e-7,0.0005206409096149401,minima-saddle,0.0004052293370477855,295,5.69035945432406,Indian cobra,1,295,0.2185,327
327,3338,3.576278118089249e-7,0.0006093314150348306,minima-saddle,0.0006089737871661782,196,5.2832037287379885,gar,1,196,0.1452,328
328,3356,0.000044225667807040736,0.0005645089496101719,minima-saddle,0.00032120326068252325,81,4.406719247264253,jacamar,1,81,0.06,329
329,3385,0.00003564294092939235,0.0005559262227325235,minima-saddle,0.0002323036314919591,10,2.3978952727983707,clog,1,10,0.0074,330
330,3390,0.000006794906312279636,0.0008183944155462086,minima-saddle,0.0008115994860418141,258,5.556828061699537,sloth bear,1,258,0.1911,331
331,3413,-0,0.0036556576378643513,minima-saddle,0.0036556576378643513,849,6.745236349484363,scorpion,0.9988221526145935,848,0.6281,332
332,3414,-0,0.0005202832818031311,minima-saddle,0.0003911683743353933,338,5.82600010738045,garbage truck,1,338,0.2504,333
333,3419,2.3841855067985307e-7,0.011715303175151348,minima-saddle,0.011715064756572247,698,6.54965074223381,alligator lizard,1,698,0.517,334
334,3426,0.000007867782187531702,0.0005281510639906628,minima-saddle,0.00013374282571021467,23,3.1780538303479458,cab,1,23,0.017,335
335,3441,-0,0.0013149671722203493,minima-saddle,0.0013149671722203493,539,6.29156913955832,guacamole,0.9981446862220764,538,0.3985,336
336,3464,-0,0.0022219750098884106,minima-saddle,0.0022219750098884106,418,6.037870919922137,meat loaf,0.9976076483726501,417,0.3089,337
337,3498,1.1920928244535389e-7,0.00100419158115983,minima-saddle,0.0010040723718702793,329,5.799092654460526,cockroach,1,329,0.2437,338
338,3515,0.000005364403477869928,0.0005256476852810011,minima-saddle,0.00021085786283947527,27,3.332204510175204,grille,1,27,0.02,339
339,3516,-0,0.0005202832818031311,minima-saddle,0.0004450284468475729,536,6.285998094508865,bearskin,1,536,0.4257,340
340,3538,-0,0.0005202832818031311,minima-saddle,0.0002859421947505325,458,6.129050210060545,feather boa,1,458,0.3393,341
341,3593,0.0000023841830625315197,0.00324758468195796,minima-saddle,0.0032452004961669445,12,2.5649493574615367,patio,1,12,0.01,342
342,3600,0.0000040531076592742465,0.0005243363894624054,minima-saddle,0.00015329077723436058,25,3.258096538021482,Old English sheepdog,1,25,0.0185,343
343,3650,3.576278118089249e-7,0.0005206409096149401,minima-saddle,0.000465880410047248,41,3.7376696182833684,drum,1,41,0.0304,344
344,3653,-0,0.0027290266007184982,minima-saddle,0.0027290266007184982,1010,6.918695219020472,sulphur-crested cockatoo,1,1010,0.7481,345
345,3657,1.1920928244535389e-7,0.0009390473715029657,minima-saddle,0.0009389281622134149,351,5.863631175598097,piggy bank,1,351,0.26,346
346,3677,3.576278118089249e-7,0.0013975863112136722,minima-saddle,0.0013972286833450198,243,5.497168225293202,pajama,1,243,0.18,347
347,3716,2.3841855067985307e-7,0.000520521700353811,minima-saddle,0.0004972174065187573,389,5.966146739123692,broccoli,1,389,0.2881,348
348,3786,-0,0.0005202832818031311,minima-saddle,0.00018225439998786896,190,5.25227342804663,scale,1,190,0.1407,349
349,3793,-0,0.0005202832818031311,minima-saddle,0.00037448544753715396,475,6.16541785423142,golf ball,0.9978947639465332,474,0.3511,350
350,3806,0.0000014305104514278355,0.000521713792254559,minima-saddle,0.0002621065068524331,121,4.804021044733257,Leonberg,1,121,0.0896,351
351,3862,0.00004565611743601039,0.0005659393992391415,minima-saddle,0.0002417161886114627,10,2.3978952727983707,hyena,1,10,0.0074,352
352,3880,-0,0.0006700892699882388,minima-saddle,0.0006700892699882388,283,5.648974238161206,Persian cat,1,283,0.2096,353
353,3883,4.768370445162873e-7,0.004288999363780022,minima-saddle,0.0042885225266218185,917,6.822197390620491,lesser panda,0.9989094734191895,916,0.6785,354
354,3886,0.0000011920922133867862,0.0005214753740165179,minima-saddle,0.00017295751604251564,136,4.919980925828125,barbell,1,136,0.1007,355
355,3915,-0,0.0010014524450525641,minima-saddle,0.0010014524450525641,468,6.150602768446279,frilled lizard,0.997863233089447,467,0.4002,356
356,3917,2.3841855067985307e-7,0.000520521700353811,minima-saddle,0.0002012049953918904,45,3.828641396489095,shovel,1,45,0.0333,357
357,3984,0.000012516897186287679,0.0011724510695785284,minima-saddle,0.0011599342105910182,143,4.969813299576001,Border terrier,1,143,0.1059,358
358,3987,4.768370445162873e-7,0.001908744452521205,minima-saddle,0.0019082676153630018,275,5.62040086571715,Mexican hairless,1,275,0.3416,359
359,3997,0.0000033378546504536644,0.0005236211364535848,minima-saddle,0.000259245716733858,68,4.23410650459726,flute,1,68,0.0504,360
360,4032,9.536738616588991e-7,0.0008860476082190871,minima-saddle,0.0008850939339026809,136,4.919980925828125,shower curtain,1,136,0.1007,361
361,4047,0.0000247952248173533,0.000551310193259269,minima-saddle,0.0005265149520710111,67,4.219507705176107,pirate,1,67,0.0574,362
362,4066,-0,0.002139780670404434,minima-saddle,0.002139780670404434,729,6.593044534142437,parachute,0.9986282587051392,728,0.5393,363
363,4070,0.00011443436960689723,0.0006347176514100284,minima-saddle,0.00045355575275607407,11,2.4849066497880004,entertainment center,1,11,0.0081,364
364,4073,1.1920928244535389e-7,0.0028714400250464678,minima-saddle,0.002871320815756917,751,6.62273632394984,house finch,1,751,0.5563,365
365,4151,-0,0.0005202832818031311,minima-saddle,0.00022897482267580926,147,4.997212273764115,banana,1,147,0.1089,366
366,4157,4.768370445162873e-7,0.0005207601188476474,minima-saddle,0.0001301680167671293,60,4.110873864173311,spaghetti squash,1,60,0.0465,367
367,4162,0.000010013530300057027,0.0005302968121031882,minima-saddle,0.0003940243332181126,65,4.189654742026425,curly-coated retriever,1,65,0.0513,368
368,4173,0.000005960446742392378,0.001574111171066761,minima-saddle,0.001568150706589222,343,5.840641657373398,indri,1,343,0.2541,369
369,4176,-0,0.0007175016799010336,minima-saddle,0.0007175016799010336,399,5.991464547107982,skunk,1,399,0.2956,370
370,4214,0.000029682672902708873,0.0012857988476753235,minima-saddle,0.0012561162002384663,46,3.8501476017100584,sax,1,46,0.0341,371
371,4231,0.000011444026313256472,0.0005317273081163876,minima-saddle,0.0004711179353762418,23,3.1780538303479458,tiger shark,1,23,0.017,372
372,4286,2.3841855067985307e-7,0.0009492897079326212,minima-saddle,0.0009490512893535197,575,6.3561076606958915,lifeboat,1,575,0.4259,373
373,4291,0.00010918975021922961,0.0006294730320223608,minima-saddle,0.0004908489645458758,13,2.6390573296152584,tree frog,1,13,0.0096,374
374,4305,0.0000016689286894688848,0.003370321122929454,minima-saddle,0.003368652192875743,412,6.023447592961033,banded gecko,1,412,0.3052,375
375,4311,0.000012278481335670222,0.0005325617631388014,minima-saddle,0.00033062786678783596,47,3.871201010907891,quilt,1,47,0.0348,376
376,4325,-0,0.0005202832818031311,minima-saddle,0.00011288482346571982,366,5.905361848054571,puck,1,366,0.2711,377
377,4329,1.1920928244535389e-7,0.001611721352674067,minima-saddle,0.0016116021433845162,715,6.573680166960646,dial telephone,0.9986013770103455,714,0.5289,378
378,4358,8.344646857949556e-7,0.0015237637562677264,minima-saddle,0.001522929291240871,367,5.908082938168931,slug,1,367,0.2719,379
379,4417,4.768370445162873e-7,0.0005402297829277813,minima-saddle,0.0005397529457695782,161,5.087596335232384,lumbermill,1,161,0.1193,380
380,4422,0.000002145764938177308,0.0005224290467413085,minima-saddle,0.00013874968863092363,40,3.713572066704308,bicycle-built-for-two,1,40,0.0296,381
381,4457,7.152555099310121e-7,0.001303776167333126,minima-saddle,0.0013030609115958214,343,5.840641657373398,fox squirrel,1,343,0.2731,382
382,4469,-0,0.0005202832818031311,minima-saddle,0.0002343380037928,137,4.927253685157205,paintbrush,1,137,0.1015,383
383,4487,-0,0.0005940818227827549,minima-saddle,0.0005940818227827549,264,5.579729825986222,umbrella,1,264,0.1956,384
384,4538,0.000005364403477869928,0.00530905369669199,minima-saddle,0.005303689278662205,310,5.739792912179234,English setter,1,310,0.2296,385
385,4551,-0,0.0013154434273019433,minima-saddle,0.0013154434273019433,249,5.521460917862246,park bench,0.9959839582443237,248,0.1837,386
386,4570,0.00006401333666872233,0.0005842966184718535,minima-saddle,0.00019725928723346442,12,2.5649493574615367,passenger car,1,12,0.0089,387
387,4610,0.000020265373677830212,0.0005405486554809614,minima-saddle,0.00035576921072788537,20,3.044522437723423,espresso,1,20,0.0148,388
388,4623,0.000028609820219571702,0.01230658870190382,minima-saddle,0.012277978472411633,666,6.502790045915623,Tibetan mastiff,0.9984984993934631,665,0.4926,389
389,4625,-0,0.0005202832818031311,minima-saddle,0.00035482310340739787,193,5.267858159063328,projector,1,193,0.143,390
390,4690,0.000005483612312673358,0.0027686143293976784,minima-saddle,0.0027631307020783424,215,5.375278407684165,measuring cup,0.9953488111495972,214,0.1585,391
391,4698,0.0023104657884687185,0.023501764982938766,minima-saddle,0.021191298961639404,15,2.772588722239781,bikini,1,15,0.0111,392
392,4701,3.576278118089249e-7,0.0005206409096149401,minima-saddle,0.00018618750618770719,48,3.8918202981106265,strainer,1,48,0.0356,393
393,4703,-0,0.0012887752382084727,minima-saddle,0.0012887752382084727,560,6.329720905522696,wallaby,1,560,0.4148,394
394,4710,3.576278118089249e-7,0.004541440401226282,minima-saddle,0.00454108277335763,866,6.7650389767805414,Model T,1,866,0.6415,395
395,4739,1.1920928244535389e-7,0.003371034050360322,minima-saddle,0.0033709148410707712,610,6.415096959171596,drake,1,610,0.4519,396
396,4775,0.0000019073468138230965,0.0005221906286169542,minima-saddle,0.00019262329442426562,16,2.833213344056216,hair slide,1,16,0.0119,397
397,4777,-0,0.008323976770043373,minima-saddle,0.008323976770043373,856,6.75343791859778,Polaroid camera,0.9988317489624023,855,0.6333,398
398,4792,2.3841855067985307e-7,0.000520521700353811,minima-saddle,0.0004792255931533873,83,4.430816798843313,cucumber,1,83,0.0615,399
399,4814,0.0018747150897979736,0.020536761730909348,minima-saddle,0.018662046641111374,14,2.70805020110221,television,1,14,0.0104,400
400,4850,-0,0.0008578196284361184,minima-saddle,0.0008578196284361184,288,5.666426688112432,bow,1,288,0.2133,401
401,4860,2.3841855067985307e-7,0.000520521700353811,minima-saddle,0.00015782061382196844,77,4.356708826689592,refrigerator,1,77,0.057,402
402,4870,0.000002145764938177308,0.0005224290467413085,minima-saddle,0.0002941646089311689,81,4.406719247264253,quail,1,81,0.06,403
403,4903,0.00004136476854910143,0.0005616480503522326,minima-saddle,0.0001921389630297199,30,3.4339872044851463,spiny lobster,1,30,0.0222,404
404,4946,0.0000046491513785440475,0.0005249324331816752,minima-saddle,0.00011467223521322012,40,3.713572066704308,bell cote,1,40,0.0296,405
405,4955,0.0000011920922133867862,0.0019820346496999264,minima-saddle,0.0019808425568044186,758,6.63200177739563,American coot,1,758,0.5615,406
406,4961,-0,0.000936189026106149,minima-saddle,0.000936189026106149,526,6.267200548541362,Christmas stocking,1,526,0.3896,407
407,5008,0.000009894321920000948,0.0005301776037231321,minima-saddle,0.00021538585133384913,12,2.5649493574615367,chainlink fence,1,12,0.0089,408
408,5011,0.000008106198947643861,0.000528389480750775,minima-saddle,0.0003390901838429272,56,4.04305126783455,bee,1,56,0.0415,409
409,5022,-0,0.0005202832818031311,minima-saddle,0.0004640932602342218,383,5.950642552587727,solar dish,1,383,0.2837,410
410,5026,0.0000016689286894688848,0.0008721124031580985,minima-saddle,0.0008704434731043875,267,5.5909869805108565,goose,1,267,0.1978,411
411,5043,-0,0.0005940818227827549,minima-saddle,0.0005940818227827549,616,6.424869023905388,jinrikisha,1,616,0.4563,412
412,5127,-0,0.0005327236140146852,minima-saddle,0.0005327236140146852,648,6.47543271670409,pickelhaube,1,648,0.48,413
413,5135,-0,0.004005268216133118,minima-saddle,0.004005268216133118,824,6.715383386334681,bulbul,1,824,0.6104,414
414,5147,-0,0.0005202832818031311,minima-saddle,0.0004287039046175778,229,5.438079308923196,soccer ball,0.9956331849098206,228,0.1689,415
415,5151,0.000004172316494077677,0.0005244555982972088,minima-saddle,0.0004033212026115507,100,4.61512051684126,baboon,1,100,0.0741,416
416,5159,1.1920928244535389e-7,0.0021211046259850264,minima-saddle,0.0021209854166954756,469,6.152732694704104,hermit crab,0.9978678226470947,468,0.3467,417
417,5165,0.0000015497195136049413,0.00631101056933403,minima-saddle,0.00630946084856987,247,5.5134287461649825,restaurant,1,247,0.183,418
418,5191,-0,0.0023941919207572937,minima-saddle,0.0023941919207572937,606,6.408528791059498,porcupine,1,606,0.4489,419
419,5232,0.00007092700980138034,0.0007097586058080196,minima-saddle,0.0006388315814547241,14,2.70805020110221,library,1,14,0.0104,420
420,5234,-0,0.0012940136948600411,minima-saddle,0.0012940136948600411,580,6.364750756851911,megalith,1,580,0.4296,421
421,5254,0.000002264974000354414,0.0005225482558034856,minima-saddle,0.0004359715385362506,75,4.330733340286331,acoustic guitar,1,75,0.0556,422
422,5266,0.0000010728830375228426,0.000521356164840654,minima-saddle,0.00021300408116076142,89,4.499809670330265,sombrero,1,89,0.0659,423
423,5304,1.1920928244535389e-7,0.0005204024910855765,minima-saddle,0.00047505530528724194,120,4.795790545596741,power drill,1,120,0.1253,424
424,5333,1.1920928244535389e-7,0.0024536524433642626,minima-saddle,0.002453533234074712,801,6.687108607866515,admiral,1,801,0.5933,425
425,5351,0.000002145764938177308,0.001896846224553883,minima-saddle,0.001894700457341969,323,5.780743515792329,borzoi,1,323,0.2393,426
426,5359,0.00007509902934543788,0.000595382311148569,minima-saddle,0.00025755877140909433,14,2.70805020110221,shopping cart,1,14,0.0104,427
427,5372,0.000018715683836489916,0.0005389989656396211,minima-saddle,0.00010370476229581982,20,3.044522437723423,comic book,1,20,0.0148,428
428,5404,3.576278118089249e-7,0.002153698354959488,minima-saddle,0.0021533407270908356,261,5.568344503761097,crash helmet,1,261,0.1933,429
429,5415,-0,0.0005202832818031311,minima-saddle,0.00019631843315437436,143,4.969813299576001,nipple,1,143,0.1059,430
430,5418,0.000004887569048150908,0.001917668036185205,minima-saddle,0.001912780455313623,213,5.365976015021851,zucchini,1,213,0.1578,431
431,5478,0.0000011920922133867862,0.0006690170848742127,minima-saddle,0.0006678249919787049,60,4.110873864173311,pickelhaube,1,60,0.0444,432
432,5493,0.0000046491513785440475,0.0006205302197486162,minima-saddle,0.0006158810574561357,141,4.955827057601261,bluetick,1,141,0.1189,433
433,5508,0.0000010728830375228426,0.0011704268399626017,minima-saddle,0.0011693539563566446,282,5.645446897643238,theater curtain,1,282,0.2146,434
434,5512,-0,0.0005202832818031311,minima-saddle,0.0002506657037883997,397,5.986452005284438,ping-pong ball,1,397,0.298,435
435,5516,0.000005006777428206988,0.0005252900592313381,minima-saddle,0.00010918920452240855,20,3.044522437723423,gasmask,1,20,0.0148,436
436,5539,0.000006079655122448457,0.000569300667848438,minima-saddle,0.0005632209940813482,22,3.1354942159291497,dishwasher,1,22,0.0163,437
437,5553,2.3841855067985307e-7,0.000520521700353811,minima-saddle,0.0001231355854542926,10,2.3978952727983707,teddy,1,10,0.0074,438
438,5556,1.1920928244535389e-7,0.0013790155062451959,minima-saddle,0.001378896296955645,231,5.44673737166631,Scotch terrier,1,231,0.1711,439
439,5560,-0,0.0007175016799010336,minima-saddle,0.0007175016799010336,263,5.575949103146316,sea urchin,1,263,0.1948,440
440,5586,0.0000029802276912960224,0.0014367506373673677,minima-saddle,0.0014337704051285982,291,5.676753802268282,suspension bridge,1,291,0.2156,441
441,5626,0.000011324817933200393,0.0014724613865837455,minima-saddle,0.001461136620491743,40,3.713572066704308,Great Dane,1,40,0.0296,442
442,5646,2.3841855067985307e-7,0.0005986090400256217,minima-saddle,0.0005983706214465201,262,5.572154032177765,window screen,1,262,0.1941,443
443,5647,7.152555099310121e-7,0.0005209985373130622,minima-saddle,0.0003822308499366045,68,4.23410650459726,shield,1,68,0.0504,444
444,5673,5.960462772236497e-7,0.0005208793280803548,minima-saddle,0.00015555592835880816,105,4.663439094112067,corkscrew,1,105,0.0778,445
445,5688,0.00003015949550899677,0.0016229089815169573,minima-saddle,0.001592749496921897,51,3.9512437185814275,tobacco shop,1,51,0.0392,446
446,5694,7.152555099310121e-7,0.008450346998870373,minima-saddle,0.008449631743133068,983,6.891625897052253,redshank,1,983,0.7281,447
447,5721,8.344646857949556e-7,0.0017203782917931676,minima-saddle,0.0017195438267663121,553,6.317164686747284,steam locomotive,1,553,0.4096,448
448,5760,2.3841855067985307e-7,0.000520521700353811,minima-saddle,0.0003896191774401814,256,5.54907608489522,vending machine,1,256,0.1896,449
449,5800,0.000002861018856492592,0.0005231443006596237,minima-saddle,0.0005028161103837192,27,3.332204510175204,lemon,1,27,0.02,450
450,5808,4.768370445162873e-7,0.0005207601188476474,minima-saddle,0.00032634162926115096,59,4.0943445622221,bath towel,1,59,0.0437,451
451,5819,0.000007867782187531702,0.0005281510639906628,minima-saddle,0.0003088211524300277,84,4.442651256490317,police van,1,84,0.0622,452
452,5836,-0,0.0005202832818031311,minima-saddle,0.00046623803791590035,293,5.683579767338681,sleeping bag,1,293,0.217,453
453,5875,0.0000010728830375228426,0.000521356164840654,minima-saddle,0.00013124066754244268,36,3.6109179126442243,keeshond,1,36,0.0267,454
454,5935,0.000005125986263010418,0.0009839460253715515,minima-saddle,0.000978820025920868,196,5.2832037287379885,shoji,1,196,0.1509,455
455,5954,0.00010513706365600228,0.004666035063564777,minima-saddle,0.004560898058116436,64,4.174387269895637,Dungeness crab,1,64,0.0474,456
456,5974,2.3841855067985307e-7,0.0012392468051984906,minima-saddle,0.001239008386619389,337,5.823045895483019,mosque,1,337,0.2496,457
457,5984,5.960462772236497e-7,0.002428322797641158,minima-saddle,0.002427726751193404,321,5.7745515455444085,china cabinet,1,321,0.2378,458
458,5986,-0,0.0005202832818031311,minima-saddle,0.0002553137019276619,261,5.568344503761097,conch,1,261,0.1933,459
459,6018,3.576278118089249e-7,0.0008864049450494349,minima-saddle,0.0008860473171807826,592,6.385194398997726,rugby ball,1,592,0.4385,460
460,6020,0.00013553177996072918,0.003821452846750617,minima-saddle,0.0036859209649264812,19,2.995732273553991,oxcart,1,19,0.0141,461
461,6059,0.0000011920922133867862,0.003303786274045706,minima-saddle,0.003302594181150198,289,5.66988092298052,throne,1,289,0.2817,462
462,6087,1.1920928244535389e-7,0.0036885577719658613,minima-saddle,0.0036884385626763105,414,6.028278520230698,mitten,1,414,0.3067,463
463,6102,5.960462772236497e-7,0.0007502601947635412,minima-saddle,0.0007496641483157873,236,5.4680601411351315,Granny Smith,1,236,0.1748,464
464,6112,-0,0.0008183944155462086,minima-saddle,0.0008183944155462086,899,6.802394763324311,lorikeet,1,899,0.6659,465
465,6141,-0,0.0005202832818031311,minima-saddle,0.0004040378553327173,170,5.14166355650266,combination lock,1,170,0.1343,466
466,6179,0.00007915183232398704,0.0005994351141271182,minima-saddle,0.0003108249220531434,22,3.1354942159291497,medicine chest,1,22,0.0163,467
467,6192,2.3841855067985307e-7,0.0011529234470799565,minima-saddle,0.001152685028500855,560,6.329720905522696,banjo,0.9982143044471741,559,0.4141,468
468,6194,0.000005960446742392378,0.0034242586698383093,minima-saddle,0.0034182982053607702,378,5.937536205082426,sea snake,1,378,0.28,469
469,6199,1.1920928244535389e-7,0.0008183944155462086,minima-saddle,0.0008182752062566578,689,6.536691597591305,coucal,1,689,0.5104,470
470,6263,0.00005340433563105762,0.0005736876174341888,minima-saddle,0.0002548233896959573,10,2.3978952727983707,kuvasz,1,10,0.0074,471
471,6266,0.0000017881377516459906,0.0005220714195547771,minima-saddle,0.00019965527462773025,10,2.3978952727983707,shovel,1,10,0.0074,472
472,6304,0.00009691245941212401,0.0017597679980099201,minima-saddle,0.001662855502218008,20,3.044522437723423,titi,1,20,0.0148,473
473,6321,0.000017523612768854946,0.0005378068945719861,minima-saddle,0.00015018979320302606,11,2.4849066497880004,warthog,1,11,0.0081,474
474,6337,0.000021219027985353023,0.0005415023097884842,minima-saddle,0.0003368215693626553,11,2.4849066497880004,Airedale,1,11,0.0081,475
475,6368,0.00011038171214750037,0.002063052263110876,minima-saddle,0.0019526705145835876,18,2.9444389791664403,car wheel,1,18,0.0133,476
476,6400,1.1920928244535389e-7,0.001207933179102838,minima-saddle,0.0012078139698132873,640,6.46302945692067,viaduct,1,640,0.4741,477
477,6423,0.000007271740287251305,0.0005275550220903824,minima-saddle,0.0003566080122254789,97,4.584967478670572,echidna,1,97,0.0719,478
478,6448,0.020097315311431885,0.04611147940158844,minima-saddle,0.026014164090156555,11,2.4849066497880004,tiger cat,1,11,0.0081,479
479,6486,1.1920928244535389e-7,0.0018973221303895116,minima-saddle,0.0018972029210999608,543,6.298949246855942,tick,1,543,0.4022,480
480,6495,0.00010978573118336499,0.0006300690129864961,minima-saddle,0.0003242802922613919,10,2.3978952727983707,French bulldog,1,10,0.0074,481
481,6499,1.1920928244535389e-7,0.0005204024910855765,minima-saddle,0.00040332283242605627,371,5.918893854273146,European gallinule,1,371,0.2748,482
482,6515,0.000010967194612021558,0.005084678530693054,minima-saddle,0.005073711276054382,727,6.590301048196686,dowitcher,1,727,0.5385,483
483,6557,0.00013028726971242577,0.0017799977213144302,minima-saddle,0.0016497104661539197,23,3.1780538303479458,barbershop,1,23,0.017,484
484,6558,0.000003099436753473128,0.0031585826072841883,minima-saddle,0.003155483165755868,600,6.398594934535208,artichoke,1,600,0.4444,485
485,6564,0.00042012447374872863,0.0034800940193235874,minima-saddle,0.0030599695164710283,13,2.6390573296152584,screen,1,13,0.0099,486
486,6607,-0,0.0005202832818031311,minima-saddle,0.00018475732940714806,74,4.31748811353631,junco,1,74,0.0548,487
487,6610,0.0000014305104514278355,0.00705098919570446,minima-saddle,0.007049558684229851,954,6.86171134048073,cabbage butterfly,1,954,0.7067,488
488,6668,5.960462772236497e-7,0.001081358641386032,minima-saddle,0.0010807625949382782,86,4.465908118654584,paper towel,1,86,0.0637,489
489,6701,7.152555099310121e-7,0.0014250847743824124,minima-saddle,0.0014243695186451077,225,5.420534999272286,file,0.995555579662323,224,0.1659,490
490,6718,-0,0.002087915316224098,minima-saddle,0.002087915316224098,820,6.710523109452428,bittern,1,820,0.6074,491
491,6721,3.576278118089249e-7,0.003903033910319209,minima-saddle,0.0039026762824505568,960,6.8679744089702925,giant panda,1,960,0.7111,492
492,6754,0.0000023841830625315197,0.0031522843055427074,minima-saddle,0.003149900119751692,685,6.530877627725885,proboscis monkey,0.9985401630401611,684,0.5067,493
493,6773,0.000019430925021879375,0.0005397142068250105,minima-saddle,0.0002160988951800391,10,2.3978952727983707,cassette,1,10,0.0081,494
494,6785,1.1920928244535389e-7,0.0005204024910855765,minima-saddle,0.0001956032938323915,87,4.477336814478207,bonnet,1,87,0.0644,495
495,6786,0.000028729025871143676,0.0005490123076742748,minima-saddle,0.0003226382250431925,15,2.772588722239781,Irish setter,1,15,0.0111,496
496,6795,0.000002145764938177308,0.003311034059152007,minima-saddle,0.003308888291940093,446,6.102558594613569,mongoose,1,446,0.3304,497
497,6805,0.000014066597032069694,0.000620768463704735,minima-saddle,0.0006067018839530647,21,3.091042453358316,Blenheim spaniel,1,21,0.0156,498
498,6811,0.000007510157047363464,0.0005277934388504946,minima-saddle,0.00029249463113956153,104,4.653960350157523,street sign,1,104,0.077,499
499,6812,9.536738616588991e-7,0.002527615986764431,minima-saddle,0.0025266623124480247,216,5.37989735354046,stopwatch,1,216,0.1905,500
500,6815,0.000003814689989667386,0.0005246216314844787,minima-saddle,0.0005208069342188537,56,4.04305126783455,soap dispenser,1,56,0.0415,501
501,6822,0.000025987286790041253,0.0007938570925034583,minima-saddle,0.0007678698166273534,46,3.8501476017100584,malinois,1,46,0.0341,502
502,6829,0.0000046491513785440475,0.0008007657015696168,minima-saddle,0.0007961165392771363,80,4.394449154672439,garter snake,1,80,0.0593,503
503,6859,0.000002264974000354414,0.0007416835287585855,minima-saddle,0.0007394185522571206,22,3.1354942159291497,Madagascar cat,1,22,0.0163,504
504,6881,0.000006079655122448457,0.0005263629369255796,minima-saddle,0.00045193673577159643,184,5.220355825078324,Saint Bernard,1,184,0.1363,505
505,6886,-0,0.0005202832818031311,minima-saddle,0.00018225439998786896,200,5.303304908059076,mosquito net,1,200,0.1481,506
506,6887,1.1920928244535389e-7,0.0005204024910855765,minima-saddle,0.00021491122606676072,123,4.820281565605037,Dutch oven,1,123,0.0911,507
507,6907,7.152555099310121e-7,0.0005209985373130622,minima-saddle,0.00035208198823966086,155,5.049856007249537,brambling,1,155,0.1148,508
508,6933,0.0002525725867599249,0.0019193338230252266,minima-saddle,0.0016667612362653017,10,2.3978952727983707,Boston bull,1,10,0.0074,509
509,6962,0.000007748573807475623,0.0005510718910954893,minima-saddle,0.0005433233454823494,165,5.111987788356544,hamster,1,165,0.1222,510
510,6963,0.000022411095415009186,0.0005426943772181403,minima-saddle,0.0003581517667043954,41,3.7376696182833684,French loaf,1,41,0.0304,511
511,6998,0.0000040531076592742465,0.0005243363894624054,minima-saddle,0.00033730402356013656,122,4.812184355372417,red wolf,1,122,0.0904,512
512,7000,0.0000034570634852570947,0.0005237403452883882,minima-saddle,0.0002094280644087121,90,4.51085950651685,radio telescope,1,90,0.0667,513
513,7006,0.0000023841830625315197,0.0005226674648656627,minima-saddle,0.0001423254143446684,80,4.394449154672439,tripod,1,80,0.0661,514
514,7015,0.000021934269170742482,0.0005422175509738736,minima-saddle,0.00032085287966765463,14,2.70805020110221,water buffalo,1,14,0.0104,515
515,7018,0.000007510157047363464,0.0005277934388504946,minima-saddle,0.00013338529970496893,26,3.295836866004329,bicycle-built-for-two,1,26,0.0193,516
516,7050,0.0000058412379075889476,0.0009192770230583847,minima-saddle,0.0009134357678703964,212,5.3612921657094255,German short-haired pointer,1,212,0.157,517
517,7081,0.0000014305104514278355,0.000521713792254559,minima-saddle,0.0002759310300461948,10,2.3978952727983707,wardrobe,1,10,0.0074,518
518,7140,0.000027179348762729205,0.0005474626305658603,minima-saddle,0.0004910083371214569,65,4.189654742026425,white stork,1,65,0.0481,519
519,7149,0.0011098184622824192,0.017338721081614494,minima-saddle,0.016228903084993362,12,2.5649493574615367,gong,1,12,0.009,520
520,7191,-0,0.0005202832818031311,minima-saddle,0.0002348147245356813,199,5.298317366548036,fountain,1,199,0.1474,521
521,7225,3.576278118089249e-7,0.0008853329927660525,minima-saddle,0.0008849753648974001,252,5.53338948872752,sock,1,252,0.1867,522
522,7280,0.000008940656698541716,0.0005292239385016729,minima-saddle,0.000148403225466609,28,3.367295829986474,leatherback turtle,1,28,0.0207,523
523,7301,7.152555099310121e-7,0.0009809688199311495,minima-saddle,0.0009802535641938448,114,4.74493212836325,pot,1,114,0.0844,524
524,7336,-0,0.007230306044220924,minima-saddle,0.007230306044220924,903,6.806829360392176,Bedlington terrier,1,903,0.6904,525
525,7353,0.000011444026313256472,0.0005317273081163876,minima-saddle,0.00013243124703876674,15,2.772588722239781,Norwegian elkhound,1,15,0.0111,526
526,7367,0.000016212332411669195,0.0005364956142148003,minima-saddle,0.0001324306067544967,10,2.3978952727983707,chain,1,10,0.0074,527
527,7376,0.0004960260121151805,0.0015276916092261672,minima-saddle,0.0010316655971109867,13,2.6390573296152584,boxer,1,13,0.0096,528
528,7386,-0,0.0005202832818031311,minima-saddle,0.00011288482346571982,71,4.276666119016055,puck,1,71,0.0526,529
529,7391,-0,0.0005202832818031311,minima-saddle,0.00036137725692242384,224,5.41610040220442,fire screen,1,224,0.1659,530
530,7399,0.0000032186455882765586,0.0005235019273914077,minima-saddle,0.00019131199223920703,23,3.1780538303479458,hair slide,1,23,0.017,531
531,7400,0.00013004888023715466,0.001150541938841343,minima-saddle,0.001020493102259934,10,2.3978952727983707,cock,1,10,0.0074,532
532,7408,0.00034457468427717686,0.001706692622974515,minima-saddle,0.001362117938697338,10,2.3978952727983707,siamang,1,10,0.0074,533
533,7424,0.000006437280717364047,0.000658057106193155,minima-saddle,0.0006516198045574129,177,5.181783550292085,horse cart,1,177,0.1311,534
534,7435,7.152555099310121e-7,0.003024886129423976,minima-saddle,0.0030241708736866713,335,5.817111159963204,hen-of-the-woods,1,335,0.2481,535
535,7440,5.960462772236497e-7,0.002088390989229083,minima-saddle,0.002087794942781329,312,5.746203190540153,vestment,1,312,0.2311,536
536,7446,0.0005783553933724761,0.003271467750892043,minima-saddle,0.002693112473934889,12,2.5649493574615367,miniature schnauzer,1,12,0.0089,537
537,7459,-0,0.0005620330339297652,minima-saddle,0.0005620330339297652,241,5.488937726156687,burrito,1,241,0.1785,538
538,7467,-0,0.0007427555974572897,minima-saddle,0.0007427555974572897,546,6.304448802421981,earthstar,1,546,0.4044,539
539,7513,0.00006675497570540756,0.0074231987819075584,minima-saddle,0.0073564439080655575,254,5.541263545158426,pickup,1,254,0.1881,540
540,7540,0.000014662635294371285,0.0008554374799132347,minima-saddle,0.0008407748537138104,62,4.143134726391533,diamondback,1,62,0.0459,541
541,7545,0.00014411364099942148,0.002930040005594492,minima-saddle,0.002785926451906562,45,3.828641396489095,Tibetan terrier,1,45,0.0333,542
542,7549,3.576278118089249e-7,0.0011042217956855893,minima-saddle,0.001103864167816937,291,5.676753802268282,menu,1,291,0.2156,543
543,7554,0.000003099436753473128,0.0005241450853645802,minima-saddle,0.0005210456438362598,39,3.6888794541139363,black stork,1,39,0.0289,544
544,7559,0.00002706014311115723,0.0005473434249142884,minima-saddle,0.0004460887867026031,24,3.2188758248682006,bullfrog,1,24,0.0178,545
545,7561,-0,0.0010521834483370185,minima-saddle,0.0010521834483370185,214,5.3706380281276624,bagel,1,214,0.1585,546
546,7562,0.0000016689286894688848,0.0034126159735023975,minima-saddle,0.0034109470434486866,442,6.093569770045136,dung beetle,1,442,0.3274,547
547,7589,8.344646857949556e-7,0.0005211177464889261,minima-saddle,0.00038366077933460474,103,4.6443908991413725,barrel,1,103,0.0763,548
548,7621,0.0000601988795096986,0.0005804821613128297,minima-saddle,0.0005051701446063817,11,2.4849066497880004,snow leopard,1,11,0.0081,549
549,7635,2.3841855067985307e-7,0.0009241600637324154,minima-saddle,0.0009239216451533139,153,5.0369526024136295,cleaver,1,153,0.137,550
550,7684,0.000029682672902708873,0.0013238961109891534,minima-saddle,0.0012942134635522962,13,2.6390573296152584,valley,1,13,0.0096,551
551,7687,3.576278118089249e-7,0.005184420384466648,minima-saddle,0.005184062756597996,735,6.601230118728877,carbonara,0.9986394643783569,734,0.5437,552
552,7700,0.0000023841830625315197,0.0025934891309589148,minima-saddle,0.002591104945167899,509,6.234410725718371,sulphur butterfly,1,509,0.377,553
553,7721,-0,0.0005202832818031311,minima-saddle,0.0003899767471011728,463,6.139884552226255,lens cap,1,463,0.343,554
554,7727,0.000002861018856492592,0.0005231443006596237,minima-saddle,0.00012087057257303968,27,3.332204510175204,brain coral,1,27,0.02,555
555,7775,0.0000027418097943154862,0.0005230250915974466,minima-saddle,0.00016413726552855223,69,4.248495242049359,basenji,1,69,0.0511,556
556,7786,2.3841855067985307e-7,0.000835903687402606,minima-saddle,0.0008356652688235044,287,5.662960480135946,cannon,0.996515691280365,286,0.2119,557
557,7818,-0,0.0007976687629707158,minima-saddle,0.0007976687629707158,405,6.0063531596017325,balloon,1,405,0.3,558
558,7844,0.00023541064001619816,0.0014368696138262749,minima-saddle,0.0012014589738100767,21,3.091042453358316,marmoset,1,21,0.0156,559
559,7854,0.00018594920402392745,0.003930226434022188,minima-saddle,0.0037442771717906,13,2.6390573296152584,cliff,1,13,0.0096,560
560,7876,0.000011920858014491387,0.0005322041398176225,minima-saddle,0.00021812660270370543,25,3.258096538021482,dining table,1,25,0.0185,561
561,7966,0.000003576272320060525,0.0005238595541231917,minima-saddle,0.0002817700442392379,25,3.258096538021482,strainer,1,25,0.0185,562
562,7972,-0,0.0005202832818031311,minima-saddle,0.00020549570035655051,291,5.676753802268282,wreck,1,291,0.2156,563
563,8008,0.000008940656698541716,0.0010301527800038457,minima-saddle,0.001021212083287537,25,3.258096538021482,water bottle,1,25,0.0185,564
564,8043,0.00011157367407577112,0.0007059465860947967,minima-saddle,0.0005943729192949831,17,2.8903717578961645,wool,1,17,0.0126,565
565,8045,0.0000683045873302035,0.0018856617389246821,minima-saddle,0.001817357144318521,18,2.9444389791664403,church,1,18,0.0133,566
566,8057,8.344646857949556e-7,0.0005211177464889261,minima-saddle,0.00035756363649852574,133,4.897839799950911,beaver,1,133,0.0985,567
567,8073,0.000006318072337307967,0.0005266013541404391,minima-saddle,0.0003362307616043836,15,2.772588722239781,spotlight,1,15,0.0111,568
568,8121,0.0000014305104514278355,0.0005931286723352969,minima-saddle,0.0005916981608606875,321,5.7745515455444085,cougar,1,321,0.2378,569
569,8155,-0,0.0012584156356751919,minima-saddle,0.0012584156356751919,351,5.863631175598097,bathing cap,1,351,0.26,570
570,8156,0.000002264974000354414,0.0005225482558034856,minima-saddle,0.0001324324548477307,32,3.4965075614664802,rule,1,32,0.0237,571
571,8211,0.0000029802276912960224,0.0011155341053381562,minima-saddle,0.0011125538730993867,133,4.897839799950911,studio couch,1,133,0.0985,572
572,8225,0.00015007323236204684,0.000670356514165178,minima-saddle,0.00033475260715931654,15,2.772588722239781,rain barrel,1,15,0.0111,573
573,8252,0.000005245195097813848,0.0006000387365929782,minima-saddle,0.0005947935278527439,19,2.995732273553991,velvet,1,19,0.0171,574
574,8281,7.152555099310121e-7,0.005404741503298283,minima-saddle,0.005404026247560978,718,6.577861357721047,tarantula,1,718,0.5319,575
575,8305,0.000002861018856492592,0.004238076042383909,minima-saddle,0.0042352150194346905,695,6.54534966033442,black grouse,1,695,0.5148,576
576,8312,0.000007986990567587782,0.001039203256368637,minima-saddle,0.0010312162339687347,134,4.90527477843843,langur,1,134,0.0993,577
577,8318,-0,0.0012363893911242485,minima-saddle,0.0012363893911242485,856,6.75343791859778,koala,1,856,0.6341,578
578,8329,0.0000046491513785440475,0.0005491655902005732,minima-saddle,0.0005445164279080927,20,3.044522437723423,whippet,1,20,0.0148,579
579,8331,0.00007581423415103927,0.0005960975159541704,minima-saddle,0.0004664410080295056,40,3.713572066704308,Samoyed,1,40,0.0296,580
580,8333,-0,0.0005583396414294839,minima-saddle,0.0005583396414294839,227,5.429345628954441,king crab,1,227,0.1681,581
581,8377,-0,0.0005202832818031311,minima-saddle,0.00023648326168768108,179,5.19295685089021,orangutan,1,179,0.1326,582
582,8379,-0,0.001745130866765976,minima-saddle,0.001745130866765976,466,6.1463292576688975,crane,0.9978540539741516,465,0.3444,583
583,8381,0.000005245195097813848,0.000525528476900945,minima-saddle,0.00020823585509788245,18,2.9444389791664403,beaker,1,18,0.0133,584
584,8399,0.0034046561922878027,0.013533039949834347,minima-saddle,0.0101283835247159,12,2.5649493574615367,tub,1,12,0.0089,585
585,8426,0.000014305012882687151,0.0011207734933122993,minima-saddle,0.0011064684949815273,130,4.875197323201151,holster,1,130,0.0963,586
586,8441,0.0000023841830625315197,0.004028895869851112,minima-saddle,0.004026511684060097,925,6.8308742346461795,robin,0.998918890953064,924,0.6844,587
587,8472,0.000001311301275563892,0.0021679725032299757,minima-saddle,0.002166661201044917,364,5.8998973535824915,black widow,1,364,0.2696,588
588,8553,1.1920928244535389e-7,0.0005204024910855765,minima-saddle,0.00019107421394437551,172,5.153291594497779,totem pole,1,172,0.1274,589
589,8556,0.0000247952248173533,0.0005450785066204844,minima-saddle,0.00018332253966946155,13,2.6390573296152584,tank,1,13,0.0096,590
590,8559,0.000011324817933200393,0.0005316080997363315,minima-saddle,0.0001561501994729042,12,2.5649493574615367,moving van,1,12,0.0099,591
591,8562,0.000007033323527139146,0.003599475836381316,minima-saddle,0.00359244248829782,98,4.59511985013459,cornet,1,98,0.0726,592
592,8606,0.00028534632292576134,0.0038998278323560953,minima-saddle,0.0036144815385341644,31,3.4657359027997265,Yorkshire terrier,1,31,0.023,593
593,8610,0.00008332382276421413,0.0006036071045673453,minima-saddle,0.00014195634867064655,14,2.70805020110221,nail,1,14,0.0104,594
594,8611,7.152555099310121e-7,0.0005209985373130622,minima-saddle,0.00029690604424104095,119,4.787491742782046,tennis ball,1,119,0.0881,595
595,8636,0.000002861018856492592,0.0009076051646843553,minima-saddle,0.0009047441417351365,206,5.332718793265369,digital clock,1,206,0.1526,596
596,8649,0.0013330630026757717,0.012778542004525661,minima-saddle,0.011445479467511177,19,2.995732273553991,cassette player,1,19,0.0141,597
597,8663,-0,0.000860320869833231,minima-saddle,0.000860320869833231,475,6.16541785423142,starfish,0.9978947639465332,474,0.3511,598
598,8761,0.000004529942543740617,0.003045803401619196,minima-saddle,0.0030412734486162663,601,6.400257445308821,coral fungus,1,601,0.4452,599
599,8863,0.000017881233361549675,0.0049774544313549995,minima-saddle,0.004959573037922382,413,6.025865973825314,photocopier,1,413,0.3059,600
600,8879,4.768370445162873e-7,0.0005207601188476474,minima-saddle,0.00018749854643829167,82,4.418840607796598,ptarmigan,1,82,0.0607,601
601,8882,-0,0.004942698869854212,minima-saddle,0.004942698869854212,426,6.056784013228625,potpie,1,426,0.3156,602
602,8896,0.000024199192921514623,0.0005444824747246458,minima-saddle,0.0004885077360086143,23,3.1780538303479458,buckle,1,23,0.017,603
603,8897,-0,0.0019136227201670408,minima-saddle,0.0019136227201670408,261,5.568344503761097,caldron,1,261,0.1933,604
604,8904,0.0000023841830625315197,0.0011439929949119687,minima-saddle,0.001141608809120953,325,5.786897381366708,cheeseburger,1,325,0.2407,605
605,8906,8.344646857949556e-7,0.0008356655016541481,minima-saddle,0.0008348310366272926,337,5.823045895483019,snail,1,337,0.2496,606
606,8910,0.000006079655122448457,0.0005263629369255796,minima-saddle,0.00018892771913670003,34,3.5553480614894135,briard,1,34,0.0252,607
607,9035,0.000001311301275563892,0.0021620250772684813,minima-saddle,0.0021607137750834227,237,5.472270673671475,beer glass,1,237,0.1756,608
608,9046,0.00020632999076042324,0.0015825617592781782,minima-saddle,0.0013762317830696702,17,2.8903717578961645,German shepherd,1,17,0.0126,609
609,9098,2.3841855067985307e-7,0.0009417866240255535,minima-saddle,0.0009415482054464519,234,5.459585514144159,carton,1,234,0.1733,610
610,9110,0.000005006777428206988,0.0009703694959171116,minima-saddle,0.0009653627057559788,190,5.25227342804663,recreational vehicle,1,190,0.1407,611
611,9129,0.00000822540732769994,0.0005285086891308311,minima-saddle,0.00011800925858551636,54,4.007333185232471,ringlet,1,54,0.04,612
612,9135,-0,0.0012571059633046389,minima-saddle,0.0012571059633046389,324,5.783825182329737,killer whale,1,324,0.24,613
613,9152,0.000030874729418428615,0.0008511496125720441,minima-saddle,0.0008202748722396791,26,3.295836866004329,frying pan,1,26,0.0204,614
614,9155,4.768370445162873e-7,0.0011705459328368306,minima-saddle,0.0011700690956786275,383,5.950642552587727,dishrag,1,383,0.2837,615
615,9191,4.768370445162873e-7,0.0006696127820760012,minima-saddle,0.000669135944917798,21,3.091042453358316,confectionery,1,21,0.0156,616
616,9222,0.0000011920922133867862,0.0005214753740165179,minima-saddle,0.00015019225247669965,69,4.248495242049359,barometer,1,69,0.0552,617
617,9232,1.1920928244535389e-7,0.0005204024910855765,minima-saddle,0.00022468423412647098,166,5.117993812416755,broom,1,166,0.123,618
618,9253,0.0000046491513785440475,0.0005249324331816752,minima-saddle,0.00045646526268683374,28,3.367295829986474,prison,1,28,0.0207,619
619,9271,5.960462772236497e-7,0.0005208793280803548,minima-saddle,0.00013493573351297528,34,3.5553480614894135,coho,1,34,0.0252,620
620,9276,-0,0.001290561049245298,minima-saddle,0.001290561049245298,580,6.364750756851911,dugong,1,580,0.4296,621
621,9288,5.960462772236497e-7,0.0005208793280803548,minima-saddle,0.0002103821316268295,36,3.6109179126442243,clog,1,36,0.0267,622
622,9320,0.000003576272320060525,0.000694153131917119,minima-saddle,0.0006905768532305956,141,4.955827057601261,monarch,1,141,0.1044,623
623,9384,9.536738616588991e-7,0.00052123695566479,minima-saddle,0.00015507910575252026,50,3.9318256327243257,plow,1,50,0.037,624
624,9401,0.00002312633478140924,0.0007908792467787862,minima-saddle,0.0007677529356442392,101,4.624972813284271,picket fence,1,101,0.0748,625
625,9408,-0,0.0007339406292885542,minima-saddle,0.0007339406292885542,321,5.7745515455444085,Siamese cat,1,321,0.2378,626
626,9416,0.00022146634000819176,0.000854961050208658,minima-saddle,0.000633494695648551,22,3.1354942159291497,carpenter's kit,1,22,0.0163,627
627,9446,1.1920928244535389e-7,0.0014636528212577105,minima-saddle,0.0014635336119681597,434,6.075346031088684,revolver,1,434,0.3215,628
628,9478,-0,0.0008218486327677965,minima-saddle,0.0008218486327677965,376,5.932245187448011,unicycle,1,376,0.2785,629
629,9481,0.0000032186455882765586,0.0005235019273914077,minima-saddle,0.0002741428907029331,11,2.4849066497880004,wardrobe,1,11,0.0081,630
630,9512,5.960462772236497e-7,0.0014025861164554954,minima-saddle,0.0014019900700077415,571,6.349138991379798,jay,1,571,0.423,631
631,9533,8.344646857949556e-7,0.0028668041341006756,minima-saddle,0.00286596966907382,477,6.169610732491456,colobus,1,477,0.3533,632
632,9549,0.0000036954811548639555,0.001758220954798162,minima-saddle,0.0017545254668220878,516,6.248042874508429,snowmobile,1,516,0.3822,633
633,9554,0.00005817244164063595,0.0015051951631903648,minima-saddle,0.001447022776119411,22,3.1354942159291497,beer bottle,1,22,0.0163,634
634,9587,0.0002543602604418993,0.007107095792889595,minima-saddle,0.006852735765278339,158,5.0689042022202315,home theater,1,158,0.117,635
635,9589,0.00023505308490712196,0.0032834685407578945,minima-saddle,0.0030484155286103487,20,3.044522437723423,typewriter keyboard,1,20,0.0148,636
636,9620,0.000002861018856492592,0.0005231443006596237,minima-saddle,0.0004810116079170257,78,4.3694478524670215,balance beam,1,78,0.0578,637
637,9652,0.0001658063702052459,0.008079110644757748,minima-saddle,0.00791330449283123,33,3.5263605246161616,safe,1,33,0.0306,638
638,9653,0.0000040531076592742465,0.001632668194361031,minima-saddle,0.0016286150785163045,84,4.442651256490317,wooden spoon,1,84,0.0622,639
639,9709,0.000037431014789035544,0.0010881462367251515,minima-saddle,0.0010507152182981372,69,4.248495242049359,Cardigan,1,69,0.0511,640
640,9721,-0,0.0008521024719811976,minima-saddle,0.0008521024719811976,135,4.912654885736052,chest,1,135,0.1,641
641,9733,0.0000017881377516459906,0.0024827865418046713,minima-saddle,0.0024809984024614096,450,6.111467339502679,common iguana,1,450,0.3333,642
642,9790,0.000005960446742392378,0.005084678530693054,minima-saddle,0.005078718066215515,660,6.493753839851686,red-backed sandpiper,1,660,0.4889,643
643,9795,0.000004887569048150908,0.0029343189671635628,minima-saddle,0.0029294313862919807,602,6.401917196727186,cliff dwelling,0.9983388781547546,601,0.4452,644
644,9826,0.000003576272320060525,0.0005238595541231917,minima-saddle,0.0003227654960937798,115,4.7535901911063645,cheetah,1,115,0.0852,645
645,9872,0.0004102342063561082,0.0025968183763325214,minima-saddle,0.002186584286391735,13,2.6390573296152584,green snake,1,13,0.0096,646
646,9876,0.0013253247598186135,0.005985194351524115,minima-saddle,0.004659869708120823,10,2.3978952727983707,Indian elephant,1,10,0.0074,647
647,9896,0.000048874615458771586,0.008338280953466892,minima-saddle,0.008289406076073647,185,5.225746673713202,tow truck,0.9945945739746094,184,0.1363,648
648,9921,0.000010490362910786644,0.0005936052766628563,minima-saddle,0.0005831149173900485,121,4.804021044733257,chiffonier,1,121,0.0896,649
649,9938,0.0000460137271147687,0.0005662970089178998,minima-saddle,0.0004199859977234155,16,2.833213344056216,ox,1,16,0.0119,650
650,9977,0.00008439661905867979,0.001574111171066761,minima-saddle,0.0014897146029397845,10,2.3978952727983707,dome,1,10,0.0074,651
651,9978,0.000022172682292875834,0.0006672301678918302,minima-saddle,0.0006450574728660285,10,2.3978952727983707,oxygen mask,1,10,0.0074,652
652,9992,0.000006794906312279636,0.0019417019793763757,minima-saddle,0.0019349070498719811,114,4.74493212836325,mashed potato,1,114,0.0844,653
653,10019,0.00008046303264563903,0.0007593132322654128,minima-saddle,0.0006788502214476466,17,2.8903717578961645,ice cream,1,17,0.0126,654
654,10185,0.000005483612312673358,0.00350812915712595,minima-saddle,0.003502645529806614,392,5.973809611869261,chimpanzee,0.9974489808082581,391,0.2896,655
655,10186,5.960462772236497e-7,0.0048539661802351475,minima-saddle,0.004853370133787394,1047,6.954638864880987,chickadee,1,1047,0.7756,656
656,10242,0.00004625213477993384,0.0014097285456955433,minima-saddle,0.0013634763890877366,23,3.1780538303479458,television,1,23,0.017,657
657,10269,0.000006079655122448457,0.00627156300470233,minima-saddle,0.00626548333093524,825,6.716594773520978,prairie chicken,0.9987878799438477,824,0.6104,658
658,10284,0.000038265450712060556,0.0005585487325151917,minima-saddle,0.0002755633613560349,24,3.2188758248682006,whiptail,1,24,0.0178,659
659,10297,0.0001212284987559542,0.0020226037595421076,minima-saddle,0.0019013752462342381,16,2.833213344056216,mink,1,16,0.0119,660
660,10303,4.768370445162873e-7,0.000987637904472649,minima-saddle,0.000987161067314446,153,5.0369526024136295,mask,1,153,0.1133,661
661,10337,0.0000010728830375228426,0.0005931286723352969,minima-saddle,0.0005920557887293398,289,5.66988092298052,lynx,1,289,0.2141,662
662,10349,-0,0.0005202832818031311,minima-saddle,0.00035255891270935535,393,5.976350909297934,go-kart,1,393,0.2911,663
663,10368,2.3841855067985307e-7,0.0009214208112098277,minima-saddle,0.0009211823926307261,579,6.363028103540465,badger,0.9982728958129883,578,0.4281,664
664,10371,2.3841855067985307e-7,0.008906872943043709,minima-saddle,0.008906634524464607,500,6.2166061010848646,ringneck snake,1,500,0.3704,665
665,10372,1.1920928244535389e-7,0.0005204024910855765,minima-saddle,0.0004972174647264183,232,5.4510384535657,Petri dish,1,232,0.2292,666
666,10378,4.768370445162873e-7,0.0005207601188476474,minima-saddle,0.00022814044496044517,119,4.787491742782046,butternut squash,1,119,0.0881,667
667,10398,-0,0.0005202832818031311,minima-saddle,0.0003860443539451808,117,4.770684624465665,rubber eraser,1,117,0.0867,668
668,10412,0.000176652567461133,0.0006969358492642641,minima-saddle,0.00033915217500180006,13,2.6390573296152584,Sealyham terrier,1,13,0.0132,669
669,10473,0.000004291525328881107,0.0005245748071320122,minima-saddle,0.0002506646269466728,53,3.9889840465642745,American lobster,1,53,0.0393,670
670,10482,5.960462772236497e-7,0.0016218378441408277,minima-saddle,0.0016212417976930737,290,5.673323267171493,shoe shop,0.9965517520904541,289,0.2141,671
671,10541,5.960462772236497e-7,0.0005208793280803548,minima-saddle,0.00019441133190412074,131,4.882801922586371,Afghan hound,0.9923664331436157,130,0.0963,672
672,10570,0.000024437606043647975,0.0005447208878467791,minima-saddle,0.000355410244083032,29,3.4011973816621555,gorilla,1,29,0.0215,673
673,10610,0.000005960446742392378,0.0005262437285455235,minima-saddle,0.0004974528565071523,42,3.7612001156935624,kite,1,42,0.0311,674
674,10733,1.1920928244535389e-7,0.0005204024910855765,minima-saddle,0.00027545468765310943,151,5.0238805208462765,sea cucumber,1,151,0.1119,675
675,10739,1.1920928244535389e-7,0.0007977878558449447,minima-saddle,0.0007976686465553939,35,3.58351893845611,neck brace,1,35,0.0285,676
676,10778,-0,0.0010418231831863523,minima-saddle,0.0010418231831863523,240,5.484796933490655,pillow,1,240,0.1778,677
677,10801,0.0000648477507638745,0.0006555553991347551,minima-saddle,0.000590707641094923,21,3.091042453358316,Pekinese,1,21,0.0156,678
678,10824,7.152555099310121e-7,0.001033129869028926,minima-saddle,0.0010324146132916212,295,5.69035945432406,obelisk,1,295,0.2185,679
679,10831,0.000005125986263010418,0.0005254092680661416,minima-saddle,0.00026329729007557034,15,2.772588722239781,space heater,1,15,0.0142,680
680,10838,0.000001311301275563892,0.000521594583078695,minima-saddle,0.0001759371953085065,55,4.02535169073515,vulture,1,55,0.0407,681
681,10852,0.0000010728830375228426,0.003416180144995451,minima-saddle,0.003415107261389494,234,5.459585514144159,lab coat,1,234,0.1733,682
682,10868,-0,0.0005260513862594962,minima-saddle,0.0005260513862594962,143,4.969813299576001,stretcher,1,143,0.1059,683
683,10891,0.000010967194612021558,0.0005312504764151527,minima-saddle,0.0002559067797847092,15,2.772588722239781,American alligator,1,15,0.0111,684
684,10985,2.3841855067985307e-7,0.000520521700353811,minima-saddle,0.0003380203270353377,289,5.66988092298052,oystercatcher,1,289,0.2141,685
685,10991,0.000012993727978027891,0.000533277009781159,minima-saddle,0.0003113221609964967,12,2.5649493574615367,electric guitar,1,12,0.0089,686
686,11016,-0,0.0005202832818031311,minima-saddle,0.00016151554882526398,123,4.820281565605037,reel,1,123,0.0911,687
687,11034,0.000002145764938177308,0.002923145890235901,minima-saddle,0.002921000123023987,540,6.293419278846481,ibex,1,540,0.4,688
688,11044,3.576278118089249e-7,0.0005206409096149401,minima-saddle,0.00021693730377592146,44,3.8066624897703196,screwdriver,1,44,0.0326,689
689,11045,0.00002038458114839159,0.0005406678629515227,minima-saddle,0.00026079060626216233,33,3.5263605246161616,African crocodile,1,33,0.0244,690
690,11055,2.3841855067985307e-7,0.0013294914970174432,minima-saddle,0.0013292530784383416,297,5.697093486505405,worm fence,1,297,0.22,691
691,11146,-0,0.006429226137697697,minima-saddle,0.006429226137697697,1132,7.0326242610280065,limpkin,1,1132,0.8385,692
692,11182,0.0002967870968859643,0.002351259347051382,minima-saddle,0.0020544722210615873,11,2.4849066497880004,rock python,1,11,0.0098,693
693,11185,0.0000015497195136049413,0.0036778682842850685,minima-saddle,0.0036763185635209084,431,6.068425588244111,Ibizan hound,1,431,0.3193,694
694,11232,0.00007962863310240209,0.0005999119149055332,minima-saddle,0.0004188995517324656,10,2.3978952727983707,silky terrier,1,10,0.0074,695
695,11235,0.000006556489552167477,0.0005268397713552986,minima-saddle,0.0003516032884363085,121,4.804021044733257,hartebeest,1,121,0.0896,696
696,11237,0.000001311301275563892,0.0005477358354255557,minima-saddle,0.0005464245332404971,110,4.709530201312334,backpack,0.9909090995788574,109,0.0807,697
697,11243,0.0034595420584082603,0.025326929986476898,minima-saddle,0.021867386996746063,10,2.3978952727983707,English foxhound,1,10,0.0124,698
698,11247,1.1920928244535389e-7,0.0023117740638554096,minima-saddle,0.002311654854565859,201,5.308267697401205,switch,1,201,0.1489,699
699,11261,0.000046132929128361866,0.000566416210931493,minima-saddle,0.00021418627875391394,16,2.833213344056216,coil,1,16,0.0119,700
700,11286,-0,0.0005202832818031311,minima-saddle,0.000324673397699371,220,5.3981627015177525,volleyball,1,220,0.163,701
701,11368,0.000002145764938177308,0.0019376566633582115,minima-saddle,0.0019355108961462975,40,3.713572066704308,diaper,1,40,0.0296,702
702,11425,1.1920928244535389e-7,0.0006878394051454961,minima-saddle,0.0006877201958559453,141,4.955827057601261,crate,0.9929078221321106,140,0.1037,703
703,11433,0.0000084638240878121,0.0005287471058909432,minima-saddle,0.00026258136495016515,69,4.248495242049359,chow,1,69,0.0511,704
704,11457,0.00001680836794548668,0.0008864049450494349,minima-saddle,0.0008695965516380966,14,2.70805020110221,rugby ball,1,14,0.0104,705
705,11473,0.000014543427823809907,0.0012873465893790126,minima-saddle,0.001272803172469139,300,5.707110264748875,little blue heron,1,300,0.2222,706
706,11476,0.000006437280717364047,0.0010069306008517742,minima-saddle,0.001000493299216032,169,5.135798437050262,bloodhound,1,169,0.1252,707
707,11495,0.000002861018856492592,0.0024703005328774452,minima-saddle,0.0024674395099282265,772,6.650279048587422,bee eater,1,772,0.5719,708
708,11500,1.1920928244535389e-7,0.0007074952009133995,minima-saddle,0.0007073759916238487,27,3.332204510175204,Chihuahua,1,27,0.02,709
709,11524,1.1920928244535389e-7,0.0006957017467357218,minima-saddle,0.000695582537446171,155,5.049856007249537,perfume,1,155,0.1148,710
710,11535,0.00005566918844124302,0.0005759524702443742,minima-saddle,0.00031083219801075757,19,2.995732273553991,cello,1,19,0.0141,711
711,11560,8.344646857949556e-7,0.0012554391287267208,minima-saddle,0.0012546046636998653,274,5.616771097666572,poncho,1,274,0.203,712
712,11563,1.1920928244535389e-7,0.0005204024910855765,minima-saddle,0.00016842852346599102,146,4.990432586778736,folding chair,1,146,0.1081,713
713,11592,0.000001311301275563892,0.0019193338230252266,minima-saddle,0.001918022520840168,632,6.450470422144176,lion,1,632,0.4681,714
714,11640,5.960462772236497e-7,0.004000756423920393,minima-saddle,0.004000160377472639,887,6.78897174299217,toucan,0.9988725781440735,886,0.6563,715
715,11677,-0,0.0007104733376763761,minima-saddle,0.0007104733376763761,178,5.187385805840755,lawn mower,1,178,0.1319,716
716,11694,0.000003099436753473128,0.0025601964443922043,minima-saddle,0.002557097002863884,358,5.883322388488279,Gordon setter,1,358,0.2652,717
717,11707,-0,0.003830359550192952,minima-saddle,0.003830359550192952,682,6.52649485957079,daisy,1,682,0.5052,718
718,11717,0.000003099436753473128,0.0005233827185566043,minima-saddle,0.0001587736769579351,34,3.5553480614894135,honeycomb,1,34,0.0252,719
719,11732,0.00001847726889536716,0.002842554822564125,minima-saddle,0.0028240776155143976,282,5.645446897643238,hare,1,282,0.2089,720
720,11736,2.3841855067985307e-7,0.002684919396415353,minima-saddle,0.0026846809778362513,658,6.490723534502507,tench,1,658,0.4874,721
721,11743,2.3841855067985307e-7,0.0017335877055302262,minima-saddle,0.0017333492869511247,908,6.812345094177479,zebra,1,908,0.6726,722
722,11778,0.000007986990567587782,0.0005282702723707189,minima-saddle,0.00041892952867783606,112,4.727387818712341,groenendael,1,112,0.083,723
723,11787,0.0000084638240878121,0.0007418026216328144,minima-saddle,0.0007333388202823699,60,4.110873864173311,Loafer,1,60,0.0505,724
724,11808,0.00005578839045483619,0.006717124953866005,minima-saddle,0.006661336403340101,22,3.1354942159291497,racer,1,22,0.0163,725
725,11818,-0,0.0005202832818031311,minima-saddle,0.00034683887497521937,291,5.676753802268282,isopod,1,291,0.2156,726
726,11836,0.000002264974000354414,0.0022170981392264366,minima-saddle,0.0022148331627249718,613,6.419994928147142,lycaenid,1,613,0.4541,727
727,11887,0.00010466027742950246,0.0037121926434338093,minima-saddle,0.003607532475143671,52,3.970291913552122,palace,1,52,0.0385,728
728,11921,4.768370445162873e-7,0.0005207601188476474,minima-saddle,0.0003722211404237896,142,4.962844630259907,ski,1,142,0.1052,729
729,11934,-0,0.0006053998949937522,minima-saddle,0.0006053998949937522,210,5.351858133476067,hand blower,0.9904761910438538,208,0.1541,730
730,11945,2.3841855067985307e-7,0.000520521700353811,minima-saddle,0.00021371936600189656,385,5.955837369464831,macaw,1,385,0.2852,731
731,11971,0.0000019073468138230965,0.0010246747406199574,minima-saddle,0.001022767391987145,158,5.0689042022202315,mouse,1,158,0.117,732
732,11977,2.3841855067985307e-7,0.0036556576378643513,minima-saddle,0.0036554192192852497,522,6.259581464064923,fiddler crab,1,522,0.3867,733
733,12050,0.000022172682292875834,0.000542455964096007,minima-saddle,0.0004566955612972379,40,3.713572066704308,upright,1,40,0.0296,734
734,12051,0.000006556489552167477,0.0007532381569035351,minima-saddle,0.0007466816459782422,109,4.700480365792417,military uniform,1,109,0.0807,735
735,12052,-0,0.0030915583483874798,minima-saddle,0.0030915583483874798,556,6.322565239927284,acorn squash,1,556,0.4119,736
736,12072,0.00001883488948806189,0.000539118171291193,minima-saddle,0.00011204833572264761,12,2.5649493574615367,beacon,1,12,0.0089,737
737,12085,0.000003933898824470816,0.0005402297829277813,minima-saddle,0.0005362958763726056,198,5.293304824724492,barn,1,198,0.1467,738
738,12108,0.000003576272320060525,0.0005238595541231917,minima-saddle,0.00016223009151872247,52,3.970291913552122,hamper,1,52,0.0385,739
739,12122,0.0007529999129474163,0.003310321131721139,minima-saddle,0.0025573212187737226,12,2.5649493574615367,violin,1,12,0.0089,740
740,12134,0.00008999896090244874,0.0018424693262204528,minima-saddle,0.0017524703871458769,14,2.70805020110221,Australian terrier,1,14,0.0104,741
741,12146,0.000051020273531321436,0.0009754904895089567,minima-saddle,0.0009244701941497624,14,2.70805020110221,washbasin,1,14,0.0104,742
742,12183,1.1920928244535389e-7,0.0014102048007771373,minima-saddle,0.0014100855914875865,533,6.280395838960195,mountain tent,1,533,0.3948,743
743,12226,9.536738616588991e-7,0.0012887752382084727,minima-saddle,0.0012878215638920665,481,6.1779441140506,Angora,1,481,0.3563,744
744,12243,0.000010609570381348021,0.0005308928521844792,minima-saddle,0.00043549129622988403,139,4.941642422609304,marmot,1,139,0.103,745
745,12250,0.00000834461570775602,0.0005286278975108872,minima-saddle,0.00017426733393222094,35,3.58351893845611,strawberry,1,35,0.0259,746
746,12252,3.576278118089249e-7,0.0027860894333571196,minima-saddle,0.002785731805488467,284,5.652489180268651,bassoon,1,284,0.2104,747
747,12266,2.3841855067985307e-7,0.0007040405762381852,minima-saddle,0.0007038021576590836,396,5.983936280687191,agama,1,396,0.2933,748
748,12271,2.3841855067985307e-7,0.005391580518335104,minima-saddle,0.005391342099756002,1158,7.055312843339752,great grey owl,0.9991364479064941,1157,0.857,749
749,12274,1.1920928244535389e-7,0.0005204024910855765,minima-saddle,0.00034290627809241414,252,5.53338948872752,French horn,1,252,0.1867,750
750,12294,-0,0.0014250847743824124,minima-saddle,0.0014250847743824124,537,6.2878585601617845,hornbill,1,537,0.3978,751
