,Simplification Threshold,Count
0,0,359
1,0,358
2,0,357
3,0,356
4,0,355
5,0,354
6,0,353
7,0,352
8,0,351
9,0,350
10,0,349
11,0,348
12,0,347
13,0,346
14,0,345
15,0,344
16,0,343
17,0,342
18,0,341
19,0,340
20,0,339
21,0,338
22,0,337
23,0,336
24,0,335
25,0,334
26,0,333
27,0,332
28,0,331
29,0,330
30,0,329
31,0,328
32,0,327
33,0,326
34,0,325
35,0,324
36,0,323
37,0,322
38,0,321
39,0,320
40,0,319
41,0,318
42,0,317
43,0,316
44,0,315
45,0,314
46,0,313
47,0,312
48,0,311
49,0,310
50,0,309
51,0,308
52,0,307
53,0,306
54,0,305
55,0,304
56,0,303
57,0,302
58,0,301
59,0,300
60,0,299
61,0,298
62,0,297
63,0,296
64,0,295
65,0,294
66,0,293
67,0,292
68,0,291
69,0,290
70,0,289
71,0,288
72,0,287
73,0,286
74,0,285
75,0,284
76,0,283
77,0,282
78,0,281
79,0,280
80,0,279
81,0,278
82,0,277
83,0,276
84,0,275
85,0,274
86,0,273
87,0,272
88,0,271
89,0,270
90,0,269
91,0,268
92,0,267
93,0,266
94,0,265
95,0,264
96,0,263
97,0,262
98,0,261
99,0,260
100,0,259
101,0,258
102,0,257
103,0,256
104,0,255
105,0,254
106,0,253
107,0,252
108,0,251
109,0,250
110,0,249
111,0,248
112,0,247
113,0,246
114,0,245
115,0,244
116,0,243
117,0,242
118,0,241
119,0,240
120,0,239
121,0,238
122,0,237
123,0,236
124,0,235
125,0,234
126,0,233
127,0,232
128,0,231
129,0,230
130,1.1920883480343036e-7,229
131,1.1920906217710581e-7,228
132,1.1920906217710581e-7,227
133,1.1920906217710581e-7,226
134,1.1920906217710581e-7,225
135,1.1920917586394353e-7,224
136,1.1920917586394353e-7,223
137,1.1920917586394353e-7,222
138,1.1920917586394353e-7,221
139,1.1920917586394353e-7,220
140,1.1920917586394353e-7,219
141,1.1920917586394353e-7,218
142,1.1920923270736239e-7,217
143,1.1920923270736239e-7,216
144,1.1920923270736239e-7,215
145,1.1920923270736239e-7,214
146,1.1920923270736239e-7,213
147,1.1920926112907182e-7,212
148,1.1920926112907182e-7,211
149,1.1920926112907182e-7,210
150,1.1920926112907182e-7,209
151,1.1920926112907182e-7,208
152,1.1920926112907182e-7,207
153,1.1920926112907182e-7,206
154,1.1920926112907182e-7,205
155,1.1920926112907182e-7,204
156,1.1920926823449918e-7,203
157,1.1920926823449918e-7,202
158,1.1920926823449918e-7,201
159,1.1920926823449918e-7,200
160,1.1920926823449918e-7,199
161,1.1920926823449918e-7,198
162,1.1920926823449918e-7,197
163,1.1920926823449918e-7,196
164,1.1920926823449918e-7,195
165,1.1920926823449918e-7,194
166,1.1920926823449918e-7,193
167,1.1920926823449918e-7,192
168,1.1920926823449918e-7,191
169,1.1920926823449918e-7,190
170,1.1920926823449918e-7,189
171,1.1920926823449918e-7,188
172,1.1920926823449918e-7,187
173,1.1920928244535389e-7,186
174,1.1920928244535389e-7,185
175,1.1920928244535389e-7,184
176,1.1920928244535389e-7,183
177,1.1920928244535389e-7,182
178,1.1920928244535389e-7,181
179,1.1920928244535389e-7,180
180,1.1920928244535389e-7,179
181,1.1920928244535389e-7,178
182,1.1920928244535389e-7,177
183,1.1920928244535389e-7,176
184,1.1920928244535389e-7,175
185,1.1920928244535389e-7,174
186,1.1920928244535389e-7,173
187,1.1920928244535389e-7,172
188,1.1920928244535389e-7,171
189,1.1920928244535389e-7,170
190,1.1920928244535389e-7,169
191,1.1920928244535389e-7,168
192,1.1920928244535389e-7,167
193,1.1920928244535389e-7,166
194,1.1920928244535389e-7,165
195,1.1920928244535389e-7,164
196,1.1920928244535389e-7,163
197,2.384149411227554e-7,162
198,2.3841789698053617e-7,161
199,2.3841823804104934e-7,160
200,2.3841823804104934e-7,159
201,2.3841823804104934e-7,158
202,2.3841823804104934e-7,157
203,2.3841823804104934e-7,156
204,2.3841835172788706e-7,155
205,2.3841846541472478e-7,154
206,2.3841846541472478e-7,153
207,2.3841846541472478e-7,152
208,2.3841846541472478e-7,151
209,2.384184938364342e-7,150
210,2.384184938364342e-7,149
211,2.384184938364342e-7,148
212,2.3841852225814364e-7,147
213,2.3841852225814364e-7,146
214,2.3841852225814364e-7,145
215,2.3841852225814364e-7,144
216,2.3841855067985307e-7,143
217,2.3841855067985307e-7,142
218,2.3841855067985307e-7,141
219,3.576133167371154e-7,140
220,3.5762741390499286e-7,139
221,3.5762741390499286e-7,138
222,3.5762741390499286e-7,137
223,3.576275275918306e-7,136
224,3.5762775496550603e-7,135
225,3.576278118089249e-7,134
226,4.7683261072961614e-7,133
227,4.7683261072961614e-7,132
228,4.768335202243179e-7,131
229,4.7683488446637057e-7,130
230,4.7683533921372145e-7,129
231,4.7683624870842323e-7,128
232,4.7683636239526095e-7,127
233,4.7683647608209867e-7,126
234,4.7683647608209867e-7,125
235,4.7683647608209867e-7,124
236,4.768367034557741e-7,123
237,4.768367034557741e-7,122
238,4.76836760299193e-7,121
239,4.76836760299193e-7,120
240,4.7683681714261184e-7,119
241,4.768368739860307e-7,118
242,4.768369876728684e-7,117
243,4.768369876728684e-7,116
244,4.768370445162873e-7,115
245,5.960409907856956e-7,114
246,5.9604326452245e-7,113
247,5.960444013908273e-7,112
248,5.960446287645027e-7,111
249,5.960448561381781e-7,110
250,5.960448561381781e-7,109
251,5.96045310885529e-7,108
252,5.960456519460422e-7,107
253,5.960457656328799e-7,106
254,5.960459361631365e-7,105
255,5.960459361631365e-7,104
256,5.960461066933931e-7,103
257,5.960461066933931e-7,102
258,5.960462203802308e-7,101
259,7.152525540732313e-7,100
260,7.152536909416085e-7,99
261,7.152549983402423e-7,98
262,7.152551688704989e-7,97
263,7.152555099310121e-7,96
264,7.152555099310121e-7,95
265,8.344486559508368e-7,94
266,8.344522939296439e-7,93
267,8.344568414031528e-7,92
268,8.344595698872581e-7,91
269,8.344644584212801e-7,90
270,8.344645721081179e-7,89
271,8.344646857949556e-7,88
272,9.536634024698287e-7,87
273,9.536634024698287e-7,86
274,9.536688594380394e-7,85
275,9.536697689327411e-7,84
276,9.536727247905219e-7,83
277,9.536727247905219e-7,82
278,9.536732363812916e-7,81
279,9.536734637549671e-7,80
280,9.536736342852237e-7,79
281,0.000001072876329999417,78
282,0.0000010728806500992505,77
283,0.0000010728822417149786,76
284,0.0000010728826964623295,75
285,0.000001192082891066093,74
286,0.0000011920856195501983,73
287,0.0000011920916449525976,72
288,0.000001311293544858927,71
289,0.0000013112980923324358,70
290,0.0000013112996839481639,69
291,0.000001311301275563892,68
292,0.0000014304769138107076,67
293,0.0000014305071545095416,66
294,0.000001430507836630568,65
295,0.0000014305080640042434,64
296,0.0000014305104514278355,63
297,0.0000015497125787078403,62
298,0.0000016689109543222003,61
299,0.0000016689209587639198,60
300,0.0000016689270978531567,59
301,0.0000017881084204418585,58
302,0.0000017881211533676833,57
303,0.000001788126610335894,56
304,0.0000017881347957882099,55
305,0.000001907332261907868,54
306,0.0000019073468138230965,53
307,0.0000021457503862620797,52
308,0.0000021457522052514832,51
309,0.0000021457522052514832,50
310,0.000002145757207472343,49
311,0.000002264967406517826,48
312,0.000002384069375693798,47
313,0.0000023841794245527126,46
314,0.0000027417981982580386,45
315,0.0000029802158678648993,44
316,0.0000032186189855565317,43
317,0.000003337843281769892,42
318,0.00000333784737449605,41
319,0.0000035762611787504284,40
320,0.000003695435225381516,39
321,0.0000042914562072837725,38
322,0.000004529922989604529,37
323,0.00000488755449623568,36
324,0.000005245112333795987,35
325,0.000005483563654706813,34
326,0.000005960426278761588,33
327,0.0000064367850427515805,32
328,0.0000064372698034276254,31
329,0.000006556469088536687,30
330,0.000006794870387238916,29
331,0.000006794884939154144,28
332,0.00000691389141138643,27
333,0.000007033309884718619,26
334,0.000007152320904424414,25
335,0.000007629340871062595,24
336,0.000007748461939627305,23
337,0.000008106175300781615,22
338,0.00000822527363197878,21
339,0.000008344582056452055,20
340,0.0000083446057033143,19
341,0.000008940498446463607,18
342,0.000008940581210481469,17
343,0.000010251857020193711,16
344,0.000010847986231965479,15
345,0.000011443921721365768,14
346,0.000011682305739668664,13
347,0.000012874346793978475,12
348,0.000013708894584851805,11
349,0.00001728503411868587,10
350,0.004007761366665363,9
351,0.00455508241429925,8
352,0.004749326966702938,7
353,0.004893707111477852,6
354,0.00546580133959651,5
355,0.006465706508606672,4
356,0.008071424439549446,3
357,0.008269711397588253,2
358,0.010939623229205608,1
