dataset,split,model,k,epoch,layer,thresh,thresh_mode,node_count,average_branching_factor,colless_index,missing_colless,total_cophenetic_index,sackin_index,train_acc,val_acc
cifar,train,densenet,20,0,a1,0.01,0.01,1649,2.0834386852085967,,61,95948266.0,327311.0,0.09992,0.0998
cifar,train,densenet,20,12,a1,0.01,0.01,32,1.9375,158.0,1,558.0,131.0,0.87682,0.7403
cifar,train,densenet,20,15,a1,0.01,0.01,28,1.9285714285714286,126.0,1,406.0,107.0,0.90258,0.7422
cifar,train,densenet,20,18,a1,0.01,0.01,12,1.8333333333333333,20.0,1,35.0,26.0,0.93044,0.7493
cifar,train,densenet,20,21,a1,0.01,0.01,6,1.6666666666666667,2.0,1,4.0,8.0,0.95162,0.749
cifar,train,densenet,20,24,a1,0.01,0.01,6,1.6666666666666667,2.0,1,4.0,8.0,0.95506,0.7413
cifar,train,densenet,20,27,a1,0.01,0.01,4,1.5,0.0,1,1.0,4.0,0.9589,0.7468
cifar,train,densenet,20,30,a1,0.01,0.01,2,1.0,0.0,1,0.0,1.0,0.96386,0.7517
cifar,train,densenet,20,33,a1,0.01,0.01,2,1.0,0.0,1,0.0,1.0,0.97058,0.7626
cifar,train,densenet,20,36,a1,0.01,0.01,6,1.6666666666666667,2.0,1,4.0,8.0,0.95304,0.7403
cifar,train,densenet,20,39,a1,0.01,0.01,2,1.0,0.0,1,0.0,1.0,0.9645,0.7509
cifar,train,densenet,20,3,a1,0.01,0.01,170,1.988235294117647,5232.0,1,87503.0,2959.0,0.57684,0.5581
cifar,train,densenet,20,42,a1,0.01,0.01,4,1.5,0.0,1,1.0,4.0,0.95498,0.7467
cifar,train,densenet,20,45,a1,0.01,0.01,2,1.0,0.0,1,0.0,1.0,0.96312,0.754
cifar,train,densenet,20,48,a1,0.01,0.01,6,1.6666666666666667,2.0,1,4.0,8.0,0.95776,0.7486
cifar,train,densenet,20,6,a1,0.01,0.01,110,1.981818181818182,2202.0,1,21584.0,1292.0,0.70066,0.6599
cifar,train,densenet,20,9,a1,0.01,0.01,46,1.9565217391304348,338.0,1,1680.0,250.0,0.81172,0.7244
cifar,trainUval,densenet,20,0,a1,0.01,0.01,1968,2.0881104033970277,,74,161126464.0,461299.0,0.09992,0.0998
cifar,trainUval,densenet,20,12,a1,0.01,0.01,34,1.9411764705882353,168.0,1,639.0,141.0,0.87682,0.7403
cifar,trainUval,densenet,20,15,a1,0.01,0.01,30,1.9333333333333333,148.0,1,513.0,123.0,0.90258,0.7422
cifar,trainUval,densenet,20,18,a1,0.01,0.01,18,1.8888888888888888,50.0,1,118.0,52.0,0.93044,0.7493
cifar,trainUval,densenet,20,21,a1,0.01,0.01,6,1.6666666666666667,2.0,1,4.0,8.0,0.95162,0.749
cifar,trainUval,densenet,20,24,a1,0.01,0.01,4,1.5,0.0,1,1.0,4.0,0.95506,0.7413
cifar,trainUval,densenet,20,27,a1,0.01,0.01,4,1.5,0.0,1,1.0,4.0,0.9589,0.7468
cifar,trainUval,densenet,20,30,a1,0.01,0.01,4,1.5,0.0,1,1.0,4.0,0.96386,0.7517
cifar,trainUval,densenet,20,33,a1,0.01,0.01,2,1.0,0.0,1,0.0,1.0,0.97058,0.7626
cifar,trainUval,densenet,20,36,a1,0.01,0.01,6,1.6666666666666667,2.0,1,4.0,8.0,0.95304,0.7403
cifar,trainUval,densenet,20,39,a1,0.01,0.01,2,1.0,0.0,1,0.0,1.0,0.9645,0.7509
cifar,trainUval,densenet,20,3,a1,0.01,0.01,187,2.0,7013.0,2,126323.0,3898.0,0.57684,0.5581
cifar,trainUval,densenet,20,42,a1,0.01,0.01,4,1.5,0.0,1,1.0,4.0,0.95498,0.7467
cifar,trainUval,densenet,20,45,a1,0.01,0.01,4,1.5,0.0,1,1.0,4.0,0.96312,0.754
cifar,trainUval,densenet,20,48,a1,0.01,0.01,6,1.6666666666666667,2.0,1,4.0,8.0,0.95776,0.7486
cifar,trainUval,densenet,20,6,a1,0.01,0.01,128,1.984375,3136.0,1,34903.0,1786.0,0.70066,0.6599
cifar,trainUval,densenet,20,9,a1,0.01,0.01,42,1.9523809523809523,314.0,1,1354.0,226.0,0.81172,0.7244
cifar,val,densenet,20,0,a1,0.01,0.01,404,2.045685279187817,,11,1312901.0,18940.0,0.09992,0.0998
cifar,val,densenet,20,12,a1,0.01,0.01,26,1.9230769230769231,102.0,1,315.0,92.0,0.87682,0.7403
cifar,val,densenet,20,15,a1,0.01,0.01,18,1.8888888888888888,36.0,1,99.0,47.0,0.90258,0.7422
cifar,val,densenet,20,18,a1,0.01,0.01,16,1.875,26.0,1,73.0,39.0,0.93044,0.7493
cifar,val,densenet,20,21,a1,0.01,0.01,12,1.8333333333333333,20.0,1,35.0,26.0,0.95162,0.749
cifar,val,densenet,20,24,a1,0.01,0.01,6,1.6666666666666667,2.0,1,4.0,8.0,0.95506,0.7413
cifar,val,densenet,20,27,a1,0.01,0.01,4,1.5,0.0,1,1.0,4.0,0.9589,0.7468
cifar,val,densenet,20,30,a1,0.01,0.01,4,1.5,0.0,1,1.0,4.0,0.96386,0.7517
cifar,val,densenet,20,33,a1,0.01,0.01,6,1.6666666666666667,2.0,1,4.0,8.0,0.97058,0.7626
cifar,val,densenet,20,36,a1,0.01,0.01,12,1.8333333333333333,20.0,1,35.0,26.0,0.95304,0.7403
cifar,val,densenet,20,39,a1,0.01,0.01,2,1.0,0.0,1,0.0,1.0,0.9645,0.7509
cifar,val,densenet,20,3,a1,0.01,0.01,88,1.9772727272727273,1398.0,1,12379.0,857.0,0.57684,0.5581
cifar,val,densenet,20,42,a1,0.01,0.01,4,1.5,0.0,1,1.0,4.0,0.95498,0.7467
cifar,val,densenet,20,45,a1,0.01,0.01,6,1.6666666666666667,2.0,1,4.0,8.0,0.96312,0.754
cifar,val,densenet,20,48,a1,0.01,0.01,4,1.5,0.0,1,1.0,4.0,0.95776,0.7486
cifar,val,densenet,20,6,a1,0.01,0.01,42,1.9523809523809523,292.0,1,1386.0,221.0,0.70066,0.6599
cifar,val,densenet,20,9,a1,0.01,0.01,28,1.9285714285714286,128.0,1,414.0,108.0,0.81172,0.7244
mnist,train,densenet,20,0,a1,0.01,0.01,317,2.0127388535031847,,4,673687.0,12750.0,0.0981,0.0961
mnist,train,densenet,20,10,a1,0.01,0.01,20,1.9,46.0,1,129.0,55.0,0.9902,0.9851
mnist,train,densenet,20,11,a1,0.01,0.01,18,1.8888888888888888,20.0,1,66.0,41.0,0.98765,0.9825
mnist,train,densenet,20,12,a1,0.01,0.01,20,1.9,28.0,1,106.0,50.0,0.9868333333333333,0.978
mnist,train,densenet,20,13,a1,0.01,0.01,20,1.9,64.0,1,160.0,62.0,0.9907833333333333,0.9863
mnist,train,densenet,20,14,a1,0.01,0.01,18,1.8888888888888888,44.0,1,106.0,49.0,0.9939,0.9902
mnist,train,densenet,20,15,a1,0.01,0.01,20,1.9,42.0,1,129.0,55.0,0.99135,0.9851
mnist,train,densenet,20,1,a1,0.01,0.01,24,1.9166666666666667,60.0,1,214.0,72.0,0.9468,0.9424
mnist,train,densenet,20,2,a1,0.01,0.01,20,1.9,56.0,1,154.0,60.0,0.9785,0.976
mnist,train,densenet,20,3,a1,0.01,0.01,20,1.9,52.0,1,144.0,58.0,0.9830666666666666,0.98
mnist,train,densenet,20,4,a1,0.01,0.01,20,1.9,52.0,1,144.0,58.0,0.9876166666666667,0.9865
mnist,train,densenet,20,5,a1,0.01,0.01,18,1.8888888888888888,50.0,1,118.0,52.0,0.9910166666666667,0.9883
mnist,train,densenet,20,6,a1,0.01,0.01,20,1.9,28.0,1,106.0,50.0,0.9916333333333334,0.9882
mnist,train,densenet,20,7,a1,0.01,0.01,20,1.9,24.0,1,94.0,48.0,0.9882,0.9853
mnist,train,densenet,20,8,a1,0.01,0.01,20,1.9,14.0,1,78.0,45.0,0.9929166666666667,0.9887
mnist,train,densenet,20,9,a1,0.01,0.01,20,1.9,46.0,1,125.0,55.0,0.9940833333333333,0.9891
mnist,trainUval,densenet,20,0,a1,0.01,0.01,383,2.0105263157894737,,4,1178293.0,18411.0,0.0981,0.0961
mnist,trainUval,densenet,20,10,a1,0.01,0.01,20,1.9,36.0,1,115.0,52.0,0.9902,0.9851
mnist,trainUval,densenet,20,11,a1,0.01,0.01,18,1.8888888888888888,40.0,1,93.0,47.0,0.98765,0.9825
mnist,trainUval,densenet,20,12,a1,0.01,0.01,20,1.9,28.0,1,106.0,50.0,0.9868333333333333,0.978
mnist,trainUval,densenet,20,13,a1,0.01,0.01,20,1.9,66.0,1,163.0,63.0,0.9907833333333333,0.9863
mnist,trainUval,densenet,20,14,a1,0.01,0.01,18,1.8888888888888888,56.0,1,120.0,53.0,0.9939,0.9902
mnist,trainUval,densenet,20,15,a1,0.01,0.01,20,1.9,54.0,1,149.0,59.0,0.99135,0.9851
mnist,trainUval,densenet,20,1,a1,0.01,0.01,24,1.9166666666666667,98.0,1,272.0,85.0,0.9468,0.9424
mnist,trainUval,densenet,20,2,a1,0.01,0.01,20,1.9,46.0,1,125.0,55.0,0.9785,0.976
mnist,trainUval,densenet,20,3,a1,0.01,0.01,20,1.9,52.0,1,144.0,58.0,0.9830666666666666,0.98
mnist,trainUval,densenet,20,4,a1,0.01,0.01,20,1.9,72.0,1,165.0,64.0,0.9876166666666667,0.9865
mnist,trainUval,densenet,20,5,a1,0.01,0.01,18,1.8888888888888888,56.0,1,120.0,53.0,0.9910166666666667,0.9883
mnist,trainUval,densenet,20,6,a1,0.01,0.01,20,1.9,60.0,1,151.0,60.0,0.9916333333333334,0.9882
mnist,trainUval,densenet,20,7,a1,0.01,0.01,20,1.9,64.0,1,160.0,62.0,0.9882,0.9853
mnist,trainUval,densenet,20,8,a1,0.01,0.01,20,1.9,20.0,1,84.0,46.0,0.9929166666666667,0.9887
mnist,trainUval,densenet,20,9,a1,0.01,0.01,20,1.9,38.0,1,118.0,53.0,0.9940833333333333,0.9891
mnist,val,densenet,20,0,a1,0.01,0.01,62,2.033333333333333,698.0,3,4714.0,493.0,0.0981,0.0961
mnist,val,densenet,20,10,a1,0.01,0.01,14,1.8571428571428572,22.0,1,51.0,32.0,0.9902,0.9851
mnist,val,densenet,20,11,a1,0.01,0.01,16,1.875,18.0,1,52.0,35.0,0.98765,0.9825
mnist,val,densenet,20,12,a1,0.01,0.01,18,1.8888888888888888,12.0,1,61.0,39.0,0.9868333333333333,0.978
mnist,val,densenet,20,13,a1,0.01,0.01,16,1.875,32.0,1,75.0,40.0,0.9907833333333333,0.9863
mnist,val,densenet,20,14,a1,0.01,0.01,19,2.0,28.0,2,118.0,50.0,0.9939,0.9902
mnist,val,densenet,20,15,a1,0.01,0.01,12,1.8333333333333333,12.0,1,30.0,24.0,0.99135,0.9851
mnist,val,densenet,20,1,a1,0.01,0.01,20,1.9,46.0,1,129.0,55.0,0.9468,0.9424
mnist,val,densenet,20,2,a1,0.01,0.01,16,1.875,42.0,1,84.0,43.0,0.9785,0.976
mnist,val,densenet,20,3,a1,0.01,0.01,16,1.875,22.0,1,63.0,37.0,0.9830666666666666,0.98
mnist,val,densenet,20,4,a1,0.01,0.01,20,1.9,54.0,1,130.0,57.0,0.9876166666666667,0.9865
mnist,val,densenet,20,5,a1,0.01,0.01,18,1.8888888888888888,56.0,1,120.0,53.0,0.9910166666666667,0.9883
mnist,val,densenet,20,6,a1,0.01,0.01,16,1.875,32.0,1,75.0,40.0,0.9916333333333334,0.9882
mnist,val,densenet,20,7,a1,0.01,0.01,16,1.875,42.0,1,84.0,43.0,0.9882,0.9853
mnist,val,densenet,20,8,a1,0.01,0.01,20,1.9,48.0,1,136.0,56.0,0.9929166666666667,0.9887
mnist,val,densenet,20,9,a1,0.01,0.01,16,1.875,6.0,1,46.0,33.0,0.9940833333333333,0.9891
cifar,train,resnet,20,0,a1,0.01,0.01,2139,2.104330708661417,,93,217986190.0,573841.0,0.1,0.1
cifar,train,resnet,20,12,a1,0.01,0.01,24,1.9166666666666667,98.0,1,272.0,85.0,0.93352,0.7355
cifar,train,resnet,20,15,a1,0.01,0.01,20,1.9,60.0,1,151.0,60.0,0.9403,0.7192
cifar,train,resnet,20,18,a1,0.01,0.01,18,1.8888888888888888,46.0,1,111.0,50.0,0.95238,0.7201
cifar,train,resnet,20,21,a1,0.01,0.01,14,1.8571428571428572,22.0,1,51.0,32.0,0.96878,0.7343
cifar,train,resnet,20,24,a1,0.01,0.01,10,1.8,12.0,1,20.0,19.0,0.96746,0.7267
cifar,train,resnet,20,27,a1,0.01,0.01,10,1.8,12.0,1,20.0,19.0,0.9736,0.7302
cifar,train,resnet,20,30,a1,0.01,0.01,12,1.8333333333333333,14.0,1,33.0,25.0,0.97678,0.7454
cifar,train,resnet,20,33,a1,0.01,0.01,20,1.9,28.0,1,106.0,50.0,0.98052,0.7376
cifar,train,resnet,20,36,a1,0.01,0.01,14,1.8571428571428572,22.0,1,51.0,32.0,0.97656,0.737
cifar,train,resnet,20,39,a1,0.01,0.01,16,1.875,28.0,1,64.0,38.0,0.97666,0.7365
cifar,train,resnet,20,3,a1,0.01,0.01,100,1.98,2050.0,1,19247.0,1193.0,0.64486,0.6114
cifar,train,resnet,20,42,a1,0.01,0.01,12,1.8333333333333333,20.0,1,35.0,26.0,0.9776,0.7333
cifar,train,resnet,20,45,a1,0.01,0.01,20,1.9,52.0,1,146.0,58.0,0.98306,0.742
cifar,train,resnet,20,48,a1,0.01,0.01,18,1.8888888888888888,28.0,1,79.0,43.0,0.97982,0.7308
cifar,train,resnet,20,6,a1,0.01,0.01,38,1.9473684210526316,244.0,1,1021.0,185.0,0.78514,0.692
cifar,train,resnet,20,9,a1,0.01,0.01,24,1.9166666666666667,94.0,1,259.0,83.0,0.88314,0.7137
cifar,trainUval,resnet,20,0,a1,0.01,0.01,2508,2.128183361629881,,126,358929963.0,798317.0,0.1,0.1
cifar,trainUval,resnet,20,12,a1,0.01,0.01,24,1.9166666666666667,86.0,1,254.0,81.0,0.93352,0.7355
cifar,trainUval,resnet,20,15,a1,0.01,0.01,18,1.8888888888888888,48.0,1,115.0,51.0,0.9403,0.7192
cifar,trainUval,resnet,20,18,a1,0.01,0.01,16,1.875,42.0,1,84.0,43.0,0.95238,0.7201
cifar,trainUval,resnet,20,21,a1,0.01,0.01,14,1.8571428571428572,22.0,1,51.0,32.0,0.96878,0.7343
cifar,trainUval,resnet,20,24,a1,0.01,0.01,8,1.75,6.0,1,10.0,13.0,0.96746,0.7267
cifar,trainUval,resnet,20,27,a1,0.01,0.01,12,1.8333333333333333,20.0,1,35.0,26.0,0.9736,0.7302
cifar,trainUval,resnet,20,30,a1,0.01,0.01,14,1.8571428571428572,24.0,1,54.0,33.0,0.97678,0.7454
cifar,trainUval,resnet,20,33,a1,0.01,0.01,20,1.9,40.0,1,128.0,54.0,0.98052,0.7376
cifar,trainUval,resnet,20,36,a1,0.01,0.01,14,1.8571428571428572,30.0,1,56.0,34.0,0.97656,0.737
cifar,trainUval,resnet,20,39,a1,0.01,0.01,18,1.8888888888888888,28.0,1,79.0,43.0,0.97666,0.7365
cifar,trainUval,resnet,20,3,a1,0.01,0.01,106,1.9811320754716981,2308.0,1,22863.0,1331.0,0.64486,0.6114
cifar,trainUval,resnet,20,42,a1,0.01,0.01,14,1.8571428571428572,30.0,1,56.0,34.0,0.9776,0.7333
cifar,trainUval,resnet,20,45,a1,0.01,0.01,20,1.9,52.0,1,146.0,58.0,0.98306,0.742
cifar,trainUval,resnet,20,48,a1,0.01,0.01,18,1.8888888888888888,40.0,1,109.0,49.0,0.97982,0.7308
cifar,trainUval,resnet,20,6,a1,0.01,0.01,44,1.9545454545454546,328.0,1,1586.0,240.0,0.78514,0.692
cifar,trainUval,resnet,20,9,a1,0.01,0.01,24,1.9166666666666667,94.0,1,259.0,83.0,0.88314,0.7137
cifar,val,resnet,20,0,a1,0.01,0.01,450,2.0691244239631335,,17,1991488.0,25183.0,0.1,0.1
cifar,val,resnet,20,12,a1,0.01,0.01,20,1.9,72.0,1,165.0,64.0,0.93352,0.7355
cifar,val,resnet,20,15,a1,0.01,0.01,16,1.875,26.0,1,72.0,39.0,0.9403,0.7192
cifar,val,resnet,20,18,a1,0.01,0.01,20,1.9,64.0,1,160.0,62.0,0.95238,0.7201
cifar,val,resnet,20,21,a1,0.01,0.01,18,1.8888888888888888,56.0,1,120.0,53.0,0.96878,0.7343
cifar,val,resnet,20,24,a1,0.01,0.01,10,1.8,12.0,1,20.0,19.0,0.96746,0.7267
cifar,val,resnet,20,27,a1,0.01,0.01,12,1.8333333333333333,14.0,1,33.0,25.0,0.9736,0.7302
cifar,val,resnet,20,30,a1,0.01,0.01,16,1.875,32.0,1,75.0,40.0,0.97678,0.7454
cifar,val,resnet,20,33,a1,0.01,0.01,10,1.8,4.0,1,15.0,17.0,0.98052,0.7376
cifar,val,resnet,20,36,a1,0.01,0.01,20,1.9,62.0,1,156.0,61.0,0.97656,0.737
cifar,val,resnet,20,39,a1,0.01,0.01,18,1.8888888888888888,56.0,1,120.0,53.0,0.97666,0.7365
cifar,val,resnet,20,3,a1,0.01,0.01,38,1.9473684210526316,212.0,1,890.0,171.0,0.64486,0.6114
cifar,val,resnet,20,42,a1,0.01,0.01,18,1.8888888888888888,36.0,1,101.0,47.0,0.9776,0.7333
cifar,val,resnet,20,45,a1,0.01,0.01,16,1.875,22.0,1,63.0,37.0,0.98306,0.742
cifar,val,resnet,20,48,a1,0.01,0.01,12,1.8333333333333333,20.0,1,35.0,26.0,0.97982,0.7308
cifar,val,resnet,20,6,a1,0.01,0.01,24,1.9166666666666667,78.0,1,226.0,77.0,0.78514,0.692
cifar,val,resnet,20,9,a1,0.01,0.01,24,1.9166666666666667,82.0,1,237.0,79.0,0.88314,0.7137
mnist,train,resnet,20,0,a1,0.01,0.01,884,2.072769953051643,,32,14855457.0,96241.0,0.09793333333333333,0.0974
mnist,train,resnet,20,10,a1,0.01,0.01,20,1.9,40.0,1,105.0,52.0,0.9925,0.9873
mnist,train,resnet,20,11,a1,0.01,0.01,20,1.9,72.0,1,165.0,64.0,0.9925,0.9872
mnist,train,resnet,20,12,a1,0.01,0.01,20,1.9,62.0,1,156.0,61.0,0.9879833333333333,0.9823
mnist,train,resnet,20,13,a1,0.01,0.01,20,1.9,42.0,1,131.0,55.0,0.98465,0.9806
mnist,train,resnet,20,14,a1,0.01,0.01,20,1.9,52.0,1,144.0,58.0,0.97775,0.9726
mnist,train,resnet,20,15,a1,0.01,0.01,20,1.9,44.0,1,120.0,54.0,0.9932333333333333,0.9874
mnist,train,resnet,20,1,a1,0.01,0.01,20,1.9,72.0,1,165.0,64.0,0.96455,0.9668
mnist,train,resnet,20,2,a1,0.01,0.01,24,1.9166666666666667,90.0,1,265.0,83.0,0.9676666666666667,0.9692
mnist,train,resnet,20,3,a1,0.01,0.01,20,1.9,72.0,1,165.0,64.0,0.98405,0.9826
mnist,train,resnet,20,4,a1,0.01,0.01,20,1.9,34.0,1,111.0,51.0,0.9848333333333333,0.9844
mnist,train,resnet,20,5,a1,0.01,0.01,20,1.9,28.0,1,108.0,50.0,0.9867166666666667,0.9828
mnist,train,resnet,20,6,a1,0.01,0.01,20,1.9,62.0,1,156.0,61.0,0.9903333333333333,0.9862
mnist,train,resnet,20,7,a1,0.01,0.01,20,1.9,72.0,1,165.0,64.0,0.9912333333333333,0.9857
mnist,train,resnet,20,8,a1,0.01,0.01,20,1.9,34.0,1,109.0,51.0,0.99085,0.9876
mnist,train,resnet,20,9,a1,0.01,0.01,20,1.9,44.0,1,120.0,54.0,0.99015,0.984
mnist,trainUval,resnet,20,0,a1,0.01,0.01,1032,2.0456349206349205,,23,23049223.0,130390.0,0.09793333333333333,0.0974
mnist,trainUval,resnet,20,10,a1,0.01,0.01,20,1.9,40.0,1,105.0,52.0,0.9925,0.9873
mnist,trainUval,resnet,20,11,a1,0.01,0.01,20,1.9,72.0,1,165.0,64.0,0.9925,0.9872
mnist,trainUval,resnet,20,12,a1,0.01,0.01,20,1.9,56.0,1,153.0,60.0,0.9879833333333333,0.9823
mnist,trainUval,resnet,20,13,a1,0.01,0.01,20,1.9,40.0,1,126.0,54.0,0.98465,0.9806
mnist,trainUval,resnet,20,14,a1,0.01,0.01,20,1.9,52.0,1,144.0,58.0,0.97775,0.9726
mnist,trainUval,resnet,20,15,a1,0.01,0.01,20,1.9,16.0,1,80.0,46.0,0.9932333333333333,0.9874
mnist,trainUval,resnet,20,1,a1,0.01,0.01,20,1.9,72.0,1,165.0,64.0,0.96455,0.9668
mnist,trainUval,resnet,20,2,a1,0.01,0.01,22,1.9090909090909092,90.0,1,220.0,76.0,0.9676666666666667,0.9692
mnist,trainUval,resnet,20,3,a1,0.01,0.01,20,1.9,72.0,1,165.0,64.0,0.98405,0.9826
mnist,trainUval,resnet,20,4,a1,0.01,0.01,18,1.8888888888888888,20.0,1,82.0,43.0,0.9848333333333333,0.9844
mnist,trainUval,resnet,20,5,a1,0.01,0.01,20,1.9,28.0,1,108.0,50.0,0.9867166666666667,0.9828
mnist,trainUval,resnet,20,6,a1,0.01,0.01,20,1.9,52.0,1,144.0,58.0,0.9903333333333333,0.9862
mnist,trainUval,resnet,20,7,a1,0.01,0.01,20,1.9,62.0,1,156.0,61.0,0.9912333333333333,0.9857
mnist,trainUval,resnet,20,8,a1,0.01,0.01,20,1.9,32.0,1,105.0,50.0,0.99085,0.9876
mnist,trainUval,resnet,20,9,a1,0.01,0.01,20,1.9,50.0,1,140.0,57.0,0.99015,0.984
mnist,val,resnet,20,0,a1,0.01,0.01,207,2.0396039603960396,,6,193465.0,5548.0,0.09793333333333333,0.0974
mnist,val,resnet,20,10,a1,0.01,0.01,20,1.9,44.0,1,120.0,54.0,0.9925,0.9873
mnist,val,resnet,20,11,a1,0.01,0.01,18,1.8888888888888888,40.0,1,108.0,49.0,0.9925,0.9872
mnist,val,resnet,20,12,a1,0.01,0.01,20,1.9,36.0,1,114.0,52.0,0.9879833333333333,0.9823
mnist,val,resnet,20,13,a1,0.01,0.01,20,1.9,34.0,1,109.0,51.0,0.98465,0.9806
mnist,val,resnet,20,14,a1,0.01,0.01,19,2.0,36.0,2,123.0,51.0,0.97775,0.9726
mnist,val,resnet,20,15,a1,0.01,0.01,19,2.0,45.0,2,141.0,55.0,0.9932333333333333,0.9874
mnist,val,resnet,20,1,a1,0.01,0.01,18,1.8888888888888888,56.0,1,120.0,53.0,0.96455,0.9668
mnist,val,resnet,20,2,a1,0.01,0.01,20,1.9,64.0,1,160.0,62.0,0.9676666666666667,0.9692
mnist,val,resnet,20,3,a1,0.01,0.01,16,1.875,24.0,1,68.0,38.0,0.98405,0.9826
mnist,val,resnet,20,4,a1,0.01,0.01,18,1.8888888888888888,34.0,1,95.0,46.0,0.9848333333333333,0.9844
mnist,val,resnet,20,5,a1,0.01,0.01,19,2.0,35.0,2,115.0,51.0,0.9867166666666667,0.9828
mnist,val,resnet,20,6,a1,0.01,0.01,20,1.9,40.0,1,105.0,52.0,0.9903333333333333,0.9862
mnist,val,resnet,20,7,a1,0.01,0.01,18,1.8888888888888888,32.0,1,88.0,45.0,0.9912333333333333,0.9857
mnist,val,resnet,20,8,a1,0.01,0.01,16,1.875,20.0,1,59.0,36.0,0.99085,0.9876
mnist,val,resnet,20,9,a1,0.01,0.01,20,1.9,48.0,1,136.0,56.0,0.99015,0.984
cifar,train,vgg,20,0,a1,0.01,0.01,20,1.9,72.0,1,165.0,64.0,0.0898,0.088
cifar,train,vgg,20,12,a1,0.01,0.01,20,1.9,46.0,1,125.0,55.0,0.95462,0.7898
cifar,train,vgg,20,15,a1,0.01,0.01,20,1.9,18.0,1,83.0,47.0,0.97316,0.7943
cifar,train,vgg,20,18,a1,0.01,0.01,20,1.9,60.0,1,151.0,60.0,0.981,0.7998
cifar,train,vgg,20,21,a1,0.01,0.01,20,1.9,44.0,1,121.0,54.0,0.98854,0.8085
cifar,train,vgg,20,24,a1,0.01,0.01,20,1.9,48.0,1,136.0,56.0,0.99238,0.8068
cifar,train,vgg,20,27,a1,0.01,0.01,20,1.9,34.0,1,111.0,51.0,0.99514,0.8122
cifar,train,vgg,20,30,a1,0.01,0.01,20,1.9,62.0,1,156.0,61.0,0.99386,0.807
cifar,train,vgg,20,33,a1,0.01,0.01,20,1.9,32.0,1,105.0,50.0,0.99152,0.8
cifar,train,vgg,20,36,a1,0.01,0.01,20,1.9,72.0,1,165.0,64.0,0.99544,0.8109
cifar,train,vgg,20,39,a1,0.01,0.01,20,1.9,36.0,1,117.0,52.0,0.99804,0.8168
cifar,train,vgg,20,3,a1,0.01,0.01,74,1.972972972972973,1158.0,1,8224.0,702.0,0.69552,0.6654
cifar,train,vgg,20,42,a1,0.01,0.01,20,1.9,40.0,1,110.0,52.0,0.99744,0.8124
cifar,train,vgg,20,44,a1,0.01,0.01,20,1.9,60.0,1,151.0,60.0,0.99792,0.8201
cifar,train,vgg,20,45,a1,0.01,0.01,20,1.9,56.0,1,153.0,60.0,0.99834,0.8188
cifar,train,vgg,20,48,a1,0.01,0.01,20,1.9,52.0,1,144.0,58.0,0.99618,0.8136
cifar,train,vgg,20,6,a1,0.01,0.01,42,1.9523809523809523,344.0,1,1486.0,239.0,0.83876,0.7557
cifar,train,vgg,20,9,a1,0.01,0.01,22,1.9090909090909092,70.0,1,199.0,70.0,0.91268,0.78
cifar,trainUval,vgg,20,0,a1,0.01,0.01,32,1.9375,210.0,1,680.0,151.0,0.0898,0.088
cifar,trainUval,vgg,20,12,a1,0.01,0.01,22,1.9090909090909092,54.0,1,174.0,64.0,0.95462,0.7898
cifar,trainUval,vgg,20,15,a1,0.01,0.01,20,1.9,28.0,1,106.0,50.0,0.97316,0.7943
cifar,trainUval,vgg,20,18,a1,0.01,0.01,20,1.9,60.0,1,151.0,60.0,0.981,0.7998
cifar,trainUval,vgg,20,21,a1,0.01,0.01,22,1.9090909090909092,76.0,1,200.0,71.0,0.98854,0.8085
cifar,trainUval,vgg,20,24,a1,0.01,0.01,20,1.9,50.0,1,140.0,57.0,0.99238,0.8068
cifar,trainUval,vgg,20,27,a1,0.01,0.01,22,1.9090909090909092,32.0,1,137.0,57.0,0.99514,0.8122
cifar,trainUval,vgg,20,30,a1,0.01,0.01,20,1.9,54.0,1,149.0,59.0,0.99386,0.807
cifar,trainUval,vgg,20,33,a1,0.01,0.01,20,1.9,36.0,1,127.0,54.0,0.99152,0.8
cifar,trainUval,vgg,20,36,a1,0.01,0.01,20,1.9,44.0,1,120.0,54.0,0.99544,0.8109
cifar,trainUval,vgg,20,39,a1,0.01,0.01,22,1.9090909090909092,70.0,1,201.0,70.0,0.99804,0.8168
cifar,trainUval,vgg,20,3,a1,0.01,0.01,92,1.9782608695652173,1844.0,1,15868.0,1074.0,0.69552,0.6654
cifar,trainUval,vgg,20,42,a1,0.01,0.01,24,1.9166666666666667,70.0,1,221.0,75.0,0.99744,0.8124
cifar,trainUval,vgg,20,44,a1,0.01,0.01,20,1.9,48.0,1,133.0,56.0,0.99792,0.8201
cifar,trainUval,vgg,20,45,a1,0.01,0.01,20,1.9,48.0,1,133.0,56.0,0.99834,0.8188
cifar,trainUval,vgg,20,48,a1,0.01,0.01,20,1.9,22.0,1,104.0,49.0,0.99618,0.8136
cifar,trainUval,vgg,20,6,a1,0.01,0.01,40,1.95,294.0,1,1263.0,213.0,0.83876,0.7557
cifar,trainUval,vgg,20,9,a1,0.01,0.01,32,1.9375,162.0,1,611.0,135.0,0.91268,0.78
cifar,val,vgg,20,0,a1,0.01,0.01,10,1.8,12.0,1,20.0,19.0,0.0898,0.088
cifar,val,vgg,20,12,a1,0.01,0.01,22,1.9090909090909092,78.0,1,206.0,72.0,0.95462,0.7898
cifar,val,vgg,20,15,a1,0.01,0.01,22,1.9090909090909092,46.0,1,146.0,60.0,0.97316,0.7943
cifar,val,vgg,20,18,a1,0.01,0.01,22,1.9090909090909092,72.0,1,204.0,71.0,0.981,0.7998
cifar,val,vgg,20,21,a1,0.01,0.01,24,1.9166666666666667,60.0,1,208.0,72.0,0.98854,0.8085
cifar,val,vgg,20,24,a1,0.01,0.01,22,1.9090909090909092,56.0,1,173.0,65.0,0.99238,0.8068
cifar,val,vgg,20,27,a1,0.01,0.01,20,1.9,22.0,1,93.0,47.0,0.99514,0.8122
cifar,val,vgg,20,30,a1,0.01,0.01,20,1.9,48.0,1,136.0,56.0,0.99386,0.807
cifar,val,vgg,20,33,a1,0.01,0.01,24,1.9166666666666667,72.0,1,232.0,76.0,0.99152,0.8
cifar,val,vgg,20,36,a1,0.01,0.01,20,1.9,44.0,1,124.0,54.0,0.99544,0.8109
cifar,val,vgg,20,39,a1,0.01,0.01,24,1.9166666666666667,90.0,1,265.0,83.0,0.99804,0.8168
cifar,val,vgg,20,3,a1,0.01,0.01,30,1.9333333333333333,106.0,1,410.0,106.0,0.69552,0.6654
cifar,val,vgg,20,42,a1,0.01,0.01,22,1.9090909090909092,34.0,1,138.0,58.0,0.99744,0.8124
cifar,val,vgg,20,44,a1,0.01,0.01,20,1.9,50.0,1,136.0,57.0,0.99792,0.8201
cifar,val,vgg,20,45,a1,0.01,0.01,20,1.9,52.0,1,144.0,58.0,0.99834,0.8188
cifar,val,vgg,20,48,a1,0.01,0.01,20,1.9,72.0,1,165.0,64.0,0.99618,0.8136
cifar,val,vgg,20,6,a1,0.01,0.01,24,1.9166666666666667,78.0,1,249.0,79.0,0.83876,0.7557
cifar,val,vgg,20,9,a1,0.01,0.01,22,1.9090909090909092,80.0,1,211.0,73.0,0.91268,0.78
mnist,train,vgg,20,0,a1,0.01,0.01,34,1.9411764705882353,240.0,1,816.0,169.0,0.07863333333333333,0.0759
mnist,train,vgg,20,10,a1,0.01,0.01,20,1.9,30.0,1,101.0,49.0,0.9944,0.9896
mnist,train,vgg,20,11,a1,0.01,0.01,20,1.9,44.0,1,124.0,54.0,0.9962,0.9894
mnist,train,vgg,20,12,a1,0.01,0.01,20,1.9,30.0,1,90.0,49.0,0.996,0.99
mnist,train,vgg,20,13,a1,0.01,0.01,20,1.9,56.0,1,138.0,58.0,0.9942,0.9865
mnist,train,vgg,20,14,a1,0.01,0.01,20,1.9,20.0,1,86.0,46.0,0.9965666666666667,0.9897
mnist,train,vgg,20,15,a1,0.01,0.01,20,1.9,30.0,1,109.0,51.0,0.9972666666666666,0.9901
mnist,train,vgg,20,1,a1,0.01,0.01,22,1.9090909090909092,46.0,1,161.0,62.0,0.9642,0.9676
mnist,train,vgg,20,2,a1,0.01,0.01,22,1.9090909090909092,58.0,1,160.0,64.0,0.9774666666666667,0.9763
mnist,train,vgg,20,3,a1,0.01,0.01,24,1.9166666666666667,74.0,1,232.0,77.0,0.9815,0.9799
mnist,train,vgg,20,4,a1,0.01,0.01,20,1.9,10.0,1,78.0,45.0,0.98955,0.9866
mnist,train,vgg,20,5,a1,0.01,0.01,20,1.9,48.0,1,128.0,56.0,0.99235,0.987
mnist,train,vgg,20,6,a1,0.01,0.01,24,1.9166666666666667,70.0,1,221.0,75.0,0.98915,0.986
mnist,train,vgg,20,7,a1,0.01,0.01,22,1.9090909090909092,18.0,1,105.0,52.0,0.9917,0.9868
mnist,train,vgg,20,8,a1,0.01,0.01,20,1.9,42.0,1,133.0,55.0,0.9938666666666667,0.9889
mnist,train,vgg,20,9,a1,0.01,0.01,20,1.9,46.0,1,129.0,55.0,0.9958333333333333,0.9901
mnist,trainUval,vgg,20,0,a1,0.01,0.01,42,1.9523809523809523,380.0,1,1540.0,251.0,0.07863333333333333,0.0759
mnist,trainUval,vgg,20,10,a1,0.01,0.01,20,1.9,30.0,1,101.0,49.0,0.9944,0.9896
mnist,trainUval,vgg,20,11,a1,0.01,0.01,20,1.9,34.0,1,109.0,51.0,0.9962,0.9894
mnist,trainUval,vgg,20,12,a1,0.01,0.01,20,1.9,64.0,1,160.0,62.0,0.996,0.99
mnist,trainUval,vgg,20,13,a1,0.01,0.01,20,1.9,72.0,1,165.0,64.0,0.9942,0.9865
mnist,trainUval,vgg,20,14,a1,0.01,0.01,20,1.9,60.0,1,151.0,60.0,0.9965666666666667,0.9897
mnist,trainUval,vgg,20,15,a1,0.01,0.01,20,1.9,8.0,1,77.0,44.0,0.9972666666666666,0.9901
mnist,trainUval,vgg,20,1,a1,0.01,0.01,24,1.9166666666666667,86.0,1,254.0,81.0,0.9642,0.9676
mnist,trainUval,vgg,20,2,a1,0.01,0.01,24,1.9166666666666667,82.0,1,241.0,79.0,0.9774666666666667,0.9763
mnist,trainUval,vgg,20,3,a1,0.01,0.01,26,1.9230769230769231,104.0,1,319.0,93.0,0.9815,0.9799
mnist,trainUval,vgg,20,4,a1,0.01,0.01,20,1.9,54.0,1,130.0,57.0,0.98955,0.9866
mnist,trainUval,vgg,20,5,a1,0.01,0.01,20,1.9,32.0,1,100.0,50.0,0.99235,0.987
mnist,trainUval,vgg,20,6,a1,0.01,0.01,22,1.9090909090909092,70.0,1,199.0,70.0,0.98915,0.986
mnist,trainUval,vgg,20,7,a1,0.01,0.01,20,1.9,58.0,1,145.0,59.0,0.9917,0.9868
mnist,trainUval,vgg,20,8,a1,0.01,0.01,20,1.9,36.0,1,117.0,52.0,0.9938666666666667,0.9889
mnist,trainUval,vgg,20,9,a1,0.01,0.01,20,1.9,34.0,1,109.0,51.0,0.9958333333333333,0.9901
mnist,val,vgg,20,0,a1,0.01,0.01,6,1.6666666666666667,2.0,1,4.0,8.0,0.07863333333333333,0.0759
mnist,val,vgg,20,10,a1,0.01,0.01,20,1.9,32.0,1,100.0,50.0,0.9944,0.9896
mnist,val,vgg,20,11,a1,0.01,0.01,20,1.9,36.0,1,127.0,54.0,0.9962,0.9894
mnist,val,vgg,20,12,a1,0.01,0.01,20,1.9,54.0,1,130.0,57.0,0.996,0.99
mnist,val,vgg,20,13,a1,0.01,0.01,20,1.9,52.0,1,143.0,58.0,0.9942,0.9865
mnist,val,vgg,20,14,a1,0.01,0.01,20,1.9,64.0,1,160.0,62.0,0.9965666666666667,0.9897
mnist,val,vgg,20,15,a1,0.01,0.01,20,1.9,40.0,1,105.0,52.0,0.9972666666666666,0.9901
mnist,val,vgg,20,1,a1,0.01,0.01,20,1.9,28.0,1,108.0,50.0,0.9642,0.9676
mnist,val,vgg,20,2,a1,0.01,0.01,20,1.9,38.0,1,118.0,53.0,0.9774666666666667,0.9763
mnist,val,vgg,20,3,a1,0.01,0.01,20,1.9,72.0,1,165.0,64.0,0.9815,0.9799
mnist,val,vgg,20,4,a1,0.01,0.01,20,1.9,36.0,1,115.0,52.0,0.98955,0.9866
mnist,val,vgg,20,5,a1,0.01,0.01,20,1.9,64.0,1,160.0,62.0,0.99235,0.987
mnist,val,vgg,20,6,a1,0.01,0.01,20,1.9,56.0,1,138.0,58.0,0.98915,0.986
mnist,val,vgg,20,7,a1,0.01,0.01,20,1.9,44.0,1,120.0,54.0,0.9917,0.9868
mnist,val,vgg,20,8,a1,0.01,0.01,20,1.9,40.0,1,127.0,54.0,0.9938666666666667,0.9889
mnist,val,vgg,20,9,a1,0.01,0.01,20,1.9,54.0,1,149.0,59.0,0.9958333333333333,0.9901
cifar,train,wres,20,0,a1,0.01,0.01,2514,2.127857747671465,,138,347998808.0,764914.0,0.10612,0.1065
cifar,train,wres,20,12,a1,0.01,0.01,145,2.0,4047.0,2,57498.0,2312.0,0.58238,0.5322
cifar,train,wres,20,15,a1,0.01,0.01,112,1.9821428571428572,2080.0,1,23566.0,1254.0,0.65934,0.5944
cifar,train,wres,20,18,a1,0.01,0.01,58,1.9655172413793103,554.0,1,3365.0,380.0,0.71184,0.6095
cifar,train,wres,20,21,a1,0.01,0.01,40,1.95,206.0,1,930.0,175.0,0.78076,0.6291
cifar,train,wres,20,24,a1,0.01,0.01,26,1.9230769230769231,46.0,1,203.0,74.0,0.83864,0.6541
cifar,train,wres,20,27,a1,0.01,0.01,28,1.9285714285714286,118.0,1,401.0,105.0,0.88692,0.6443
cifar,train,wres,20,30,a1,0.01,0.01,22,1.9090909090909092,64.0,1,180.0,67.0,0.9315,0.6676
cifar,train,wres,20,33,a1,0.01,0.01,20,1.9,46.0,1,125.0,55.0,0.93816,0.6481
cifar,train,wres,20,36,a1,0.01,0.01,20,1.9,44.0,1,120.0,54.0,0.94204,0.6576
cifar,train,wres,20,39,a1,0.01,0.01,20,1.9,56.0,1,153.0,60.0,0.9606,0.6669
cifar,train,wres,20,3,a1,0.01,0.01,721,2.0055710306406684,,4,6846197.0,54937.0,0.29726,0.3001
cifar,train,wres,20,42,a1,0.01,0.01,20,1.9,40.0,1,127.0,54.0,0.94962,0.6504
cifar,train,wres,20,45,a1,0.01,0.01,20,1.9,54.0,1,149.0,59.0,0.94596,0.6574
cifar,train,wres,20,48,a1,0.01,0.01,20,1.9,14.0,1,79.0,45.0,0.9647,0.6755
cifar,train,wres,20,6,a1,0.01,0.01,352,2.005714285714286,26973.0,3,873392.0,14338.0,0.4376,0.4261
cifar,train,wres,20,9,a1,0.01,0.01,238,1.9915966386554622,11966.0,1,262428.0,6412.0,0.51216,0.4962
cifar,trainUval,wres,20,0,a1,0.01,0.01,3029,2.1249122807017544,,153,606744279.0,1101719.0,0.10612,0.1065
cifar,trainUval,wres,20,12,a1,0.01,0.01,174,1.9885057471264367,6082.0,1,100418.0,3360.0,0.58238,0.5322
cifar,trainUval,wres,20,15,a1,0.01,0.01,128,1.984375,2654.0,1,34343.0,1595.0,0.65934,0.5944
cifar,trainUval,wres,20,18,a1,0.01,0.01,96,1.9791666666666667,1898.0,1,17431.0,1111.0,0.71184,0.6095
cifar,trainUval,wres,20,21,a1,0.01,0.01,57,2.0,543.0,2,3425.0,392.0,0.78076,0.6291
cifar,trainUval,wres,20,24,a1,0.01,0.01,34,1.9411764705882353,104.0,1,522.0,121.0,0.83864,0.6541
cifar,trainUval,wres,20,27,a1,0.01,0.01,22,1.9090909090909092,54.0,1,172.0,64.0,0.88692,0.6443
cifar,trainUval,wres,20,30,a1,0.01,0.01,22,1.9090909090909092,68.0,1,195.0,69.0,0.9315,0.6676
cifar,trainUval,wres,20,33,a1,0.01,0.01,20,1.9,64.0,1,160.0,62.0,0.93816,0.6481
cifar,trainUval,wres,20,36,a1,0.01,0.01,20,1.9,28.0,1,106.0,50.0,0.94204,0.6576
cifar,trainUval,wres,20,39,a1,0.01,0.01,20,1.9,60.0,1,151.0,60.0,0.9606,0.6669
cifar,trainUval,wres,20,3,a1,0.01,0.01,894,2.002242152466368,164071.0,3,13061331.0,84293.0,0.29726,0.3001
cifar,trainUval,wres,20,42,a1,0.01,0.01,20,1.9,56.0,1,154.0,60.0,0.94962,0.6504
cifar,trainUval,wres,20,45,a1,0.01,0.01,24,1.9166666666666667,80.0,1,254.0,80.0,0.94596,0.6574
cifar,trainUval,wres,20,48,a1,0.01,0.01,20,1.9,30.0,1,115.0,51.0,0.9647,0.6755
cifar,trainUval,wres,20,6,a1,0.01,0.01,420,2.0047846889952154,38714.0,3,1477001.0,20365.0,0.4376,0.4261
cifar,trainUval,wres,20,9,a1,0.01,0.01,288,1.9930555555555556,18590.0,1,479794.0,9793.0,0.51216,0.4962
cifar,val,wres,20,0,a1,0.01,0.01,564,2.1165413533834587,,29,3455846.0,34454.0,0.10612,0.1065
cifar,val,wres,20,12,a1,0.01,0.01,67,2.0,572.0,2,4552.0,447.0,0.58238,0.5322
cifar,val,wres,20,15,a1,0.01,0.01,52,2.04,341.0,3,2223.0,284.0,0.65934,0.5944
cifar,val,wres,20,18,a1,0.01,0.01,40,1.95,276.0,1,1157.0,202.0,0.71184,0.6095
cifar,val,wres,20,21,a1,0.01,0.01,40,1.95,272.0,1,1184.0,204.0,0.78076,0.6291
cifar,val,wres,20,24,a1,0.01,0.01,25,2.0,22.0,2,184.0,69.0,0.83864,0.6541
cifar,val,wres,20,27,a1,0.01,0.01,24,1.9166666666666667,90.0,1,264.0,83.0,0.88692,0.6443
cifar,val,wres,20,30,a1,0.01,0.01,28,1.9285714285714286,76.0,1,300.0,88.0,0.9315,0.6676
cifar,val,wres,20,33,a1,0.01,0.01,22,1.9090909090909092,74.0,1,209.0,72.0,0.93816,0.6481
cifar,val,wres,20,36,a1,0.01,0.01,20,1.9,54.0,1,149.0,59.0,0.94204,0.6576
cifar,val,wres,20,39,a1,0.01,0.01,20,1.9,34.0,1,109.0,51.0,0.9606,0.6669
cifar,val,wres,20,3,a1,0.01,0.01,201,2.0202020202020203,,4,120666.0,3651.0,0.29726,0.3001
cifar,val,wres,20,42,a1,0.01,0.01,24,1.9166666666666667,76.0,1,240.0,78.0,0.94962,0.6504
cifar,val,wres,20,45,a1,0.01,0.01,22,1.9090909090909092,76.0,1,200.0,71.0,0.94596,0.6574
cifar,val,wres,20,48,a1,0.01,0.01,20,1.9,52.0,1,144.0,58.0,0.9647,0.6755
cifar,val,wres,20,6,a1,0.01,0.01,111,2.0,1933.0,2,22185.0,1199.0,0.4376,0.4261
cifar,val,wres,20,9,a1,0.01,0.01,72,1.9722222222222223,1004.0,1,7129.0,624.0,0.51216,0.4962
mnist,train,wres,20,0,a1,0.01,0.01,1731,2.081829121540313,,64,113269778.0,373111.0,0.1039,0.1007
mnist,train,wres,20,10,a1,0.01,0.01,20,1.9,72.0,1,165.0,64.0,0.9830833333333333,0.9799
mnist,train,wres,20,11,a1,0.01,0.01,20,1.9,52.0,1,144.0,58.0,0.9846833333333334,0.9795
mnist,train,wres,20,12,a1,0.01,0.01,20,1.9,56.0,1,138.0,58.0,0.9875,0.9832
mnist,train,wres,20,13,a1,0.01,0.01,20,1.9,44.0,1,121.0,54.0,0.989,0.9826
mnist,train,wres,20,14,a1,0.01,0.01,20,1.9,52.0,1,143.0,58.0,0.98785,0.9841
mnist,train,wres,20,15,a1,0.01,0.01,20,1.9,52.0,1,143.0,58.0,0.9841,0.9774
mnist,train,wres,20,1,a1,0.01,0.01,301,2.0,18509.0,2,502473.0,9913.0,0.6395833333333333,0.6448
mnist,train,wres,20,2,a1,0.01,0.01,120,1.9833333333333334,3202.0,1,35111.0,1795.0,0.8585,0.8664
mnist,train,wres,20,3,a1,0.01,0.01,26,1.9230769230769231,104.0,1,319.0,93.0,0.94775,0.9505
mnist,train,wres,20,4,a1,0.01,0.01,24,1.9166666666666667,76.0,1,243.0,78.0,0.9597833333333333,0.9605
mnist,train,wres,20,5,a1,0.01,0.01,22,1.9090909090909092,70.0,1,201.0,70.0,0.9680166666666666,0.9656
mnist,train,wres,20,6,a1,0.01,0.01,20,1.9,46.0,1,129.0,55.0,0.9725333333333334,0.9687
mnist,train,wres,20,7,a1,0.01,0.01,24,1.9166666666666667,74.0,1,236.0,77.0,0.9801166666666666,0.9756
mnist,train,wres,20,8,a1,0.01,0.01,20,1.9,44.0,1,121.0,54.0,0.9772166666666666,0.9719
mnist,train,wres,20,9,a1,0.01,0.01,20,1.9,44.0,1,120.0,54.0,0.9820166666666666,0.9756
mnist,trainUval,wres,20,0,a1,0.01,0.01,1938,2.0760986066452305,,67,158070148.0,465336.0,0.1039,0.1007
mnist,trainUval,wres,20,10,a1,0.01,0.01,20,1.9,72.0,1,165.0,64.0,0.9830833333333333,0.9799
mnist,trainUval,wres,20,11,a1,0.01,0.01,20,1.9,66.0,1,163.0,63.0,0.9846833333333334,0.9795
mnist,trainUval,wres,20,12,a1,0.01,0.01,20,1.9,18.0,1,83.0,47.0,0.9875,0.9832
mnist,trainUval,wres,20,13,a1,0.01,0.01,20,1.9,40.0,1,105.0,52.0,0.989,0.9826
mnist,trainUval,wres,20,14,a1,0.01,0.01,20,1.9,54.0,1,149.0,59.0,0.98785,0.9841
mnist,trainUval,wres,20,15,a1,0.01,0.01,22,1.9090909090909092,80.0,1,211.0,73.0,0.9841,0.9774
mnist,trainUval,wres,20,1,a1,0.01,0.01,372,1.9946236559139785,29870.0,1,975792.0,15557.0,0.6395833333333333,0.6448
mnist,trainUval,wres,20,2,a1,0.01,0.01,142,1.9859154929577465,4612.0,1,58743.0,2535.0,0.8585,0.8664
mnist,trainUval,wres,20,3,a1,0.01,0.01,26,1.9230769230769231,84.0,1,284.0,87.0,0.94775,0.9505
mnist,trainUval,wres,20,4,a1,0.01,0.01,24,1.9166666666666667,82.0,1,242.0,79.0,0.9597833333333333,0.9605
mnist,trainUval,wres,20,5,a1,0.01,0.01,22,1.9090909090909092,80.0,1,211.0,73.0,0.9680166666666666,0.9656
mnist,trainUval,wres,20,6,a1,0.01,0.01,20,1.9,62.0,1,156.0,61.0,0.9725333333333334,0.9687
mnist,trainUval,wres,20,7,a1,0.01,0.01,20,1.9,72.0,1,165.0,64.0,0.9801166666666666,0.9756
mnist,trainUval,wres,20,8,a1,0.01,0.01,20,1.9,42.0,1,116.0,53.0,0.9772166666666666,0.9719
mnist,trainUval,wres,20,9,a1,0.01,0.01,20,1.9,72.0,1,165.0,64.0,0.9820166666666666,0.9756
mnist,val,wres,20,0,a1,0.01,0.01,264,2.0546875,,7,405910.0,8929.0,0.1039,0.1007
mnist,val,wres,20,10,a1,0.01,0.01,20,1.9,36.0,1,127.0,54.0,0.9830833333333333,0.9799
mnist,val,wres,20,11,a1,0.01,0.01,20,1.9,60.0,1,151.0,60.0,0.9846833333333334,0.9795
mnist,val,wres,20,12,a1,0.01,0.01,20,1.9,46.0,1,142.0,57.0,0.9875,0.9832
mnist,val,wres,20,13,a1,0.01,0.01,20,1.9,60.0,1,151.0,60.0,0.989,0.9826
mnist,val,wres,20,14,a1,0.01,0.01,20,1.9,46.0,1,125.0,55.0,0.98785,0.9841
mnist,val,wres,20,15,a1,0.01,0.01,20,1.9,62.0,1,156.0,61.0,0.9841,0.9774
mnist,val,wres,20,1,a1,0.01,0.01,48,1.9583333333333333,368.0,1,1779.0,264.0,0.6395833333333333,0.6448
mnist,val,wres,20,2,a1,0.01,0.01,24,1.9166666666666667,104.0,1,284.0,88.0,0.8585,0.8664
mnist,val,wres,20,3,a1,0.01,0.01,20,1.9,44.0,1,120.0,54.0,0.94775,0.9505
mnist,val,wres,20,4,a1,0.01,0.01,20,1.9,54.0,1,130.0,57.0,0.9597833333333333,0.9605
mnist,val,wres,20,5,a1,0.01,0.01,20,1.9,52.0,1,143.0,58.0,0.9680166666666666,0.9656
mnist,val,wres,20,6,a1,0.01,0.01,20,1.9,50.0,1,136.0,57.0,0.9725333333333334,0.9687
mnist,val,wres,20,7,a1,0.01,0.01,20,1.9,50.0,1,140.0,57.0,0.9801166666666666,0.9756
mnist,val,wres,20,8,a1,0.01,0.01,20,1.9,66.0,1,163.0,63.0,0.9772166666666666,0.9719
mnist,val,wres,20,9,a1,0.01,0.01,20,1.9,48.0,1,133.0,56.0,0.9820166666666666,0.9756
