dataset,split,model,k,epoch,layer,thresh,thresh_mode,node_count,average_branching_factor,colless_index,missing_colless,total_cophenetic_index,sackin_index,average_colless_index,average_missing_colless,average_total_cophenetic_index,average_sackin_index,train_acc,val_acc
cifar,train,densenet,20,33,a1,1e-07,1e-07,99,2.0,530.0,2,5156.0,493.0,5.353535353535354,0.020202020202020204,52.08080808080808,4.97979797979798,0.97058,0.7626
cifar,train,densenet,20,33,a2,1e-07,1e-07,107,2.0,808.0,2,7456.0,635.0,7.5514018691588785,0.018691588785046728,69.6822429906542,5.934579439252336,0.97058,0.7626
cifar,train,densenet,20,33,a3,1e-07,1e-07,459,2.008771929824561,,4,1663867.0,19817.0,,0.008714596949891068,3624.9825708061003,43.17429193899782,0.97058,0.7626
cifar,train,densenet,20,33,a4,1e-07,1e-07,598,2.0306122448979593,,11,4204909.0,39600.0,,0.01839464882943144,7031.620401337793,66.22073578595318,0.97058,0.7626
cifar,train,densenet,20,33,a5,1e-07,1e-07,850,2.075794621026895,,27,13298010.0,88113.0,,0.03176470588235294,15644.717647058824,103.66235294117647,0.97058,0.7626
cifar,train,densenet,20,33,a6,1e-07,1e-07,904,2.0522727272727272,,24,16061946.0,102318.0,,0.02654867256637168,17767.639380530974,113.18362831858407,0.97058,0.7626
cifar,train,densenet,20,33,a7,1e-07,1e-07,1045,2.0714285714285716,,33,24653688.0,135041.0,,0.031578947368421054,23592.045933014353,129.22583732057416,0.97058,0.7626
cifar,train,densenet,20,33,a8,1e-07,1e-07,1209,2.0827586206896553,,44,39054803.0,184694.0,,0.036393713813068655,32303.393713813068,152.76592224979322,0.97058,0.7626
cifar,trainUval,densenet,20,33,a1,1e-07,1e-07,121,2.0,879.0,2,9075.0,714.0,7.264462809917355,0.01652892561983471,75.0,5.900826446280992,0.97058,0.7626
cifar,trainUval,densenet,20,33,a2,1e-07,1e-07,113,2.0,979.0,2,10427.0,737.0,8.663716814159292,0.017699115044247787,92.27433628318585,6.522123893805309,0.97058,0.7626
cifar,trainUval,densenet,20,33,a3,1e-07,1e-07,548,2.018450184501845,,7,2797190.0,27548.0,,0.012773722627737226,5104.361313868613,50.27007299270073,0.97058,0.7626
cifar,trainUval,densenet,20,33,a4,1e-07,1e-07,692,2.056547619047619,,21,6570464.0,52136.0,,0.030346820809248554,9494.890173410404,75.34104046242774,0.97058,0.7626
cifar,trainUval,densenet,20,33,a5,1e-07,1e-07,992,2.0775681341719077,,35,21180707.0,120739.0,,0.03528225806451613,21351.519153225807,121.71270161290323,0.97058,0.7626
cifar,trainUval,densenet,20,33,a6,1e-07,1e-07,1061,2.0384615384615383,,22,25492858.0,140136.0,,0.020735155513666354,24027.198868991516,132.07917059377945,0.97058,0.7626
cifar,trainUval,densenet,20,33,a7,1e-07,1e-07,1200,2.056603773584906,,33,37090532.0,179104.0,,0.0275,30908.77666666667,149.25333333333333,0.97058,0.7626
cifar,trainUval,densenet,20,33,a8,1e-07,1e-07,1410,2.069016152716593,,45,61885600.0,252157.0,,0.031914893617021274,43890.49645390071,178.83475177304965,0.97058,0.7626
cifar,val,densenet,20,33,a1,1e-07,1e-07,47,2.0,190.0,2,1327.0,206.0,4.042553191489362,0.0425531914893617,28.23404255319149,4.382978723404255,0.97058,0.7626
cifar,val,densenet,20,33,a2,1e-07,1e-07,58,1.9655172413793103,384.0,1,2636.0,309.0,6.620689655172414,0.017241379310344827,45.44827586206897,5.327586206896552,0.97058,0.7626
cifar,val,densenet,20,33,a3,1e-07,1e-07,126,2.0491803278688523,,5,28469.0,1332.0,,0.03968253968253968,225.94444444444446,10.571428571428571,0.97058,0.7626
cifar,val,densenet,20,33,a4,1e-07,1e-07,172,2.0602409638554215,,6,97239.0,3159.0,,0.03488372093023256,565.3430232558139,18.36627906976744,0.97058,0.7626
cifar,val,densenet,20,33,a5,1e-07,1e-07,226,2.0642201834862384,,8,248293.0,6275.0,,0.035398230088495575,1098.641592920354,27.765486725663717,0.97058,0.7626
cifar,val,densenet,20,33,a6,1e-07,1e-07,244,2.076923076923077,,10,319396.0,7467.0,,0.040983606557377046,1309.0,30.602459016393443,0.97058,0.7626
cifar,val,densenet,20,33,a7,1e-07,1e-07,237,2.0701754385964914,,9,288351.0,7051.0,,0.0379746835443038,1216.6708860759493,29.751054852320674,0.97058,0.7626
cifar,val,densenet,20,33,a8,1e-07,1e-07,342,2.1180124223602483,,20,897824.0,14850.0,,0.05847953216374269,2625.216374269006,43.421052631578945,0.97058,0.7626
mnist,train,densenet,20,9,a1,1e-07,1e-07,87,2.0,324.0,2,2677.0,368.0,3.7241379310344827,0.022988505747126436,30.770114942528735,4.2298850574712645,0.9940833333333333,0.9891
mnist,train,densenet,20,9,a2,1e-07,1e-07,110,2.0185185185185186,612.0,3,5453.0,567.0,5.5636363636363635,0.02727272727272727,49.57272727272727,5.154545454545454,0.9940833333333333,0.9891
mnist,train,densenet,20,9,a3,1e-07,1e-07,149,2.0,1007.0,2,11512.0,843.0,6.758389261744966,0.013422818791946308,77.26174496644295,5.657718120805369,0.9940833333333333,0.9891
mnist,train,densenet,20,9,a4,1e-07,1e-07,145,2.0,928.0,2,10136.0,803.0,6.4,0.013793103448275862,69.90344827586208,5.537931034482758,0.9940833333333333,0.9891
mnist,train,densenet,20,9,a5,1e-07,1e-07,264,2.0546875,,9,57604.0,2364.0,,0.03409090909090909,218.1969696969697,8.954545454545455,0.9940833333333333,0.9891
mnist,train,densenet,20,9,a6,1e-07,1e-07,333,2.049382716049383,,10,120471.0,3647.0,,0.03003003003003003,361.77477477477476,10.951951951951951,0.9940833333333333,0.9891
mnist,train,densenet,20,9,a7,1e-07,1e-07,452,2.05,,12,792385.0,11211.0,,0.02654867256637168,1753.0641592920354,24.803097345132745,0.9940833333333333,0.9891
mnist,train,densenet,20,9,a8,1e-07,1e-07,537,2.0303030303030303,,10,2088768.0,21475.0,,0.0186219739292365,3889.6983240223462,39.99068901303538,0.9940833333333333,0.9891
mnist,trainUval,densenet,20,9,a1,1e-07,1e-07,82,1.975609756097561,292.0,1,2460.0,341.0,3.5609756097560976,0.012195121951219513,30.0,4.158536585365853,0.9940833333333333,0.9891
mnist,trainUval,densenet,20,9,a2,1e-07,1e-07,126,2.0161290322580645,729.0,3,6890.0,670.0,5.785714285714286,0.023809523809523808,54.682539682539684,5.317460317460317,0.9940833333333333,0.9891
mnist,trainUval,densenet,20,9,a3,1e-07,1e-07,162,1.9876543209876543,1232.0,1,14053.0,975.0,7.604938271604938,0.006172839506172839,86.74691358024691,6.018518518518518,0.9940833333333333,0.9891
mnist,trainUval,densenet,20,9,a4,1e-07,1e-07,160,2.0126582278481013,1151.0,3,12549.0,958.0,7.19375,0.01875,78.43125,5.9875,0.9940833333333333,0.9891
mnist,trainUval,densenet,20,9,a5,1e-07,1e-07,295,2.027586206896552,,6,81402.0,2909.0,,0.020338983050847456,275.93898305084747,9.861016949152543,0.9940833333333333,0.9891
mnist,trainUval,densenet,20,9,a6,1e-07,1e-07,392,2.0471204188481678,,11,182846.0,4974.0,,0.02806122448979592,466.4438775510204,12.688775510204081,0.9940833333333333,0.9891
mnist,trainUval,densenet,20,9,a7,1e-07,1e-07,515,2.047808764940239,,12,1225521.0,14889.0,,0.02330097087378641,2379.652427184466,28.910679611650487,0.9940833333333333,0.9891
mnist,trainUval,densenet,20,9,a8,1e-07,1e-07,626,2.0226537216828477,,9,3235107.0,28470.0,,0.01437699680511182,5167.902555910543,45.47923322683706,0.9940833333333333,0.9891
mnist,val,densenet,20,9,a1,1e-07,1e-07,36,1.9444444444444444,60.0,1,316.0,104.0,1.6666666666666667,0.027777777777777776,8.777777777777779,2.888888888888889,0.9940833333333333,0.9891
mnist,val,densenet,20,9,a2,1e-07,1e-07,47,2.0,170.0,2,1112.0,186.0,3.617021276595745,0.0425531914893617,23.659574468085108,3.9574468085106385,0.9940833333333333,0.9891
mnist,val,densenet,20,9,a3,1e-07,1e-07,60,1.9666666666666666,224.0,1,1504.0,236.0,3.7333333333333334,0.016666666666666666,25.066666666666666,3.933333333333333,0.9940833333333333,0.9891
mnist,val,densenet,20,9,a4,1e-07,1e-07,56,1.9642857142857142,274.0,1,1738.0,247.0,4.892857142857143,0.017857142857142856,31.035714285714285,4.410714285714286,0.9940833333333333,0.9891
mnist,val,densenet,20,9,a5,1e-07,1e-07,87,2.0476190476190474,,4,3888.0,411.0,,0.04597701149425287,44.689655172413794,4.724137931034483,0.9940833333333333,0.9891
mnist,val,densenet,20,9,a6,1e-07,1e-07,113,2.0,631.0,2,6540.0,600.0,5.584070796460177,0.017699115044247787,57.876106194690266,5.3097345132743365,0.9940833333333333,0.9891
mnist,val,densenet,20,9,a7,1e-07,1e-07,108,2.018867924528302,942.0,3,11849.0,754.0,8.722222222222221,0.027777777777777776,109.71296296296296,6.981481481481482,0.9940833333333333,0.9891
mnist,val,densenet,20,9,a8,1e-07,1e-07,105,2.0392156862745097,,4,17949.0,1005.0,,0.0380952380952381,170.94285714285715,9.571428571428571,0.9940833333333333,0.9891
cifar,train,resnet,20,30,a1,1e-07,1e-07,107,2.0384615384615383,,4,5312.0,569.0,,0.037383177570093455,49.64485981308411,5.317757009345795,0.97678,0.7454
cifar,train,resnet,20,30,a2,1e-07,1e-07,763,2.076294277929155,,29,7081233.0,47972.0,,0.03800786369593709,9280.777195281782,62.87287024901704,0.97678,0.7454
cifar,train,resnet,20,30,a3,1e-07,1e-07,2080,2.2140575079872202,,141,204898199.0,531220.0,,0.06778846153846153,98508.74951923077,255.39423076923077,0.97678,0.7454
cifar,train,resnet,20,30,a4,1e-07,1e-07,1995,2.188803512623491,,122,178024064.0,488030.0,,0.061152882205513785,89235.11979949875,244.6265664160401,0.97678,0.7454
cifar,train,resnet,20,30,a5,1e-07,1e-07,1418,2.089970501474926,,57,62699649.0,251884.0,,0.04019746121297602,44216.95980253879,177.63328631875882,0.97678,0.7454
cifar,trainUval,resnet,20,30,a1,1e-07,1e-07,120,2.016949152542373,664.0,3,6211.0,626.0,5.533333333333333,0.025,51.75833333333333,5.216666666666667,0.97678,0.7454
cifar,trainUval,resnet,20,30,a2,1e-07,1e-07,830,2.067331670822943,,27,8855655.0,55727.0,,0.03253012048192771,10669.463855421687,67.14096385542169,0.97678,0.7454
cifar,trainUval,resnet,20,30,a3,1e-07,1e-07,2442,2.203068592057762,,158,335139448.0,739166.0,,0.0647010647010647,137239.7411957412,302.6887796887797,0.97678,0.7454
cifar,trainUval,resnet,20,30,a4,1e-07,1e-07,2332,2.174440298507463,,142,290661664.0,680745.0,,0.060891938250428816,124640.5077186964,291.9146655231561,0.97678,0.7454
cifar,trainUval,resnet,20,30,a5,1e-07,1e-07,1604,2.073738680465718,,55,91092682.0,325731.0,,0.03428927680798005,56790.94887780549,203.07418952618454,0.97678,0.7454
cifar,val,resnet,20,30,a1,1e-07,1e-07,36,1.9444444444444444,170.0,1,693.0,147.0,4.722222222222222,0.027777777777777776,19.25,4.083333333333333,0.97678,0.7454
cifar,val,resnet,20,30,a2,1e-07,1e-07,185,2.0444444444444443,,5,102567.0,3039.0,,0.02702702702702703,554.4162162162162,16.427027027027027,0.97678,0.7454
cifar,val,resnet,20,30,a3,1e-07,1e-07,468,2.1227272727272726,,24,2182407.0,26013.0,,0.05128205128205128,4663.26282051282,55.583333333333336,0.97678,0.7454
cifar,val,resnet,20,30,a4,1e-07,1e-07,423,2.2094240837696337,,36,1701459.0,21941.0,,0.0851063829787234,4022.3617021276596,51.86997635933806,0.97678,0.7454
cifar,val,resnet,20,30,a5,1e-07,1e-07,303,2.1267605633802815,,19,654898.0,12130.0,,0.0627062706270627,2161.3795379537955,40.03300330033003,0.97678,0.7454
mnist,train,resnet,20,11,a1,1e-07,1e-07,156,2.012987012987013,1383.0,3,16355.0,1059.0,8.865384615384615,0.019230769230769232,104.83974358974359,6.788461538461538,0.9925,0.9872
mnist,train,resnet,20,11,a2,1e-07,1e-07,253,2.032258064516129,,6,24604.0,1691.0,,0.023715415019762844,97.24901185770752,6.683794466403162,0.9925,0.9872
mnist,train,resnet,20,11,a3,1e-07,1e-07,413,2.0497512437810945,,11,106755.0,4026.0,,0.026634382566585957,258.4866828087167,9.74818401937046,0.9925,0.9872
mnist,train,resnet,20,11,a4,1e-07,1e-07,613,2.0264900662251657,,10,813104.0,11306.0,,0.01631321370309951,1326.4339314845024,18.443719412724306,0.9925,0.9872
mnist,train,resnet,20,11,a5,1e-07,1e-07,739,2.0330578512396693,,14,2566808.0,24882.0,,0.018944519621109608,3473.3531799729362,33.66982408660352,0.9925,0.9872
mnist,trainUval,resnet,20,11,a1,1e-07,1e-07,178,2.0344827586206895,,5,21598.0,1293.0,,0.028089887640449437,121.33707865168539,7.264044943820225,0.9925,0.9872
mnist,trainUval,resnet,20,11,a2,1e-07,1e-07,306,2.033333333333333,,7,43027.0,2405.0,,0.02287581699346405,140.61111111111111,7.859477124183006,0.9925,0.9872
mnist,trainUval,resnet,20,11,a3,1e-07,1e-07,448,2.0318181818181817,,9,138458.0,4491.0,,0.020089285714285716,309.0580357142857,10.024553571428571,0.9925,0.9872
mnist,trainUval,resnet,20,11,a4,1e-07,1e-07,751,2.0380434782608696,,16,1386473.0,16202.0,,0.02130492676431425,1846.1691078561917,21.573901464713714,0.9925,0.9872
mnist,trainUval,resnet,20,11,a5,1e-07,1e-07,841,2.0338983050847457,,15,3758889.0,31556.0,,0.0178359096313912,4469.546967895362,37.52199762187872,0.9925,0.9872
mnist,val,resnet,20,11,a1,1e-07,1e-07,74,1.972972972972973,298.0,1,2460.0,310.0,4.027027027027027,0.013513513513513514,33.24324324324324,4.1891891891891895,0.9925,0.9872
mnist,val,resnet,20,11,a2,1e-07,1e-07,86,1.9767441860465116,170.0,1,1856.0,308.0,1.9767441860465116,0.011627906976744186,21.58139534883721,3.5813953488372094,0.9925,0.9872
mnist,val,resnet,20,11,a3,1e-07,1e-07,121,2.0,740.0,2,8526.0,664.0,6.115702479338843,0.01652892561983471,70.46280991735537,5.487603305785124,0.9925,0.9872
mnist,val,resnet,20,11,a4,1e-07,1e-07,160,2.0126582278481013,1290.0,3,16061.0,1061.0,8.0625,0.01875,100.38125,6.63125,0.9925,0.9872
mnist,val,resnet,20,11,a5,1e-07,1e-07,184,2.056179775280899,,7,57411.0,2065.0,,0.03804347826086957,312.01630434782606,11.222826086956522,0.9925,0.9872
cifar,train,vgg,20,44,a1,1e-07,1e-07,20,1.9,60.0,1,151.0,60.0,3.0,0.05,7.55,3.0,0.99792,0.8201
cifar,train,vgg,20,44,a2,1e-07,1e-07,20,1.9,42.0,1,129.0,55.0,2.1,0.05,6.45,2.75,0.99792,0.8201
cifar,train,vgg,20,44,a3,1e-07,1e-07,184,2.0795454545454546,,7,98814.0,3305.0,,0.03804347826086957,537.0326086956521,17.96195652173913,0.99792,0.8201
cifar,train,vgg,20,44,a4,1e-07,1e-07,1259,2.648421052631579,,118,47325731.0,183845.0,,0.0937251787132645,37589.93725178713,146.02462271644163,0.99792,0.8201
cifar,train,vgg,20,44,a5,1e-07,1e-07,1102,3.257396449704142,,117,38183438.0,143284.0,,0.10617059891107078,34649.21778584392,130.02177858439202,0.99792,0.8201
cifar,train,vgg,20,44,a6,1e-07,1e-07,1481,4.032697547683924,,141,96790141.0,244675.0,,0.09520594193112762,65354.58541525996,165.2093180283592,0.99792,0.8201
cifar,train,vgg,20,44,a7,1e-07,1e-07,184,2.231707317073171,,14,152537.0,4470.0,,0.07608695652173914,829.0054347826087,24.293478260869566,0.99792,0.8201
cifar,trainUval,vgg,20,44,a1,1e-07,1e-07,20,1.9,48.0,1,133.0,56.0,2.4,0.05,6.65,2.8,0.99792,0.8201
cifar,trainUval,vgg,20,44,a2,1e-07,1e-07,20,1.9,48.0,1,136.0,56.0,2.4,0.05,6.8,2.8,0.99792,0.8201
cifar,trainUval,vgg,20,44,a3,1e-07,1e-07,208,2.07,,8,146009.0,4167.0,,0.038461538461538464,701.9663461538462,20.033653846153847,0.99792,0.8201
cifar,trainUval,vgg,20,44,a4,1e-07,1e-07,1458,2.649090909090909,,133,69465544.0,236024.0,,0.09122085048010974,47644.40603566529,161.8820301783265,0.99792,0.8201
cifar,trainUval,vgg,20,44,a5,1e-07,1e-07,1408,3.20501138952164,,140,76943387.0,230790.0,,0.09943181818181818,54647.29190340909,163.91335227272728,0.99792,0.8201
cifar,trainUval,vgg,20,44,a6,1e-07,1e-07,1924,4.189542483660131,,194,199871169.0,389171.0,,0.10083160083160084,103883.14397089397,202.27182952182952,0.99792,0.8201
cifar,trainUval,vgg,20,44,a7,1e-07,1e-07,288,2.2777777777777777,,25,596687.0,10954.0,,0.08680555555555555,2071.8298611111113,38.03472222222222,0.99792,0.8201
cifar,val,vgg,20,44,a1,1e-07,1e-07,22,1.9090909090909092,52.0,1,158.0,63.0,2.3636363636363638,0.045454545454545456,7.181818181818182,2.8636363636363638,0.99792,0.8201
cifar,val,vgg,20,44,a2,1e-07,1e-07,20,1.9,46.0,1,129.0,55.0,2.3,0.05,6.45,2.75,0.99792,0.8201
cifar,val,vgg,20,44,a3,1e-07,1e-07,28,1.9285714285714286,108.0,1,365.0,100.0,3.857142857142857,0.03571428571428571,13.035714285714286,3.5714285714285716,0.99792,0.8201
cifar,val,vgg,20,44,a4,1e-07,1e-07,269,2.392857142857143,,25,427013.0,8510.0,,0.09293680297397769,1587.4089219330856,31.635687732342006,0.99792,0.8201
cifar,val,vgg,20,44,a5,1e-07,1e-07,339,3.3465346534653464,,38,1101945.0,13355.0,,0.11209439528023599,3250.575221238938,39.3952802359882,0.99792,0.8201
cifar,val,vgg,20,44,a6,1e-07,1e-07,377,3.547169811320755,,44,1381988.0,14879.0,,0.11671087533156499,3665.7506631299734,39.46684350132626,0.99792,0.8201
cifar,val,vgg,20,44,a7,1e-07,1e-07,56,2.1153846153846154,,4,4187.0,444.0,,0.07142857142857142,74.76785714285714,7.928571428571429,0.99792,0.8201
mnist,train,vgg,20,10,a1,1e-07,1e-07,20,1.9,30.0,1,101.0,49.0,1.5,0.05,5.05,2.45,0.9944,0.9896
mnist,train,vgg,20,10,a2,1e-07,1e-07,40,1.95,188.0,1,747.0,162.0,4.7,0.025,18.675,4.05,0.9944,0.9896
mnist,train,vgg,20,10,a3,1e-07,1e-07,108,2.018867924528302,987.0,3,8875.0,726.0,9.13888888888889,0.027777777777777776,82.17592592592592,6.722222222222222,0.9944,0.9896
mnist,train,vgg,20,10,a4,1e-07,1e-07,206,2.0098039215686274,2080.0,3,29698.0,1576.0,10.097087378640778,0.014563106796116505,144.16504854368932,7.650485436893204,0.9944,0.9896
mnist,train,vgg,20,10,a5,1e-07,1e-07,265,2.046511627906977,,7,77463.0,2970.0,,0.026415094339622643,292.31320754716984,11.20754716981132,0.9944,0.9896
mnist,train,vgg,20,10,a6,1e-07,1e-07,303,2.0268456375838926,,5,454272.0,8641.0,,0.0165016501650165,1499.2475247524753,28.51815181518152,0.9944,0.9896
mnist,train,vgg,20,10,a7,1e-07,1e-07,377,2.021505376344086,,6,950789.0,14696.0,,0.015915119363395226,2521.9867374005307,38.98143236074271,0.9944,0.9896
mnist,trainUval,vgg,20,10,a1,1e-07,1e-07,24,1.9166666666666667,40.0,1,161.0,64.0,1.6666666666666667,0.041666666666666664,6.708333333333333,2.6666666666666665,0.9944,0.9896
mnist,trainUval,vgg,20,10,a2,1e-07,1e-07,40,1.95,230.0,1,949.0,181.0,5.75,0.025,23.725,4.525,0.9944,0.9896
mnist,trainUval,vgg,20,10,a3,1e-07,1e-07,110,2.0185185185185186,865.0,3,7326.0,697.0,7.863636363636363,0.02727272727272727,66.6,6.336363636363636,0.9944,0.9896
mnist,trainUval,vgg,20,10,a4,1e-07,1e-07,212,2.0095238095238095,2578.0,3,33345.0,1779.0,12.160377358490566,0.014150943396226415,157.28773584905662,8.391509433962264,0.9944,0.9896
mnist,trainUval,vgg,20,10,a5,1e-07,1e-07,285,2.0579710144927534,,10,78005.0,3276.0,,0.03508771929824561,273.70175438596493,11.494736842105263,0.9944,0.9896
mnist,trainUval,vgg,20,10,a6,1e-07,1e-07,333,2.024390243902439,,6,602834.0,10473.0,,0.018018018018018018,1810.3123123123123,31.45045045045045,0.9944,0.9896
mnist,trainUval,vgg,20,10,a7,1e-07,1e-07,436,2.032710280373832,,9,1536303.0,20784.0,,0.020642201834862386,3523.630733944954,47.669724770642205,0.9944,0.9896
mnist,val,vgg,20,10,a1,1e-07,1e-07,20,1.9,32.0,1,100.0,50.0,1.6,0.05,5.0,2.5,0.9944,0.9896
mnist,val,vgg,20,10,a2,1e-07,1e-07,22,1.9090909090909092,42.0,1,140.0,60.0,1.9090909090909092,0.045454545454545456,6.363636363636363,2.727272727272727,0.9944,0.9896
mnist,val,vgg,20,10,a3,1e-07,1e-07,42,1.9523809523809523,108.0,1,605.0,139.0,2.5714285714285716,0.023809523809523808,14.404761904761905,3.3095238095238093,0.9944,0.9896
mnist,val,vgg,20,10,a4,1e-07,1e-07,73,2.0,240.0,2,1797.0,283.0,3.287671232876712,0.0273972602739726,24.616438356164384,3.8767123287671232,0.9944,0.9896
mnist,val,vgg,20,10,a5,1e-07,1e-07,74,2.0277777777777777,468.0,3,3534.0,398.0,6.324324324324325,0.04054054054054054,47.75675675675676,5.378378378378378,0.9944,0.9896
mnist,val,vgg,20,10,a6,1e-07,1e-07,78,1.9743589743589745,1176.0,1,8957.0,721.0,15.076923076923077,0.01282051282051282,114.83333333333333,9.243589743589743,0.9944,0.9896
mnist,val,vgg,20,10,a7,1e-07,1e-07,79,2.0,1254.0,2,9879.0,784.0,15.873417721518987,0.02531645569620253,125.0506329113924,9.924050632911392,0.9944,0.9896
cifar,train,wres,20,48,a1,1e-07,1e-07,117,2.0,415.0,2,4190.0,514.0,3.547008547008547,0.017094017094017096,35.81196581196581,4.3931623931623935,0.9647,0.6755
cifar,train,wres,20,48,a2,1e-07,1e-07,1095,2.1620553359683794,,70,9055902.0,49027.0,,0.0639269406392694,8270.230136986302,44.77351598173516,0.9647,0.6755
cifar,train,wres,20,48,a3,1e-07,1e-07,2095,2.1345565749235473,,111,208636281.0,542897.0,,0.05298329355608592,99587.72362768496,259.1393794749403,0.9647,0.6755
cifar,train,wres,20,48,a4,1e-07,1e-07,2012,2.1393617021276596,,111,183934544.0,496384.0,,0.055168986083499,91418.75944333996,246.7117296222664,0.9647,0.6755
cifar,train,wres,20,48,a5,1e-07,1e-07,2046,2.143605870020964,,126,193746530.0,512026.0,,0.06158357771260997,94695.27370478984,250.25708699902248,0.9647,0.6755
cifar,trainUval,wres,20,48,a1,1e-07,1e-07,129,2.0,668.0,2,7437.0,652.0,5.178294573643411,0.015503875968992248,57.651162790697676,5.054263565891473,0.9647,0.6755
cifar,trainUval,wres,20,48,a2,1e-07,1e-07,1252,2.149484536082474,,73,13656789.0,65977.0,,0.05830670926517572,10907.978434504792,52.697284345047926,0.9647,0.6755
cifar,trainUval,wres,20,48,a3,1e-07,1e-07,2399,2.1315555555555554,,125,313801502.0,715691.0,,0.05210504376823676,130805.1279699875,298.3288870362651,0.9647,0.6755
cifar,trainUval,wres,20,48,a4,1e-07,1e-07,2318,2.1237396883593034,,120,283201866.0,668293.0,,0.05176876617773943,122175.09318377911,288.3058671268335,0.9647,0.6755
cifar,trainUval,wres,20,48,a5,1e-07,1e-07,2382,2.137342908438061,,130,309146607.0,703020.0,,0.054575986565911,129784.46977329974,295.13853904282115,0.9647,0.6755
cifar,val,wres,20,48,a1,1e-07,1e-07,52,1.9615384615384615,186.0,1,1135.0,199.0,3.576923076923077,0.019230769230769232,21.826923076923077,3.826923076923077,0.9647,0.6755
cifar,val,wres,20,48,a2,1e-07,1e-07,248,2.093220338983051,,12,191187.0,4202.0,,0.04838709677419355,770.9153225806451,16.943548387096776,0.9647,0.6755
cifar,val,wres,20,48,a3,1e-07,1e-07,393,2.130434782608696,,24,1388196.0,19466.0,,0.061068702290076333,3532.3053435114502,49.531806615776084,0.9647,0.6755
cifar,val,wres,20,48,a4,1e-07,1e-07,376,2.142857142857143,,24,1174812.0,17010.0,,0.06382978723404255,3124.5,45.23936170212766,0.9647,0.6755
cifar,val,wres,20,48,a5,1e-07,1e-07,408,2.142105263157895,,24,1490753.0,19525.0,,0.058823529411764705,3653.8063725490197,47.85539215686274,0.9647,0.6755
mnist,train,wres,20,12,a1,1e-07,1e-07,111,2.0,905.0,2,7964.0,686.0,8.153153153153154,0.018018018018018018,71.74774774774775,6.18018018018018,0.9875,0.9832
mnist,train,wres,20,12,a2,1e-07,1e-07,208,2.0097087378640777,1723.0,3,23641.0,1410.0,8.283653846153847,0.014423076923076924,113.65865384615384,6.778846153846154,0.9875,0.9832
mnist,train,wres,20,12,a3,1e-07,1e-07,624,2.042622950819672,,15,455205.0,8507.0,,0.02403846153846154,729.4951923076923,13.633012820512821,0.9875,0.9832
mnist,train,wres,20,12,a4,1e-07,1e-07,725,2.0451977401129944,,16,2514916.0,22305.0,,0.022068965517241378,3468.849655172414,30.76551724137931,0.9875,0.9832
mnist,train,wres,20,12,a5,1e-07,1e-07,873,2.0469483568075115,,21,8859660.0,56516.0,,0.024054982817869417,10148.52233676976,64.73768613974799,0.9875,0.9832
mnist,trainUval,wres,20,12,a1,1e-07,1e-07,111,2.0,638.0,2,5118.0,577.0,5.747747747747748,0.018018018018018018,46.108108108108105,5.198198198198198,0.9875,0.9832
mnist,trainUval,wres,20,12,a2,1e-07,1e-07,229,2.0357142857142856,,6,27918.0,1572.0,,0.026200873362445413,121.91266375545851,6.864628820960698,0.9875,0.9832
mnist,trainUval,wres,20,12,a3,1e-07,1e-07,714,2.0547550432276656,,20,890025.0,12191.0,,0.028011204481792718,1246.5336134453783,17.074229691876752,0.9875,0.9832
mnist,trainUval,wres,20,12,a4,1e-07,1e-07,889,2.036697247706422,,17,5390619.0,37046.0,,0.019122609673790775,6063.688413948256,41.671541057367826,0.9875,0.9832
mnist,trainUval,wres,20,12,a5,1e-07,1e-07,992,2.043298969072165,,23,12784559.0,70692.0,,0.023185483870967742,12887.660282258064,71.26209677419355,0.9875,0.9832
mnist,val,wres,20,12,a1,1e-07,1e-07,44,1.9545454545454546,118.0,1,669.0,153.0,2.6818181818181817,0.022727272727272728,15.204545454545455,3.477272727272727,0.9875,0.9832
mnist,val,wres,20,12,a2,1e-07,1e-07,74,1.972972972972973,452.0,1,3603.0,379.0,6.108108108108108,0.013513513513513514,48.689189189189186,5.121621621621622,0.9875,0.9832
mnist,val,wres,20,12,a3,1e-07,1e-07,162,2.0125,1314.0,3,21866.0,1083.0,8.11111111111111,0.018518518518518517,134.97530864197532,6.685185185185185,0.9875,0.9832
mnist,val,wres,20,12,a4,1e-07,1e-07,169,2.048780487804878,,6,53932.0,1986.0,,0.03550295857988166,319.1242603550296,11.751479289940828,0.9875,0.9832
mnist,val,wres,20,12,a5,1e-07,1e-07,189,2.065934065934066,,8,121629.0,3599.0,,0.042328042328042326,643.5396825396825,19.04232804232804,0.9875,0.9832
