dataset,split,model,k,epoch,layer,thresh,thresh_mode,node_count,average_branching_factor,colless_index,average_colless_index,total_colless,missing_colless,missing_colless_frac,sackin_index,average_sackin_index,leaf_count,total_volume,train_acc,val_acc
cifar,trainUval,densenet,20,0,a1,1e-06,1e-06,2694,2.1055512118842845,7546082.0,6516.47841105354,1158,121,0.0946051602814699,74125022.0,52385.17455830389,1415,60000,0.09992,0.0998
cifar,trainUval,densenet,20,41,a1,1e-06,1e-06,276,2.037037037037037,443740.0,3466.71875,128,7,0.05185185185185185,5506393.0,39052.43262411348,141,60000,0.91236,0.8112
cifar,trainUval,densenet,20,67,a1,1e-06,1e-06,240,2.0254237288135593,179489.0,1588.3982300884957,113,5,0.0423728813559322,3020191.0,24755.66393442623,122,60000,0.99722,0.8496
cifar,trainUval,densenet,20,79,a1,1e-06,1e-06,256,2.0238095238095237,298740.0,2468.9256198347107,121,5,0.03968253968253968,4269231.0,32840.23846153846,130,60000,0.94572,0.8322
cifar,trainUval,densenet,20,106,a1,1e-06,1e-06,387,2.031578947368421,198095.0,1088.434065934066,182,8,0.042105263157894736,4798428.0,24357.502538071065,197,60000,0.98184,0.8491
cifar,trainUval,densenet,20,140,a1,1e-06,1e-06,838,2.051470588235294,308002.0,795.8708010335918,387,21,0.051470588235294115,3519549.0,8184.997674418604,430,60000,0.99982,0.874
cifar,trainUval,densenet,20,179,a1,1e-06,1e-06,322,2.018867924528302,183796.0,1193.4805194805194,154,5,0.031446540880503145,3494475.0,21438.496932515336,163,60000,0.96226,0.8374
cifar,trainUval,densenet,20,199,a1,1e-06,1e-06,383,2.0319148936170213,154773.0,855.0994475138122,181,7,0.03723404255319149,3470018.0,17794.964102564103,195,60000,0.97148,0.8469
cifar,trainUval,resnet,20,37,a1,1e-06,1e-06,286,2.007042253521127,657232.0,4728.287769784172,139,3,0.02112676056338028,5440037.0,37778.03472222222,144,60000,0.86702,0.7961
cifar,trainUval,resnet,20,46,a1,1e-06,1e-06,311,2.026143790849673,736256.0,5008.544217687075,147,6,0.0392156862745098,5665179.0,35855.56329113924,158,60000,0.91028,0.8139
cifar,trainUval,resnet,20,67,a1,1e-06,1e-06,102,1.9803921568627452,385852.0,7717.04,50,1,0.0196078431372549,1476672.0,28954.352941176472,51,60000,0.98868,0.8434
cifar,trainUval,resnet,20,89,a1,1e-06,1e-06,220,2.046728971962617,458156.0,4536.19801980198,101,6,0.056074766355140186,3524192.0,31187.53982300885,113,60000,0.93642,0.8258
cifar,trainUval,resnet,20,135,a1,1e-06,1e-06,237,2.017094017094017,165732.0,1466.654867256637,113,4,0.03418803418803419,1393373.0,11611.441666666668,120,60000,0.99892,0.8626
cifar,trainUval,resnet,20,164,a1,1e-06,1e-06,225,2.018018018018018,132155.0,1235.0934579439252,107,4,0.036036036036036036,3026780.0,26550.701754385966,114,60000,0.93384,0.8211
cifar,trainUval,resnet,20,192,a1,1e-06,1e-06,322,2.0576923076923075,156262.0,1077.6689655172413,145,11,0.07051282051282051,3500661.0,21088.319277108432,166,60000,0.96678,0.8361
cifar,trainUval,densenet,20,1,a1,1e-06,1e-06,731,2.0391061452513966,3936542.0,11443.436046511628,344,14,0.03910614525139665,16781917.0,44991.7345844504,373,60000,0.50056,0.4927
cifar,trainUval,densenet,20,33,a1,1e-06,1e-06,299,2.0,724143.0,4926.142857142857,147,2,0.013422818791946308,5814709.0,38764.72666666667,150,60000,0.86782,0.7872
cifar,trainUval,densenet,20,64,a1,1e-06,1e-06,265,2.046511627906977,157735.0,1303.595041322314,121,8,0.06201550387596899,3583547.0,26349.610294117647,136,60000,0.99646,0.848
cifar,trainUval,densenet,20,84,a1,1e-06,1e-06,297,2.0413793103448277,568415.0,4149.014598540146,137,8,0.05517241379310345,4917253.0,32350.348684210527,152,60000,0.9396,0.8237
cifar,trainUval,densenet,20,108,a1,1e-06,1e-06,343,2.0,176295.0,1043.1656804733727,169,2,0.011695906432748537,3769721.0,21916.982558139534,172,60000,0.98402,0.849
cifar,trainUval,densenet,20,135,a1,1e-06,1e-06,814,2.0582278481012657,261449.0,702.8198924731183,372,23,0.05822784810126582,3689400.0,8805.25059665871,419,60000,0.99974,0.8731
cifar,trainUval,densenet,20,173,a1,1e-06,1e-06,280,2.0364963503649633,134562.0,1035.0923076923077,130,7,0.051094890510948905,3169176.0,22162.06993006993,143,60000,0.95934,0.8405
cifar,trainUval,densenet,20,200,a1,1e-06,1e-06,378,2.0268817204301075,199780.0,1116.0893854748604,179,7,0.03763440860215054,3292862.0,17150.322916666668,192,60000,0.97902,0.8529
cifar,trainUval,resnet,20,32,a1,1e-06,1e-06,321,2.0253164556962027,811217.0,5336.953947368421,152,6,0.0379746835443038,6192256.0,37989.30061349693,163,60000,0.82304,0.7648
cifar,trainUval,resnet,20,48,a1,1e-06,1e-06,331,2.0245398773006134,646607.0,4118.515923566879,157,6,0.03680981595092025,5596902.0,33314.892857142855,168,60000,0.92014,0.8236
cifar,trainUval,resnet,20,66,a1,1e-06,1e-06,96,1.9791666666666667,338043.0,7192.404255319149,47,1,0.020833333333333332,1407394.0,29320.708333333332,48,60000,0.98866,0.8447
cifar,trainUval,resnet,20,107,a1,1e-06,1e-06,174,2.011627906976744,151040.0,1819.7590361445782,83,3,0.03488372093023256,2361126.0,26830.977272727272,88,60000,0.96778,0.8374
cifar,trainUval,resnet,20,146,a1,1e-06,1e-06,260,2.0555555555555554,122326.0,1027.9495798319329,119,7,0.05555555555555555,1456491.0,10869.335820895523,134,60000,0.99976,0.8634
cifar,trainUval,resnet,20,176,a1,1e-06,1e-06,274,2.0526315789473686,176288.0,1410.304,125,8,0.06015037593984962,3249431.0,23045.609929078015,141,60000,0.96224,0.8383
cifar,trainUval,resnet,20,193,a1,1e-06,1e-06,338,2.0179640718562872,113208.0,698.8148148148148,162,5,0.029940119760479042,3661409.0,21411.748538011696,171,60000,0.96294,0.8332
cifar,trainUval,densenet,20,5,a1,1e-06,1e-06,453,2.0269058295964126,1916187.0,8871.236111111111,216,7,0.03139013452914798,9650084.0,41956.88695652174,230,60000,0.71228,0.6806
cifar,trainUval,densenet,20,46,a1,1e-06,1e-06,280,2.0071942446043165,328597.0,2416.154411764706,136,3,0.02158273381294964,5207081.0,36929.65248226951,141,60000,0.93342,0.8226
cifar,trainUval,densenet,20,70,a1,1e-06,1e-06,231,2.0,151368.0,1339.5398230088495,113,2,0.017391304347826087,3108743.0,26799.508620689656,116,60000,0.99714,0.8502
cifar,trainUval,densenet,20,74,a1,1e-06,1e-06,264,2.023076923076923,222986.0,1783.888,125,5,0.038461538461538464,4589699.0,34251.485074626864,134,60000,0.9365,0.8252
cifar,trainUval,densenet,20,110,a1,1e-06,1e-06,336,2.0303030303030303,148578.0,940.367088607595,158,7,0.04242424242424243,3468192.0,20281.824561403508,171,60000,0.98538,0.8538
cifar,trainUval,densenet,20,141,a1,1e-06,1e-06,816,2.058080808080808,236689.0,636.260752688172,372,24,0.06060606060606061,3417812.0,8137.647619047619,420,60000,0.99984,0.8746
cifar,trainUval,densenet,20,169,a1,1e-06,1e-06,317,2.051948051948052,120629.0,837.7013888888889,144,10,0.06493506493506493,4216189.0,25866.19018404908,163,60000,0.95996,0.838
cifar,trainUval,densenet,20,196,a1,1e-06,1e-06,410,2.0552763819095476,169659.0,912.1451612903226,186,13,0.06532663316582915,4165678.0,19742.549763033174,211,60000,0.97668,0.8533
cifar,trainUval,resnet,20,34,a1,1e-06,1e-06,309,2.0130718954248366,642653.0,4313.107382550335,149,4,0.026143790849673203,5933865.0,38037.596153846156,156,60000,0.8375,0.7751
cifar,trainUval,resnet,20,51,a1,1e-06,1e-06,223,2.036697247706422,620222.0,6021.57281553398,103,6,0.05504587155963303,3792566.0,33268.12280701754,114,60000,0.94496,0.8337
cifar,trainUval,resnet,20,84,a1,1e-06,1e-06,275,2.014705882352941,492716.0,3732.6969696969695,132,4,0.029411764705882353,4497946.0,32359.323741007192,139,60000,0.92684,0.8245
cifar,trainUval,resnet,20,105,a1,1e-06,1e-06,187,2.0217391304347827,205182.0,2331.6136363636365,88,4,0.043478260869565216,2603088.0,27400.926315789475,95,60000,0.9638,0.8364
cifar,trainUval,resnet,20,158,a1,1e-06,1e-06,192,2.0105263157894737,162407.0,1765.2934782608695,92,3,0.031578947368421054,2510296.0,25879.340206185567,97,60000,0.93494,0.8184
cifar,trainUval,resnet,20,172,a1,1e-06,1e-06,219,2.0185185185185186,131997.0,1269.201923076923,104,4,0.037037037037037035,2716021.0,24468.65765765766,111,60000,0.95134,0.8302
cifar,trainUval,resnet,20,190,a1,1e-06,1e-06,331,2.0121951219512195,128467.0,802.91875,160,4,0.024390243902439025,3764102.0,22539.532934131737,167,60000,0.96502,0.8386
cifar,trainUval,densenet,20,11,a1,1e-06,1e-06,388,2.036842105263158,1359170.0,7509.226519337017,181,9,0.04736842105263158,8051091.0,40662.07575757576,198,60000,0.73818,0.6995
cifar,trainUval,densenet,20,37,a1,1e-06,1e-06,293,2.013793103448276,856208.0,6072.397163120568,141,4,0.027586206896551724,5522272.0,37312.64864864865,148,60000,0.89244,0.8095
cifar,trainUval,densenet,20,61,a1,1e-06,1e-06,243,2.0166666666666666,145119.0,1240.3333333333333,117,3,0.025,3525365.0,28661.50406504065,123,60000,0.99364,0.8484
cifar,trainUval,densenet,20,76,a1,1e-06,1e-06,251,2.0,519877.0,4226.642276422765,123,2,0.016,3994826.0,31704.968253968254,126,60000,0.93106,0.8272
cifar,trainUval,densenet,20,104,a1,1e-06,1e-06,311,2.012987012987013,147445.0,982.9666666666667,150,4,0.025974025974025976,3951517.0,25168.898089171973,157,60000,0.97998,0.8445
cifar,trainUval,densenet,20,138,a1,1e-06,1e-06,758,2.051490514905149,259208.0,742.7163323782235,349,20,0.05420054200542006,3383757.0,8698.60411311054,389,60000,0.99978,0.872
cifar,trainUval,densenet,20,168,a1,1e-06,1e-06,299,2.0135135135135136,173325.0,1203.6458333333333,144,4,0.02702702702702703,4034494.0,26718.50331125828,151,60000,0.95934,0.8445
cifar,trainUval,densenet,20,194,a1,1e-06,1e-06,344,2.0176470588235293,157191.0,952.6727272727272,165,5,0.029411764705882353,3152749.0,18119.24712643678,174,60000,0.97604,0.851
cifar,trainUval,resnet,20,25,a1,1e-06,1e-06,275,2.0,629780.0,4665.037037037037,135,2,0.014598540145985401,4980066.0,36087.434782608696,138,60000,0.90082,0.82
cifar,trainUval,resnet,20,53,a1,1e-06,1e-06,304,2.006622516556291,524721.0,3545.412162162162,148,3,0.019867549668874173,5081992.0,33215.63398692811,153,60000,0.9487,0.8309
cifar,trainUval,resnet,20,71,a1,1e-06,1e-06,306,2.046979865771812,702829.0,5020.207142857143,140,9,0.06040268456375839,5560326.0,35416.08917197452,157,60000,0.89708,0.8014
cifar,trainUval,resnet,20,102,a1,1e-06,1e-06,190,1.9894736842105263,133344.0,1418.5531914893618,94,1,0.010526315789473684,2577093.0,27127.294736842105,95,60000,0.96218,0.8388
cifar,trainUval,resnet,20,136,a1,1e-06,1e-06,251,2.0491803278688523,166343.0,1459.1491228070176,114,8,0.06557377049180328,1501117.0,11636.565891472868,129,60000,0.99926,0.8641
cifar,trainUval,resnet,20,178,a1,1e-06,1e-06,290,2.049645390070922,99254.0,751.9242424242424,132,9,0.06382978723404255,3280890.0,22019.395973154362,149,60000,0.9624,0.8409
cifar,trainUval,resnet,20,195,a1,1e-06,1e-06,332,2.0306748466257667,148334.0,950.8589743589744,156,7,0.04294478527607362,3501440.0,20718.579881656806,169,60000,0.969,0.8438
cifar,trainUval,densenet,20,6,a1,1e-06,1e-06,451,2.0179372197309418,1823367.0,8364.06880733945,218,5,0.02242152466367713,9714411.0,42607.06578947369,228,60000,0.74142,0.7053
cifar,trainUval,densenet,20,43,a1,1e-06,1e-06,298,2.0067567567567566,821067.0,5662.5310344827585,145,3,0.02027027027027027,5146285.0,34308.566666666666,150,60000,0.9147,0.8148
cifar,trainUval,densenet,20,55,a1,1e-06,1e-06,232,2.026315789473684,205080.0,1881.467889908257,109,5,0.043859649122807015,3787447.0,32097.008474576272,118,60000,0.97576,0.8387
cifar,trainUval,densenet,20,82,a1,1e-06,1e-06,262,2.0076923076923077,300260.0,2364.251968503937,127,3,0.023076923076923078,4437921.0,33620.61363636364,132,60000,0.94636,0.8248
cifar,trainUval,densenet,20,111,a1,1e-06,1e-06,377,2.021505376344086,148721.0,826.2277777777778,180,6,0.03225806451612903,3990813.0,20894.30890052356,191,60000,0.98726,0.8496
cifar,trainUval,densenet,20,155,a1,1e-06,1e-06,269,2.0150375939849625,162918.0,1262.9302325581396,129,4,0.03007518796992481,3647575.0,26820.404411764706,136,60000,0.93492,0.8197
cifar,trainUval,densenet,20,177,a1,1e-06,1e-06,310,2.0328947368421053,194407.0,1340.7379310344827,145,7,0.046052631578947366,3606821.0,22827.981012658227,158,60000,0.96162,0.8441
cifar,trainUval,densenet,20,195,a1,1e-06,1e-06,337,2.0240963855421685,154847.0,967.79375,160,6,0.03614457831325301,3335276.0,19504.538011695906,171,60000,0.96688,0.8416
cifar,trainUval,resnet,20,22,a1,1e-06,1e-06,280,2.0071942446043165,768511.0,5650.816176470588,136,3,0.02158273381294964,5021925.0,35616.48936170213,141,60000,0.87082,0.8007
cifar,trainUval,resnet,20,47,a1,1e-06,1e-06,266,2.007575757575758,700898.0,5433.3178294573645,129,3,0.022727272727272728,4435673.0,33102.03731343283,134,60000,0.92164,0.828
cifar,trainUval,resnet,20,65,a1,1e-06,1e-06,114,1.9824561403508771,363756.0,6495.642857142857,56,1,0.017543859649122806,1720366.0,30181.859649122805,57,60000,0.98704,0.8446
cifar,trainUval,resnet,20,122,a1,1e-06,1e-06,221,2.0,145941.0,1351.3055555555557,108,2,0.01818181818181818,1979841.0,17836.405405405407,111,60000,0.9925,0.852
cifar,trainUval,resnet,20,140,a1,1e-06,1e-06,273,2.0148148148148146,179460.0,1369.9236641221373,131,4,0.02962962962962963,1483811.0,10752.253623188406,138,60000,0.99954,0.8637
cifar,trainUval,resnet,20,181,a1,1e-06,1e-06,286,2.021276595744681,184453.0,1356.2720588235295,136,5,0.03546099290780142,3361685.0,23184.03448275862,145,60000,0.95548,0.8322
cifar,trainUval,resnet,20,187,a1,1e-06,1e-06,289,2.013986013986014,192440.0,1384.4604316546763,139,4,0.027972027972027972,3311120.0,22678.904109589042,146,60000,0.96248,0.8364
cifar,trainUval,densenet,20,9,a1,1e-06,1e-06,433,2.028169014084507,1370841.0,6687.029268292683,205,8,0.03755868544600939,9029438.0,41042.9,220,60000,0.79738,0.7418
cifar,trainUval,densenet,20,30,a1,1e-06,1e-06,302,2.0201342281879193,801776.0,5567.888888888889,144,5,0.03355704697986577,5819519.0,38036.07189542484,153,60000,0.93554,0.8197
cifar,trainUval,densenet,20,60,a1,1e-06,1e-06,276,2.0220588235294117,135096.0,1031.2671755725191,131,5,0.03676470588235294,4234120.0,30243.714285714286,140,60000,0.99144,0.848
cifar,trainUval,densenet,20,86,a1,1e-06,1e-06,268,2.007518796992481,567941.0,4368.776923076923,130,3,0.022556390977443608,4374414.0,32403.066666666666,135,60000,0.93656,0.8246
cifar,trainUval,densenet,20,116,a1,1e-06,1e-06,484,2.0466101694915255,218590.0,980.2242152466367,223,13,0.05508474576271186,4487481.0,18094.6814516129,248,60000,0.99456,0.8565
cifar,trainUval,densenet,20,145,a1,1e-06,1e-06,828,2.0521091811414394,206044.0,540.7979002624672,381,22,0.05459057071960298,3402406.0,8005.6611764705885,425,60000,0.99992,0.8738
cifar,trainUval,densenet,20,191,a1,1e-06,1e-06,332,2.0306748466257667,165622.0,1061.679487179487,156,7,0.04294478527607362,3284459.0,19434.668639053256,169,60000,0.975,0.8445
cifar,trainUval,resnet,20,2,a1,1e-06,1e-06,389,2.0208333333333335,2144736.0,11530.838709677419,186,6,0.03125,8213672.0,41693.766497461926,197,60000,0.60434,0.5917
cifar,trainUval,resnet,20,27,a1,1e-06,1e-06,283,2.0142857142857142,611827.0,4498.72794117647,136,4,0.02857142857142857,5013134.0,35056.881118881116,143,60000,0.91528,0.8261
cifar,trainUval,resnet,20,43,a1,1e-06,1e-06,287,2.0140845070422535,648818.0,4701.579710144928,138,4,0.028169014084507043,4976583.0,34321.262068965516,145,60000,0.9033,0.8205
cifar,trainUval,resnet,20,83,a1,1e-06,1e-06,293,2.0277777777777777,712723.0,5164.659420289855,138,6,0.041666666666666664,4695427.0,31512.93288590604,149,60000,0.9146,0.8101
cifar,trainUval,resnet,20,111,a1,1e-06,1e-06,166,1.9879518072289157,107233.0,1307.719512195122,82,1,0.012048192771084338,1917527.0,23102.734939759037,83,60000,0.97882,0.8458
cifar,trainUval,resnet,20,148,a1,1e-06,1e-06,271,2.0454545454545454,167510.0,1340.08,125,7,0.05303030303030303,1539466.0,11075.294964028777,139,60000,0.99978,0.8649
cifar,trainUval,resnet,20,175,a1,1e-06,1e-06,291,2.013888888888889,93932.0,670.9428571428572,140,4,0.027777777777777776,3509401.0,23873.47619047619,147,60000,0.95466,0.8308
cifar,trainUval,resnet,20,197,a1,1e-06,1e-06,329,2.0246913580246915,186571.0,1195.9679487179487,156,6,0.037037037037037035,3468293.0,20768.221556886227,167,60000,0.9712,0.8375
cifar,trainUval,densenet,20,13,a1,1e-06,1e-06,349,2.0115606936416186,1350171.0,7989.177514792899,169,4,0.023121387283236993,7099581.0,40338.52840909091,176,60000,0.77016,0.7332
cifar,trainUval,densenet,20,40,a1,1e-06,1e-06,291,2.0,901274.0,6302.615384615385,143,2,0.013793103448275862,5344489.0,36606.08904109589,146,60000,0.8937,0.8059
cifar,trainUval,densenet,20,50,a1,1e-06,1e-06,247,2.0163934426229506,599202.0,5077.983050847458,118,4,0.03278688524590164,4270147.0,34161.176,125,60000,0.94478,0.8269
cifar,trainUval,densenet,20,75,a1,1e-06,1e-06,263,2.046875,575705.0,4718.893442622951,122,6,0.046875,4713092.0,34911.792592592596,135,60000,0.92906,0.8181
cifar,trainUval,densenet,20,114,a1,1e-06,1e-06,456,2.03125,212212.0,987.0325581395349,215,9,0.04017857142857143,4126991.0,17788.754310344826,232,60000,0.99168,0.855
cifar,trainUval,densenet,20,144,a1,1e-06,1e-06,859,2.0575539568345325,211774.0,540.2397959183673,392,25,0.05995203836930456,3549917.0,8031.486425339366,442,60000,0.99988,0.875
cifar,trainUval,densenet,20,184,a1,1e-06,1e-06,374,2.016216216216216,163640.0,909.1111111111111,180,5,0.02702702702702703,4202754.0,22236.79365079365,189,60000,0.96574,0.8429
cifar,trainUval,resnet,20,14,a1,1e-06,1e-06,266,2.0229007633587788,472845.0,3752.7380952380954,126,5,0.03816793893129771,5177078.0,38348.72592592592,135,60000,0.77578,0.7448
cifar,trainUval,resnet,20,24,a1,1e-06,1e-06,289,2.013986013986014,697508.0,5018.043165467626,139,4,0.027972027972027972,5447030.0,37308.42465753425,146,60000,0.89018,0.8102
cifar,trainUval,resnet,20,41,a1,1e-06,1e-06,320,2.018987341772152,1088924.0,7117.150326797386,153,5,0.03164556962025317,5229050.0,32278.086419753086,162,60000,0.889,0.8068
cifar,trainUval,resnet,20,81,a1,1e-06,1e-06,249,2.016260162601626,222175.0,1867.0168067226891,119,4,0.032520325203252036,3977211.0,31565.166666666668,126,60000,0.91838,0.8128
cifar,trainUval,resnet,20,112,a1,1e-06,1e-06,217,2.0186915887850465,186368.0,1809.3980582524273,103,4,0.037383177570093455,2754389.0,25039.9,110,60000,0.97914,0.8422
cifar,trainUval,resnet,20,157,a1,1e-06,1e-06,233,2.017391304347826,319501.0,2878.387387387387,111,4,0.034782608695652174,3206387.0,27172.771186440677,118,60000,0.91848,0.8064
cifar,trainUval,resnet,20,165,a1,1e-06,1e-06,232,2.026315789473684,260032.0,2385.6146788990827,109,5,0.043859649122807015,2959296.0,25078.77966101695,118,60000,0.94946,0.8347
cifar,trainUval,resnet,20,186,a1,1e-06,1e-06,302,2.075862068965517,202906.0,1514.2238805970148,134,11,0.07586206896551724,3668196.0,23364.305732484077,157,60000,0.96034,0.8394
cifar,trainUval,densenet,20,12,a1,1e-06,1e-06,384,2.0157894736842104,1194374.0,6456.0756756756755,185,5,0.02631578947368421,8180692.0,42168.51546391752,194,60000,0.74626,0.7048
cifar,trainUval,densenet,20,47,a1,1e-06,1e-06,278,2.021897810218978,418687.0,3171.871212121212,132,5,0.0364963503649635,4889559.0,34677.72340425532,141,60000,0.93888,0.8214
cifar,trainUval,densenet,20,52,a1,1e-06,1e-06,235,2.0,264648.0,2301.2869565217393,115,2,0.017094017094017096,3758925.0,31855.29661016949,118,60000,0.9701,0.8381
cifar,trainUval,densenet,20,80,a1,1e-06,1e-06,332,2.018292682926829,745249.0,4687.100628930818,159,5,0.03048780487804878,5366875.0,31945.684523809523,168,60000,0.94158,0.8296
cifar,trainUval,densenet,20,117,a1,1e-06,1e-06,517,2.031496062992126,230041.0,938.9428571428572,245,9,0.03543307086614173,4288851.0,16307.41825095057,263,60000,0.99452,0.8575
cifar,trainUval,densenet,20,149,a1,1e-06,1e-06,872,2.0542452830188678,313849.0,780.7189054726368,402,22,0.05188679245283019,3650460.0,8148.348214285715,448,60000,0.9999,0.8735
cifar,trainUval,densenet,20,185,a1,1e-06,1e-06,345,2.023529411764706,91612.0,558.609756097561,164,6,0.03529411764705882,3757614.0,21472.08,175,60000,0.96006,0.8409
cifar,trainUval,resnet,20,4,a1,1e-06,1e-06,296,2.0205479452054793,878705.0,6231.9503546099295,141,5,0.03424657534246575,5951909.0,39679.39333333333,150,60000,0.695,0.6755
cifar,trainUval,resnet,20,29,a1,1e-06,1e-06,300,2.0067114093959733,696642.0,4771.520547945205,146,3,0.020134228187919462,5371333.0,35571.741721854305,151,60000,0.91866,0.8262
cifar,trainUval,resnet,20,42,a1,1e-06,1e-06,275,2.014705882352941,492711.0,3704.593984962406,133,3,0.022058823529411766,4833391.0,34772.597122302155,139,60000,0.89526,0.8109
cifar,trainUval,resnet,20,78,a1,1e-06,1e-06,285,2.0141843971631204,842143.0,6147.029197080292,137,4,0.028368794326241134,4701003.0,32645.854166666668,144,60000,0.90842,0.8159
cifar,trainUval,resnet,20,116,a1,1e-06,1e-06,211,2.019230769230769,151557.0,1515.57,100,4,0.038461538461538464,2350679.0,21968.96261682243,107,60000,0.9841,0.8501
cifar,trainUval,resnet,20,152,a1,1e-06,1e-06,269,2.0,209264.0,1585.3333333333333,132,2,0.014925373134328358,3733412.0,27654.903703703705,135,60000,0.92792,0.8149
cifar,trainUval,resnet,20,169,a1,1e-06,1e-06,217,2.0,116208.0,1096.301886792453,106,2,0.018518518518518517,2587478.0,23738.330275229357,109,60000,0.95212,0.8358
cifar,trainUval,resnet,20,191,a1,1e-06,1e-06,293,2.041958041958042,123386.0,913.9703703703703,135,8,0.055944055944055944,3398285.0,22655.233333333334,150,60000,0.96054,0.8342
cifar,trainUval,densenet,20,7,a1,1e-06,1e-06,455,2.017777777777778,1804919.0,8241.639269406392,219,6,0.02666666666666667,9505055.0,41326.32608695652,230,60000,0.7675,0.7185
cifar,trainUval,densenet,20,36,a1,1e-06,1e-06,239,2.016949152542373,688186.0,6036.7192982456145,114,4,0.03389830508474576,4526603.0,37409.94214876033,121,60000,0.86354,0.788
cifar,trainUval,densenet,20,51,a1,1e-06,1e-06,223,2.018181818181818,336000.0,3169.811320754717,106,4,0.03636363636363636,3887292.0,34400.81415929204,113,60000,0.96086,0.8322
cifar,trainUval,densenet,20,87,a1,1e-06,1e-06,269,2.0150375939849625,192098.0,1489.1317829457364,129,4,0.03007518796992481,4169113.0,30655.242647058825,136,60000,0.94614,0.8294
cifar,trainUval,densenet,20,120,a1,1e-06,1e-06,571,2.0357142857142856,226038.0,843.4253731343283,268,12,0.04285714285714286,4423598.0,15201.367697594502,291,60000,0.99624,0.8634
cifar,trainUval,densenet,20,153,a1,1e-06,1e-06,267,2.015151515151515,172388.0,1346.78125,128,4,0.030303030303030304,3793035.0,28096.555555555555,135,60000,0.9322,0.8241
cifar,trainUval,densenet,20,174,a1,1e-06,1e-06,330,2.069182389937107,143301.0,981.513698630137,146,13,0.08176100628930817,3947792.0,23086.502923976608,171,60000,0.96046,0.8385
cifar,trainUval,resnet,20,7,a1,1e-06,1e-06,316,2.019230769230769,1085023.0,7185.582781456954,151,5,0.03205128205128205,6183144.0,38644.65,160,60000,0.77184,0.7346
cifar,trainUval,resnet,20,23,a1,1e-06,1e-06,294,2.006849315068493,567822.0,3970.7832167832166,143,3,0.02054794520547945,5500468.0,37165.32432432433,148,60000,0.8854,0.8077
cifar,trainUval,resnet,20,60,a1,1e-06,1e-06,150,1.9866666666666666,459195.0,6205.3378378378375,74,1,0.013333333333333334,2354659.0,31395.453333333335,75,60000,0.97698,0.8435
cifar,trainUval,resnet,20,98,a1,1e-06,1e-06,213,2.019047619047619,266069.0,2634.3465346534654,101,4,0.0380952380952381,3055117.0,28288.12037037037,108,60000,0.9471,0.8299
cifar,trainUval,resnet,20,134,a1,1e-06,1e-06,228,2.0088495575221237,227621.0,2069.2818181818184,110,3,0.02654867256637168,1495781.0,13006.791304347826,115,60000,0.99908,0.8608
cifar,trainUval,resnet,20,151,a1,1e-06,1e-06,241,2.0,241790.0,2049.0677966101694,118,2,0.016666666666666666,3648506.0,30152.942148760332,121,60000,0.92088,0.8084
cifar,trainUval,resnet,20,171,a1,1e-06,1e-06,250,2.040983606557377,199679.0,1736.3391304347826,115,7,0.05737704918032787,3094080.0,24172.5,128,60000,0.95538,0.8321
cifar,trainUval,resnet,20,185,a1,1e-06,1e-06,282,2.0814814814814815,158381.0,1287.6504065040651,123,12,0.08888888888888889,3211186.0,21844.802721088436,147,60000,0.96144,0.8342
cifar,trainUval,densenet,20,2,a1,1e-06,1e-06,582,2.0314685314685317,3384023.0,12305.538181818181,275,11,0.038461538461538464,12451161.0,42064.73310810811,296,60000,0.58624,0.5725
cifar,trainUval,densenet,20,31,a1,1e-06,1e-06,313,2.0129032258064514,1123412.0,7439.814569536424,151,4,0.025806451612903226,6180558.0,39117.45569620253,158,60000,0.85132,0.7809
cifar,trainUval,densenet,20,58,a1,1e-06,1e-06,244,2.025,232714.0,2023.6,115,5,0.041666666666666664,3863140.0,31154.354838709678,124,60000,0.9878,0.843
cifar,trainUval,densenet,20,90,a1,1e-06,1e-06,287,2.028368794326241,225329.0,1669.1037037037038,135,6,0.0425531914893617,4270771.0,29251.85616438356,146,60000,0.96348,0.8361
cifar,trainUval,densenet,20,121,a1,1e-06,1e-06,542,2.0338345864661656,225757.0,885.321568627451,255,11,0.041353383458646614,4155832.0,15057.36231884058,276,60000,0.99748,0.8646
cifar,trainUval,densenet,20,167,a1,1e-06,1e-06,296,2.006802721088435,154642.0,1073.9027777777778,144,3,0.02040816326530612,3538863.0,23750.758389261744,149,60000,0.96384,0.8435
cifar,trainUval,densenet,20,190,a1,1e-06,1e-06,349,2.0350877192982457,154115.0,945.4907975460122,163,8,0.04678362573099415,3397230.0,19085.56179775281,178,60000,0.97628,0.8558
cifar,trainUval,resnet,20,13,a1,1e-06,1e-06,266,2.007575757575758,421464.0,3267.1627906976746,129,3,0.022727272727272728,5208764.0,38871.37313432836,134,60000,0.78374,0.7393
cifar,trainUval,resnet,20,17,a1,1e-06,1e-06,255,2.032,665909.0,5549.241666666667,120,5,0.04,4879719.0,37536.3,130,60000,0.81926,0.7725
cifar,trainUval,resnet,20,57,a1,1e-06,1e-06,197,2.0,765000.0,7968.75,96,2,0.02040816326530612,3425098.0,34596.9494949495,99,60000,0.9633,0.8366
cifar,trainUval,resnet,20,87,a1,1e-06,1e-06,239,2.0,475169.0,4061.2735042735044,117,2,0.01680672268907563,3789642.0,31580.35,120,60000,0.932,0.8197
cifar,trainUval,resnet,20,124,a1,1e-06,1e-06,250,2.0080645161290325,214815.0,1760.77868852459,122,2,0.016129032258064516,2111313.0,16756.45238095238,126,60000,0.99494,0.8561
cifar,trainUval,resnet,20,141,a1,1e-06,1e-06,267,2.030534351145038,155341.0,1242.728,125,6,0.04580152671755725,1465721.0,10777.360294117647,136,60000,0.99972,0.8641
cifar,trainUval,resnet,20,168,a1,1e-06,1e-06,254,2.007936507936508,155848.0,1267.0569105691056,123,3,0.023809523809523808,3002456.0,23456.6875,128,60000,0.94994,0.8323
cifar,trainUval,resnet,20,198,a1,1e-06,1e-06,307,2.053691275167785,161185.0,1159.6043165467627,139,10,0.06711409395973154,3310947.0,20955.36075949367,158,60000,0.96154,0.8357
cifar,trainUval,densenet,20,16,a1,1e-06,1e-06,359,2.034090909090909,878613.0,5229.839285714285,168,8,0.045454545454545456,7402523.0,40450.94535519126,183,60000,0.82494,0.7735
cifar,trainUval,densenet,20,34,a1,1e-06,1e-06,280,2.0217391304347827,852839.0,6412.3233082706765,133,5,0.036231884057971016,5524898.0,38907.7323943662,142,60000,0.85462,0.7817
cifar,trainUval,densenet,20,62,a1,1e-06,1e-06,250,2.0080645161290325,149441.0,1235.0495867768595,121,3,0.024193548387096774,3530687.0,28021.325396825396,126,60000,0.9943,0.8471
cifar,trainUval,densenet,20,92,a1,1e-06,1e-06,268,2.0538461538461537,216570.0,1775.1639344262296,122,8,0.06153846153846154,4328206.0,31363.8115942029,138,60000,0.95358,0.8302
cifar,trainUval,densenet,20,131,a1,1e-06,1e-06,705,2.046511627906977,234313.0,718.7515337423313,326,18,0.05232558139534884,3158218.0,8748.526315789473,361,60000,0.99942,0.8708
cifar,trainUval,densenet,20,161,a1,1e-06,1e-06,305,2.026666666666667,170927.0,1186.9930555555557,144,6,0.04,4039070.0,26058.516129032258,155,60000,0.96078,0.846
cifar,trainUval,densenet,20,181,a1,1e-06,1e-06,312,2.0194805194805197,117278.0,787.1006711409397,149,5,0.032467532467532464,3384159.0,21418.727848101265,158,60000,0.96922,0.8413
cifar,trainUval,resnet,20,8,a1,1e-06,1e-06,298,2.0067567567567566,985139.0,6794.062068965517,145,3,0.02027027027027027,5868360.0,39122.4,150,60000,0.78842,0.7501
cifar,trainUval,resnet,20,19,a1,1e-06,1e-06,265,2.015267175572519,649610.0,5115.03937007874,127,4,0.030534351145038167,5203117.0,38829.23134328358,134,60000,0.84254,0.791
cifar,trainUval,resnet,20,59,a1,1e-06,1e-06,170,2.011904761904762,433759.0,5355.049382716049,81,3,0.03571428571428571,2617074.0,30431.093023255813,86,60000,0.97358,0.8412
cifar,trainUval,resnet,20,92,a1,1e-06,1e-06,234,2.026086956521739,304553.0,2768.663636363636,110,5,0.043478260869565216,3467617.0,29139.638655462186,119,60000,0.9391,0.8209
cifar,trainUval,resnet,20,117,a1,1e-06,1e-06,219,2.0185185185185186,170600.0,1640.3846153846155,104,4,0.037037037037037035,2128500.0,19175.675675675677,111,60000,0.98568,0.8464
cifar,trainUval,resnet,20,154,a1,1e-06,1e-06,208,2.0294117647058822,242834.0,2503.443298969072,97,5,0.049019607843137254,2962858.0,27951.490566037737,106,60000,0.92252,0.8121
cifar,trainUval,resnet,20,166,a1,1e-06,1e-06,197,2.020618556701031,112462.0,1209.268817204301,93,4,0.041237113402061855,2542967.0,25429.67,100,60000,0.93758,0.8237
cifar,trainUval,densenet,20,17,a1,1e-06,1e-06,393,2.020618556701031,880180.0,4681.808510638298,188,6,0.030927835051546393,8151757.0,40963.60301507538,199,60000,0.82978,0.7672
cifar,trainUval,densenet,20,26,a1,1e-06,1e-06,334,2.0304878048780486,800997.0,5101.891719745223,157,7,0.042682926829268296,6443062.0,37900.364705882355,170,60000,0.92282,0.8139
cifar,trainUval,densenet,20,56,a1,1e-06,1e-06,283,2.028776978417266,133083.0,1000.624060150376,133,6,0.04316546762589928,4681961.0,32513.618055555555,144,60000,0.98054,0.8416
cifar,trainUval,densenet,20,93,a1,1e-06,1e-06,292,2.0492957746478875,253535.0,1892.05223880597,134,8,0.056338028169014086,4813568.0,32090.453333333335,150,60000,0.95706,0.837
cifar,trainUval,densenet,20,125,a1,1e-06,1e-06,673,2.0425531914893615,266997.0,853.0255591054313,313,16,0.0486322188449848,3938321.0,11448.607558139534,344,60000,0.99836,0.8659
cifar,trainUval,densenet,20,160,a1,1e-06,1e-06,273,2.0148148148148146,119929.0,915.4885496183206,131,4,0.02962962962962963,3886698.0,28164.478260869564,138,60000,0.94022,0.8277
cifar,trainUval,densenet,20,187,a1,1e-06,1e-06,297,2.0413793103448277,175891.0,1283.8759124087592,137,8,0.05517241379310345,3068283.0,20186.072368421053,152,60000,0.97474,0.8487
cifar,trainUval,resnet,20,10,a1,1e-06,1e-06,314,2.0193548387096776,779884.0,5164.794701986755,151,4,0.025806451612903226,6406254.0,40290.90566037736,159,60000,0.80658,0.7611
cifar,trainUval,resnet,20,18,a1,1e-06,1e-06,276,2.0522388059701493,561532.0,4456.603174603175,126,8,0.05970149253731343,5341761.0,37618.035211267605,142,60000,0.82292,0.7717
cifar,trainUval,resnet,20,54,a1,1e-06,1e-06,273,2.0148148148148146,671733.0,5127.732824427481,131,4,0.02962962962962963,4689644.0,33982.92753623189,138,60000,0.95254,0.8315
cifar,trainUval,resnet,20,88,a1,1e-06,1e-06,270,2.0074626865671643,700396.0,5346.534351145038,131,3,0.022388059701492536,4271804.0,31410.323529411766,136,60000,0.93192,0.8212
cifar,trainUval,resnet,20,127,a1,1e-06,1e-06,173,2.023529411764706,177160.0,2187.1604938271603,81,4,0.047058823529411764,1284660.0,14598.40909090909,88,60000,0.99686,0.8576
cifar,trainUval,resnet,20,147,a1,1e-06,1e-06,278,2.036764705882353,142025.0,1092.5,130,6,0.04411764705882353,1597721.0,11251.55633802817,142,60000,0.99978,0.8655
cifar,trainUval,resnet,20,180,a1,1e-06,1e-06,214,2.048076923076923,153105.0,1578.4020618556701,97,7,0.0673076923076923,2548826.0,23171.145454545454,110,60000,0.96328,0.8354
cifar,trainUval,densenet,20,22,a1,1e-06,1e-06,302,2.0337837837837838,939514.0,6663.219858156029,141,7,0.0472972972972973,5863543.0,38074.954545454544,154,60000,0.8782,0.7945
cifar,trainUval,densenet,20,45,a1,1e-06,1e-06,305,2.0,789237.0,5261.58,150,2,0.013157894736842105,5624709.0,36762.80392156863,153,60000,0.9211,0.8124
cifar,trainUval,densenet,20,68,a1,1e-06,1e-06,242,2.0083333333333333,116417.0,995.017094017094,117,3,0.025,3148468.0,25807.114754098362,122,60000,0.99722,0.8484
cifar,trainUval,densenet,20,97,a1,1e-06,1e-06,316,2.0063694267515926,104100.0,675.974025974026,154,3,0.01910828025477707,4489318.0,28234.704402515723,159,60000,0.97282,0.8485
cifar,trainUval,densenet,20,126,a1,1e-06,1e-06,632,2.0487012987012987,200523.0,689.0824742268042,291,17,0.05519480519480519,3553716.0,10968.25925925926,324,60000,0.9986,0.8715
cifar,trainUval,densenet,20,150,a1,1e-06,1e-06,827,2.0598503740648377,264677.0,700.2037037037037,378,23,0.057356608478802994,3362733.0,7893.739436619719,426,60000,0.9999,0.8752
cifar,trainUval,densenet,20,175,a1,1e-06,1e-06,313,2.0392156862745097,161413.0,1113.193103448276,145,8,0.05228758169934641,3630198.0,22688.7375,160,60000,0.96776,0.8485
cifar,trainUval,resnet,20,1,a1,1e-06,1e-06,517,2.015625,2777481.0,11065.661354581673,251,5,0.01953125,11199095.0,42908.40996168582,261,60000,0.492,0.4807
cifar,trainUval,resnet,20,36,a1,1e-06,1e-06,287,2.0,432913.0,3070.304964539007,141,2,0.013986013986013986,5147943.0,35749.604166666664,144,60000,0.86232,0.798
cifar,trainUval,resnet,20,74,a1,1e-06,1e-06,266,2.0384615384615383,389974.0,3170.520325203252,123,7,0.05384615384615385,4699133.0,34552.44852941176,136,60000,0.90912,0.8113
cifar,trainUval,resnet,20,110,a1,1e-06,1e-06,174,1.9885057471264367,186473.0,2168.2906976744184,86,1,0.011494252873563218,2163071.0,24862.885057471263,87,60000,0.96668,0.8349
cifar,trainUval,resnet,20,133,a1,1e-06,1e-06,238,2.0084745762711864,212241.0,1845.5739130434783,115,3,0.025423728813559324,1554102.0,12950.85,120,60000,0.9989,0.8612
cifar,trainUval,resnet,20,145,a1,1e-06,1e-06,253,2.032258064516129,197228.0,1657.3781512605042,119,5,0.04032258064516129,1364932.0,10580.868217054263,129,60000,0.99974,0.8628
cifar,trainUval,resnet,20,173,a1,1e-06,1e-06,232,2.008695652173913,137612.0,1228.6785714285713,112,3,0.02608695652173913,3099409.0,26490.675213675215,117,60000,0.94298,0.8218
cifar,trainUval,densenet,20,19,a1,1e-06,1e-06,311,2.052980132450331,757268.0,5370.695035460993,141,10,0.06622516556291391,6447192.0,40294.95,160,60000,0.84888,0.7799
cifar,trainUval,densenet,20,38,a1,1e-06,1e-06,251,2.032520325203252,632462.0,5405.65811965812,117,6,0.04878048780487805,4777287.0,37322.5546875,128,60000,0.88806,0.8012
cifar,trainUval,densenet,20,69,a1,1e-06,1e-06,234,1.9914529914529915,140782.0,1213.6379310344828,116,1,0.008547008547008548,3094260.0,26446.666666666668,117,60000,0.99728,0.8496
cifar,trainUval,densenet,20,96,a1,1e-06,1e-06,288,2.0211267605633805,211058.0,1540.5693430656934,137,5,0.035211267605633804,4080405.0,27947.979452054795,146,60000,0.97416,0.846
cifar,trainUval,densenet,20,129,a1,1e-06,1e-06,712,2.066860465116279,282942.0,884.19375,320,24,0.06976744186046512,3575291.0,9715.464673913044,368,60000,0.99924,0.8679
cifar,trainUval,densenet,20,166,a1,1e-06,1e-06,318,2.0451612903225804,151906.0,1040.4520547945206,146,9,0.05806451612903226,4406027.0,27030.840490797545,163,60000,0.9286,0.8119
cifar,trainUval,densenet,20,178,a1,1e-06,1e-06,302,2.0201342281879193,125928.0,874.5,144,5,0.03355704697986577,3406871.0,22267.13071895425,153,60000,0.96674,0.8425
cifar,trainUval,resnet,20,0,a1,1e-06,1e-06,2901,2.149740548554485,7478967.0,6322.034657650042,1183,166,0.12305411415863603,82220830.0,52977.338917525776,1552,60000,0.1,0.1
cifar,trainUval,resnet,20,35,a1,1e-06,1e-06,261,2.03125,830848.0,6810.229508196721,122,6,0.046875,4599236.0,34580.721804511275,133,60000,0.855,0.7924
cifar,trainUval,resnet,20,63,a1,1e-06,1e-06,118,1.9830508474576272,454770.0,7840.862068965517,58,1,0.01694915254237288,1717208.0,29105.22033898305,59,60000,0.98448,0.8457
cifar,trainUval,resnet,20,100,a1,1e-06,1e-06,247,2.0163934426229506,354030.0,2975.0420168067226,119,3,0.02459016393442623,3660994.0,29287.952,125,60000,0.96114,0.8363
cifar,trainUval,resnet,20,128,a1,1e-06,1e-06,236,2.0085470085470085,176283.0,1546.342105263158,114,3,0.02564102564102564,1793847.0,15074.344537815126,119,60000,0.99734,0.8602
cifar,trainUval,resnet,20,142,a1,1e-06,1e-06,265,2.015267175572519,246329.0,1939.5984251968505,127,4,0.030534351145038167,1426161.0,10642.992537313432,134,60000,0.99974,0.8637
cifar,trainUval,resnet,20,162,a1,1e-06,1e-06,251,2.0161290322580645,175948.0,1466.2333333333333,120,4,0.03225806451612903,3330235.0,26222.32283464567,127,60000,0.93898,0.8233
cifar,trainUval,densenet,20,23,a1,1e-06,1e-06,303,2.013333333333333,763004.0,5226.054794520548,146,4,0.02666666666666667,5787909.0,37829.470588235294,153,60000,0.89836,0.805
cifar,trainUval,densenet,20,42,a1,1e-06,1e-06,337,2.036363636363636,906286.0,5772.522292993631,157,8,0.048484848484848485,6216797.0,36144.16860465116,172,60000,0.91826,0.8185
cifar,trainUval,densenet,20,63,a1,1e-06,1e-06,255,2.032,145355.0,1211.2916666666667,120,5,0.04,3466880.0,26668.30769230769,130,60000,0.99504,0.8479
cifar,trainUval,densenet,20,107,a1,1e-06,1e-06,391,2.0103092783505154,147210.0,774.7894736842105,190,4,0.020618556701030927,4538357.0,23037.345177664974,197,60000,0.98446,0.847
cifar,trainUval,densenet,20,143,a1,1e-06,1e-06,801,2.056555269922879,295541.0,807.4890710382514,366,23,0.05912596401028278,3321608.0,8062.155339805825,412,60000,0.99988,0.8755
cifar,trainUval,densenet,20,163,a1,1e-06,1e-06,227,2.0,125329.0,1129.0900900900901,111,2,0.017699115044247787,2792453.0,24495.201754385966,114,60000,0.95574,0.8391
cifar,trainUval,densenet,20,182,a1,1e-06,1e-06,313,2.0259740259740258,174244.0,1177.3243243243244,148,6,0.03896103896103896,3272937.0,20584.509433962263,159,60000,0.96946,0.8493
cifar,trainUval,resnet,20,5,a1,1e-06,1e-06,341,2.0238095238095237,1328185.0,8198.672839506173,162,6,0.03571428571428571,6727470.0,38887.10982658959,173,60000,0.7174,0.6906
cifar,trainUval,resnet,20,30,a1,1e-06,1e-06,274,2.0073529411764706,543051.0,4083.09022556391,133,3,0.022058823529411766,4985838.0,36129.260869565216,138,60000,0.92048,0.8275
cifar,trainUval,resnet,20,68,a1,1e-06,1e-06,106,1.9811320754716981,440878.0,8478.423076923076,52,1,0.018867924528301886,1512782.0,28543.056603773584,53,60000,0.9896,0.8442
cifar,trainUval,resnet,20,93,a1,1e-06,1e-06,243,2.0,274485.0,2306.5966386554624,119,2,0.01652892561983471,3550284.0,29100.688524590165,122,60000,0.94996,0.8291
cifar,trainUval,resnet,20,130,a1,1e-06,1e-06,235,2.0172413793103448,123091.0,1099.0267857142858,112,4,0.034482758620689655,1745850.0,14671.008403361344,119,60000,0.99844,0.8611
cifar,trainUval,resnet,20,144,a1,1e-06,1e-06,259,2.0476190476190474,172704.0,1463.593220338983,118,8,0.06349206349206349,1473691.0,11080.383458646616,133,60000,0.9997,0.8657
cifar,trainUval,resnet,20,163,a1,1e-06,1e-06,245,2.0,188393.0,1569.9416666666666,120,2,0.01639344262295082,3249731.0,26420.577235772358,123,60000,0.94592,0.8252
cifar,trainUval,densenet,20,4,a1,1e-06,1e-06,524,2.0509803921568626,2209430.0,9167.759336099585,241,14,0.054901960784313725,11936266.0,44372.736059479554,269,60000,0.68248,0.6535
cifar,trainUval,densenet,20,39,a1,1e-06,1e-06,262,2.0390625,594009.0,4909.165289256199,121,7,0.0546875,5073488.0,37861.850746268654,134,60000,0.90312,0.8136
cifar,trainUval,densenet,20,66,a1,1e-06,1e-06,228,2.0088495575221237,166303.0,1511.8454545454545,110,3,0.02654867256637168,2887931.0,25112.44347826087,115,60000,0.99666,0.8494
cifar,trainUval,densenet,20,101,a1,1e-06,1e-06,339,2.011904761904762,131308.0,800.6585365853658,164,4,0.023809523809523808,4378287.0,25604.01754385965,171,60000,0.98064,0.8467
cifar,trainUval,densenet,20,137,a1,1e-06,1e-06,805,2.0510204081632653,274263.0,739.2533692722373,371,21,0.05357142857142857,3589091.0,8690.292978208232,413,60000,0.99978,0.874
cifar,trainUval,densenet,20,157,a1,1e-06,1e-06,269,2.0150375939849625,154043.0,1184.946153846154,130,3,0.022556390977443608,3565703.0,26218.404411764706,136,60000,0.95186,0.8375
cifar,trainUval,densenet,20,176,a1,1e-06,1e-06,316,2.032258064516129,211797.0,1431.0608108108108,148,7,0.04516129032258064,3779069.0,23472.478260869564,161,60000,0.9702,0.8464
cifar,trainUval,resnet,20,3,a1,1e-06,1e-06,322,1.9937888198757765,1502309.0,9389.43125,160,1,0.006211180124223602,6597976.0,40981.217391304344,161,60000,0.6326,0.617
cifar,trainUval,resnet,20,33,a1,1e-06,1e-06,279,2.0144927536231885,620551.0,4630.977611940299,134,4,0.028985507246376812,5144345.0,36484.716312056735,141,60000,0.82208,0.7685
cifar,trainUval,resnet,20,64,a1,1e-06,1e-06,111,2.0,319765.0,6033.301886792453,53,2,0.03636363636363636,1600126.0,28573.678571428572,56,60000,0.98522,0.8418
cifar,trainUval,resnet,20,109,a1,1e-06,1e-06,207,2.0,142579.0,1411.6732673267327,101,2,0.019417475728155338,2836768.0,27276.615384615383,104,60000,0.97554,0.8389
cifar,trainUval,resnet,20,121,a1,1e-06,1e-06,232,2.008695652173913,189179.0,1689.0982142857142,112,3,0.02608695652173913,2271152.0,19411.555555555555,117,60000,0.99174,0.8538
cifar,trainUval,resnet,20,156,a1,1e-06,1e-06,223,2.018181818181818,119728.0,1129.5094339622642,106,4,0.03636363636363636,3172117.0,28071.83185840708,113,60000,0.9271,0.8138
cifar,trainUval,resnet,20,179,a1,1e-06,1e-06,232,2.008695652173913,175513.0,1567.080357142857,112,3,0.02608695652173913,2689276.0,22985.264957264957,117,60000,0.949,0.8277
cifar,trainUval,densenet,20,10,a1,1e-06,1e-06,438,2.013824884792627,1127000.0,5316.037735849057,212,5,0.02304147465437788,9299744.0,42080.28959276018,221,60000,0.80224,0.7419
cifar,trainUval,densenet,20,28,a1,1e-06,1e-06,302,2.0337837837837838,862601.0,6117.737588652482,141,7,0.0472972972972973,5782182.0,37546.63636363636,154,60000,0.9328,0.8186
cifar,trainUval,densenet,20,73,a1,1e-06,1e-06,287,2.072463768115942,476735.0,3783.6111111111113,126,12,0.08695652173913043,5174617.0,34728.973154362415,149,60000,0.91884,0.8111
cifar,trainUval,densenet,20,102,a1,1e-06,1e-06,322,2.018867924528302,197499.0,1282.4610389610389,154,5,0.031446540880503145,4424417.0,27143.662576687115,163,60000,0.97562,0.8453
cifar,trainUval,densenet,20,136,a1,1e-06,1e-06,758,2.073972602739726,214301.0,635.9080118694362,337,28,0.07671232876712329,3397235.0,8644.363867684478,393,60000,0.9998,0.8732
cifar,trainUval,densenet,20,151,a1,1e-06,1e-06,217,2.0377358490566038,256669.0,2566.69,100,6,0.05660377358490566,3281130.0,29559.72972972973,111,60000,0.9184,0.8183
cifar,trainUval,densenet,20,180,a1,1e-06,1e-06,314,2.0592105263157894,141229.0,987.6153846153846,143,9,0.05921052631578947,3239481.0,19996.796296296296,162,60000,0.97328,0.852
cifar,trainUval,resnet,20,6,a1,1e-06,1e-06,289,2.0,1040913.0,7330.37323943662,142,2,0.013888888888888888,5634469.0,38858.40689655172,145,60000,0.74282,0.7149
cifar,trainUval,resnet,20,39,a1,1e-06,1e-06,336,2.0303030303030303,632909.0,3980.5597484276727,159,6,0.03636363636363636,6375474.0,37283.47368421053,171,60000,0.8632,0.7866
cifar,trainUval,resnet,20,86,a1,1e-06,1e-06,284,2.00709219858156,313694.0,2273.144927536232,138,3,0.02127659574468085,4418700.0,30900.0,143,60000,0.93706,0.8286
cifar,trainUval,resnet,20,104,a1,1e-06,1e-06,186,2.010869565217391,158485.0,1780.7303370786517,89,3,0.03260869565217391,2526873.0,26881.627659574468,94,60000,0.96448,0.8382
cifar,trainUval,resnet,20,123,a1,1e-06,1e-06,249,2.016260162601626,217230.0,1825.4621848739496,119,4,0.032520325203252036,2150228.0,17065.301587301587,126,60000,0.9941,0.8537
cifar,trainUval,resnet,20,149,a1,1e-06,1e-06,271,2.030075187969925,223245.0,1757.8346456692914,127,6,0.045112781954887216,1439093.0,10428.210144927536,138,60000,0.99976,0.8636
cifar,trainUval,resnet,20,167,a1,1e-06,1e-06,248,2.008130081300813,198589.0,1654.9083333333333,120,3,0.024390243902439025,3274929.0,26199.432,125,60000,0.94722,0.8251
cifar,trainUval,densenet,20,3,a1,1e-06,1e-06,617,2.019672131147541,3419007.0,11473.177852348994,298,7,0.022950819672131147,13328086.0,42718.22435897436,312,60000,0.61074,0.5877
cifar,trainUval,densenet,20,44,a1,1e-06,1e-06,284,2.0214285714285714,713254.0,5283.362962962963,135,5,0.03571428571428571,5292176.0,36751.22222222222,144,60000,0.91978,0.8176
cifar,trainUval,densenet,20,72,a1,1e-06,1e-06,280,2.0217391304347827,668551.0,5026.699248120301,133,5,0.036231884057971016,5143932.0,36224.873239436616,142,60000,0.9068,0.8019
cifar,trainUval,densenet,20,105,a1,1e-06,1e-06,350,2.0409356725146197,118901.0,729.4539877300614,163,8,0.04678362573099415,4277522.0,23896.77094972067,179,60000,0.98298,0.8492
cifar,trainUval,densenet,20,139,a1,1e-06,1e-06,823,2.0601503759398496,282016.0,752.0426666666667,375,24,0.06015037593984962,3490706.0,8232.797169811322,424,60000,0.99984,0.8728
cifar,trainUval,densenet,20,154,a1,1e-06,1e-06,278,2.051851851851852,239456.0,1900.4444444444443,126,9,0.06666666666666667,4369333.0,30554.776223776225,143,60000,0.93066,0.8241
cifar,trainUval,densenet,20,172,a1,1e-06,1e-06,298,2.0342465753424657,179685.0,1292.6978417266187,139,7,0.04794520547945205,3535281.0,23258.427631578947,152,60000,0.9656,0.8432
cifar,trainUval,resnet,20,12,a1,1e-06,1e-06,301,2.0134228187919465,1060724.0,7315.337931034483,145,4,0.026845637583892617,5827856.0,38341.15789473684,152,60000,0.74782,0.7113
cifar,trainUval,resnet,20,50,a1,1e-06,1e-06,239,2.0,790283.0,6754.555555555556,117,2,0.01680672268907563,4214621.0,35121.84166666667,120,60000,0.9299,0.8221
cifar,trainUval,resnet,20,69,a1,1e-06,1e-06,106,1.9811320754716981,403172.0,7753.307692307692,52,1,0.018867924528301886,1591566.0,30029.54716981132,53,60000,0.98984,0.8448
cifar,trainUval,resnet,20,103,a1,1e-06,1e-06,235,2.034782608695652,232503.0,2133.0550458715597,109,6,0.05217391304347826,3231275.0,26927.291666666668,120,60000,0.96506,0.8399
cifar,trainUval,resnet,20,118,a1,1e-06,1e-06,183,2.022222222222222,107739.0,1252.7790697674418,86,4,0.044444444444444446,1927512.0,20725.935483870966,93,60000,0.9841,0.8455
cifar,trainUval,resnet,20,138,a1,1e-06,1e-06,270,2.037878787878788,191719.0,1533.752,125,7,0.05303030303030303,1582516.0,11467.507246376812,138,60000,0.99948,0.8659
cifar,trainUval,resnet,20,161,a1,1e-06,1e-06,262,2.0076923076923077,170081.0,1339.2204724409448,127,3,0.023076923076923078,3532961.0,26764.85606060606,132,60000,0.94256,0.829
cifar,trainUval,densenet,20,14,a1,1e-06,1e-06,373,2.0327868852459017,951549.0,5437.4228571428575,175,8,0.04371584699453552,8074527.0,42497.51052631579,190,60000,0.7859,0.7404
cifar,trainUval,densenet,20,32,a1,1e-06,1e-06,330,2.0308641975308643,983961.0,6348.135483870968,155,7,0.043209876543209874,6703641.0,39902.625,168,60000,0.85412,0.7742
cifar,trainUval,densenet,20,77,a1,1e-06,1e-06,269,2.0303030303030303,516237.0,4097.119047619048,126,6,0.045454545454545456,4573576.0,33383.766423357665,137,60000,0.9362,0.8172
cifar,trainUval,densenet,20,119,a1,1e-06,1e-06,596,2.037671232876712,210703.0,755.2078853046595,279,13,0.04452054794520548,4988507.0,16409.5625,304,60000,0.99594,0.8625
cifar,trainUval,densenet,20,133,a1,1e-06,1e-06,778,2.028720626631854,252196.0,681.6108108108108,370,13,0.033942558746736295,3471542.0,8788.713924050633,395,60000,0.99976,0.873
cifar,trainUval,densenet,20,158,a1,1e-06,1e-06,277,2.0294117647058822,175627.0,1350.9769230769232,130,6,0.04411764705882353,4049142.0,28717.31914893617,141,60000,0.94334,0.8281
cifar,trainUval,densenet,20,170,a1,1e-06,1e-06,324,2.0443037974683542,198823.0,1334.3825503355704,149,9,0.056962025316455694,3883216.0,23392.86746987952,166,60000,0.9564,0.8331
cifar,trainUval,resnet,20,11,a1,1e-06,1e-06,291,2.013888888888889,916301.0,6545.007142857143,140,4,0.027777777777777776,5698662.0,38766.4081632653,147,60000,0.74326,0.709
cifar,trainUval,resnet,20,40,a1,1e-06,1e-06,297,2.0136054421768708,567265.0,3966.888111888112,143,4,0.027210884353741496,5136200.0,34241.333333333336,150,60000,0.8865,0.8067
cifar,trainUval,resnet,20,76,a1,1e-06,1e-06,275,2.0296296296296297,609010.0,4684.692307692308,130,5,0.037037037037037035,4790687.0,34219.19285714286,140,60000,0.90526,0.8085
cifar,trainUval,resnet,20,106,a1,1e-06,1e-06,199,2.0,182365.0,1880.0515463917525,97,2,0.020202020202020204,2848609.0,28486.09,100,60000,0.96248,0.8327
cifar,trainUval,resnet,20,120,a1,1e-06,1e-06,187,2.0,119475.0,1312.9120879120878,91,2,0.021505376344086023,1655290.0,17609.468085106382,94,60000,0.98932,0.8506
cifar,trainUval,resnet,20,139,a1,1e-06,1e-06,250,2.024390243902439,147948.0,1243.2605042016808,119,4,0.032520325203252036,1338627.0,10540.370078740158,127,60000,0.99954,0.8657
cifar,trainUval,resnet,20,177,a1,1e-06,1e-06,260,2.0234375,168906.0,1373.219512195122,123,5,0.0390625,3288534.0,24913.136363636364,132,60000,0.95046,0.8276
cifar,trainUval,densenet,20,21,a1,1e-06,1e-06,344,2.0058479532163744,906047.0,5393.136904761905,168,3,0.017543859649122806,6733822.0,38923.826589595374,173,60000,0.8744,0.7935
cifar,trainUval,densenet,20,27,a1,1e-06,1e-06,312,2.0194805194805197,619258.0,4156.093959731544,149,5,0.032467532467532464,5986913.0,37891.854430379746,158,60000,0.92928,0.8185
cifar,trainUval,densenet,20,83,a1,1e-06,1e-06,263,2.0153846153846153,373442.0,2963.8253968253966,126,4,0.03076923076923077,4142911.0,31149.706766917294,133,60000,0.93724,0.8218
cifar,trainUval,densenet,20,113,a1,1e-06,1e-06,406,2.0351758793969847,120018.0,628.3664921465969,191,8,0.04020100502512563,3966353.0,19161.125603864733,207,60000,0.9916,0.8591
cifar,trainUval,densenet,20,142,a1,1e-06,1e-06,815,2.0503778337531484,193578.0,514.8351063829788,376,21,0.05289672544080604,3378550.0,8082.655502392345,418,60000,0.99986,0.8744
cifar,trainUval,densenet,20,152,a1,1e-06,1e-06,240,2.008403361344538,241076.0,2078.2413793103447,116,3,0.025210084033613446,3483726.0,28791.12396694215,121,60000,0.9232,0.8182
cifar,trainUval,densenet,20,171,a1,1e-06,1e-06,360,2.0282485875706215,152259.0,895.6411764705882,170,7,0.03954802259887006,4647876.0,25398.22950819672,183,60000,0.96238,0.8369
cifar,trainUval,resnet,20,9,a1,1e-06,1e-06,281,2.014388489208633,843041.0,6244.748148148148,135,4,0.02877697841726619,5522180.0,38888.59154929577,142,60000,0.80186,0.753
cifar,trainUval,resnet,20,44,a1,1e-06,1e-06,288,2.006993006993007,905395.0,6467.107142857143,140,3,0.02097902097902098,4786016.0,33007.00689655173,145,60000,0.90294,0.8153
cifar,trainUval,resnet,20,85,a1,1e-06,1e-06,291,2.027972027972028,392050.0,2861.6788321167883,137,6,0.04195804195804196,4746869.0,32073.43918918919,148,60000,0.9331,0.8219
cifar,trainUval,resnet,20,99,a1,1e-06,1e-06,214,1.9906542056074767,257225.0,2426.6509433962265,106,1,0.009345794392523364,3042193.0,28431.71028037383,107,60000,0.95556,0.8324
cifar,trainUval,resnet,20,125,a1,1e-06,1e-06,253,2.016,165920.0,1371.2396694214876,121,4,0.032,2082966.0,16273.171875,128,60000,0.99552,0.8544
cifar,trainUval,resnet,20,155,a1,1e-06,1e-06,221,2.0,131580.0,1218.3333333333333,108,2,0.01818181818181818,3051778.0,27493.495495495496,111,60000,0.9266,0.8206
cifar,trainUval,resnet,20,174,a1,1e-06,1e-06,301,2.027027027027027,107138.0,754.4929577464789,142,6,0.04054054054054054,4028651.0,26331.0522875817,153,60000,0.94108,0.8231
cifar,trainUval,densenet,20,8,a1,1e-06,1e-06,436,2.032710280373832,1442373.0,7035.965853658537,205,9,0.04205607476635514,9503046.0,42806.51351351351,222,60000,0.78604,0.7322
cifar,trainUval,densenet,20,48,a1,1e-06,1e-06,250,2.0578512396694215,493173.0,4403.330357142857,112,9,0.0743801652892562,4389694.0,34028.635658914725,129,60000,0.94812,0.8284
cifar,trainUval,densenet,20,95,a1,1e-06,1e-06,289,2.013986013986014,136559.0,982.4388489208633,139,4,0.027972027972027972,4154042.0,28452.342465753423,146,60000,0.97096,0.8431
cifar,trainUval,densenet,20,115,a1,1e-06,1e-06,432,2.042654028436019,198139.0,985.7661691542288,201,10,0.04739336492890995,4195623.0,18984.719457013576,221,60000,0.99214,0.858
cifar,trainUval,densenet,20,127,a1,1e-06,1e-06,666,2.039877300613497,257212.0,824.3974358974359,312,14,0.04294478527607362,3594232.0,10571.270588235295,340,60000,0.99908,0.8709
cifar,trainUval,densenet,20,156,a1,1e-06,1e-06,270,2.0692307692307694,135998.0,1142.8403361344538,119,11,0.08461538461538462,4112554.0,29375.385714285716,140,60000,0.9358,0.8208
cifar,trainUval,densenet,20,183,a1,1e-06,1e-06,290,2.035211267605634,137305.0,1009.5955882352941,136,6,0.04225352112676056,3200729.0,21626.547297297297,148,60000,0.96692,0.8444
cifar,trainUval,resnet,20,15,a1,1e-06,1e-06,294,2.063380281690141,681529.0,5086.037313432836,134,8,0.056338028169014086,5651316.0,37179.71052631579,152,60000,0.79316,0.7512
cifar,trainUval,resnet,20,62,a1,1e-06,1e-06,118,1.9830508474576272,508033.0,8759.189655172413,58,1,0.01694915254237288,1818401.0,30820.35593220339,59,60000,0.98224,0.8425
cifar,trainUval,resnet,20,82,a1,1e-06,1e-06,269,2.045801526717557,571778.0,4648.6016260162605,123,8,0.061068702290076333,4440554.0,32177.927536231884,138,60000,0.92996,0.8222
cifar,trainUval,resnet,20,97,a1,1e-06,1e-06,258,2.0078125,369024.0,2952.192,125,3,0.0234375,3719461.0,28611.23846153846,130,60000,0.9525,0.8302
cifar,trainUval,resnet,20,114,a1,1e-06,1e-06,154,2.04,181387.0,2591.2428571428572,70,5,0.06666666666666667,1802648.0,22818.32911392405,79,60000,0.9809,0.8448
cifar,trainUval,resnet,20,143,a1,1e-06,1e-06,271,2.030075187969925,157693.0,1241.6771653543308,127,6,0.045112781954887216,1509780.0,10940.434782608696,138,60000,0.99974,0.8645
cifar,trainUval,resnet,20,183,a1,1e-06,1e-06,322,2.00625,154072.0,981.3503184713376,157,3,0.01875,3524170.0,21754.135802469136,162,60000,0.9629,0.8329
cifar,trainUval,densenet,20,15,a1,1e-06,1e-06,317,2.0127388535031847,1246833.0,8149.235294117647,153,4,0.025477707006369428,6431335.0,40195.84375,160,60000,0.79922,0.7518
cifar,trainUval,densenet,20,49,a1,1e-06,1e-06,222,2.0090909090909093,520132.0,4861.046728971963,107,3,0.02727272727272727,3815127.0,34063.63392857143,112,60000,0.94834,0.8297
cifar,trainUval,densenet,20,78,a1,1e-06,1e-06,245,2.0165289256198347,347641.0,2946.1101694915255,118,3,0.024793388429752067,4110486.0,33149.08064516129,124,60000,0.94072,0.8333
cifar,trainUval,densenet,20,112,a1,1e-06,1e-06,417,2.029268292682927,96712.0,490.9238578680203,197,8,0.03902439024390244,4257946.0,20084.650943396227,212,60000,0.98932,0.8511
cifar,trainUval,densenet,20,124,a1,1e-06,1e-06,648,2.0345911949685536,264649.0,864.8660130718954,306,12,0.03773584905660377,4000345.0,12122.257575757576,330,60000,0.99802,0.8665
cifar,trainUval,densenet,20,148,a1,1e-06,1e-06,859,2.0428571428571427,270611.0,674.8403990024938,401,19,0.04523809523809524,3478673.0,7924.084282460137,439,60000,0.9999,0.8731
cifar,trainUval,densenet,20,188,a1,1e-06,1e-06,347,2.0352941176470587,139500.0,861.1111111111111,162,8,0.047058823529411764,3898365.0,22024.661016949154,177,60000,0.96992,0.8433
cifar,trainUval,resnet,20,26,a1,1e-06,1e-06,315,2.0258064516129033,774302.0,5196.657718120805,149,6,0.03870967741935484,5720209.0,35751.30625,160,60000,0.90542,0.8156
cifar,trainUval,resnet,20,45,a1,1e-06,1e-06,299,2.0135135135135136,959596.0,6663.861111111111,144,4,0.02702702702702703,5100605.0,33778.84105960265,151,60000,0.90354,0.8142
cifar,trainUval,resnet,20,80,a1,1e-06,1e-06,266,2.007575757575758,568361.0,4405.899224806201,129,3,0.022727272727272728,4217314.0,31472.492537313432,134,60000,0.91468,0.8179
cifar,trainUval,resnet,20,94,a1,1e-06,1e-06,193,2.0,221556.0,2356.978723404255,94,2,0.020833333333333332,2866180.0,29548.24742268041,97,60000,0.94912,0.8323
cifar,trainUval,resnet,20,119,a1,1e-06,1e-06,170,2.011904761904762,129657.0,1600.7037037037037,81,3,0.03571428571428571,1638885.0,19056.802325581397,86,60000,0.98946,0.8458
cifar,trainUval,resnet,20,153,a1,1e-06,1e-06,238,2.0256410256410255,127163.0,1135.3839285714287,112,5,0.042735042735042736,3416538.0,28235.85123966942,121,60000,0.92772,0.8103
cifar,trainUval,resnet,20,184,a1,1e-06,1e-06,320,2.006289308176101,129900.0,832.6923076923077,156,3,0.018867924528301886,3672747.0,22812.093167701863,161,60000,0.96388,0.8349
cifar,trainUval,densenet,20,18,a1,1e-06,1e-06,291,2.0,821951.0,5747.909090909091,143,2,0.013793103448275862,5946265.0,40727.84246575343,146,60000,0.8368,0.7736
cifar,trainUval,densenet,20,53,a1,1e-06,1e-06,233,2.017391304347826,384577.0,3464.6576576576576,111,4,0.034782608695652174,4011238.0,33993.542372881355,118,60000,0.97152,0.8372
cifar,trainUval,densenet,20,89,a1,1e-06,1e-06,261,2.0155038759689923,178509.0,1428.072,125,4,0.031007751937984496,3999701.0,30300.765151515152,132,60000,0.96026,0.8383
cifar,trainUval,densenet,20,109,a1,1e-06,1e-06,420,2.033980582524272,223481.0,1134.4213197969543,197,9,0.043689320388349516,4727952.0,22093.233644859814,214,60000,0.98506,0.854
cifar,trainUval,densenet,20,122,a1,1e-06,1e-06,589,2.0704225352112675,270108.0,1019.2754716981132,265,19,0.06690140845070422,4410344.0,14460.144262295082,305,60000,0.9979,0.8621
cifar,trainUval,densenet,20,146,a1,1e-06,1e-06,832,2.0467980295566504,210392.0,545.0569948186528,386,20,0.04926108374384237,3435866.0,8065.4131455399065,426,60000,0.99988,0.8741
cifar,trainUval,densenet,20,189,a1,1e-06,1e-06,384,2.0481283422459895,166076.0,938.2824858757062,177,10,0.053475935828877004,4061291.0,20615.69035532995,197,60000,0.97012,0.8489
cifar,trainUval,resnet,20,20,a1,1e-06,1e-06,300,2.0340136054421767,614078.0,4386.271428571428,140,7,0.047619047619047616,5680956.0,37130.43137254902,153,60000,0.85328,0.795
cifar,trainUval,resnet,20,52,a1,1e-06,1e-06,236,2.0258620689655173,950635.0,8564.279279279279,111,5,0.04310344827586207,4160606.0,34671.71666666667,120,60000,0.9421,0.8259
cifar,trainUval,resnet,20,79,a1,1e-06,1e-06,273,2.0,472305.0,3524.6641791044776,134,2,0.014705882352941176,4658483.0,34003.52554744526,137,60000,0.91346,0.8118
cifar,trainUval,resnet,20,101,a1,1e-06,1e-06,212,2.0288461538461537,251435.0,2539.747474747475,99,5,0.04807692307692308,2951960.0,27332.962962962964,108,60000,0.96376,0.8354
cifar,trainUval,resnet,20,115,a1,1e-06,1e-06,172,2.011764705882353,135595.0,1653.5975609756097,82,3,0.03529411764705882,1925711.0,22134.6091954023,87,60000,0.9851,0.8507
cifar,trainUval,resnet,20,137,a1,1e-06,1e-06,274,2.0073529411764706,129394.0,972.8872180451128,133,3,0.022058823529411766,1604686.0,11628.159420289856,138,60000,0.99934,0.8636
cifar,trainUval,resnet,20,194,a1,1e-06,1e-06,342,2.0297619047619047,149526.0,928.7329192546584,161,7,0.041666666666666664,3465651.0,19917.53448275862,174,60000,0.97408,0.8458
cifar,trainUval,densenet,20,20,a1,1e-06,1e-06,257,2.015748031496063,571579.0,4646.983739837398,123,4,0.031496062992125984,5088226.0,39140.2,130,60000,0.86552,0.792
cifar,trainUval,densenet,20,59,a1,1e-06,1e-06,265,2.0625,227879.0,1914.9495798319329,119,9,0.0703125,4359318.0,31819.839416058396,137,60000,0.98814,0.8401
cifar,trainUval,densenet,20,81,a1,1e-06,1e-06,281,2.028985507246377,277172.0,2099.787878787879,132,6,0.043478260869565216,4669475.0,32653.671328671328,143,60000,0.94396,0.8272
cifar,trainUval,densenet,20,118,a1,1e-06,1e-06,494,2.0204918032786887,237244.0,1001.0295358649789,237,7,0.028688524590163935,3958983.0,15835.932,250,60000,0.9936,0.8618
cifar,trainUval,densenet,20,128,a1,1e-06,1e-06,704,2.031791907514451,254191.0,761.0508982035929,334,12,0.03468208092485549,3692207.0,10313.427374301677,358,60000,0.9988,0.8644
cifar,trainUval,densenet,20,147,a1,1e-06,1e-06,807,2.056122448979592,294726.0,796.5567567567567,370,22,0.05612244897959184,3369353.0,8118.922891566265,415,60000,0.99986,0.8751
cifar,trainUval,densenet,20,186,a1,1e-06,1e-06,351,2.0588235294117645,109945.0,695.8544303797469,158,12,0.07058823529411765,3813418.0,21068.60773480663,181,60000,0.96126,0.8371
cifar,trainUval,resnet,20,16,a1,1e-06,1e-06,267,2.015151515151515,752924.0,5882.21875,128,4,0.030303030303030304,5029897.0,37258.496296296296,135,60000,0.81482,0.7744
cifar,trainUval,resnet,20,56,a1,1e-06,1e-06,186,1.989247311827957,628132.0,6827.521739130435,92,1,0.010752688172043012,2928540.0,31489.677419354837,93,60000,0.96268,0.8421
cifar,trainUval,resnet,20,73,a1,1e-06,1e-06,351,2.023121387283237,755186.0,4522.071856287425,167,6,0.03468208092485549,6056991.0,34028.0393258427,178,60000,0.90622,0.8144
cifar,trainUval,resnet,20,96,a1,1e-06,1e-06,184,1.9891304347826086,241781.0,2656.934065934066,91,1,0.010869565217391304,2608515.0,28353.42391304348,92,60000,0.94706,0.8285
cifar,trainUval,resnet,20,113,a1,1e-06,1e-06,192,2.0105263157894737,151434.0,1646.0217391304348,92,3,0.031578947368421054,2112881.0,21782.278350515466,97,60000,0.97938,0.8427
cifar,trainUval,resnet,20,150,a1,1e-06,1e-06,254,2.007936507936508,181895.0,1478.821138211382,123,3,0.023809523809523808,1330381.0,10393.6015625,128,60000,0.99978,0.865
cifar,trainUval,resnet,20,188,a1,1e-06,1e-06,271,2.014925373134328,155905.0,1199.2692307692307,130,4,0.029850746268656716,3038357.0,22177.78832116788,137,60000,0.96588,0.8388
cifar,trainUval,densenet,20,24,a1,1e-06,1e-06,308,2.0197368421052633,807316.0,5491.9455782312925,147,5,0.03289473684210526,5869155.0,37622.78846153846,156,60000,0.90872,0.8084
cifar,trainUval,densenet,20,71,a1,1e-06,1e-06,237,2.017094017094017,599138.0,5302.1061946902655,113,4,0.03418803418803419,4140175.0,34501.458333333336,120,60000,0.91458,0.8064
cifar,trainUval,densenet,20,91,a1,1e-06,1e-06,262,2.0076923076923077,154022.0,1212.7716535433071,127,3,0.023076923076923078,4237214.0,32100.10606060606,132,60000,0.96008,0.8328
cifar,trainUval,densenet,20,103,a1,1e-06,1e-06,221,2.018348623853211,170661.0,1625.3428571428572,105,4,0.03669724770642202,2778241.0,24805.723214285714,112,60000,0.97674,0.8446
cifar,trainUval,densenet,20,134,a1,1e-06,1e-06,779,2.0636604774535807,267513.0,755.6864406779661,354,23,0.0610079575596817,3591212.0,8933.363184079602,402,60000,0.99978,0.8742
cifar,trainUval,densenet,20,159,a1,1e-06,1e-06,295,2.027586206896552,161473.0,1153.3785714285714,140,5,0.034482758620689655,4048942.0,26992.946666666667,150,60000,0.95474,0.837
cifar,trainUval,densenet,20,192,a1,1e-06,1e-06,348,2.0174418604651163,178411.0,1061.970238095238,168,4,0.023255813953488372,3491127.0,19835.948863636364,176,60000,0.97034,0.8451
cifar,trainUval,resnet,20,38,a1,1e-06,1e-06,211,2.0,458146.0,4448.019417475728,103,2,0.01904761904761905,3733719.0,35223.764150943396,106,60000,0.87342,0.8039
cifar,trainUval,resnet,20,55,a1,1e-06,1e-06,234,2.026086956521739,628773.0,5716.118181818182,110,5,0.043478260869565216,3795521.0,31895.134453781513,119,60000,0.95898,0.8337
cifar,trainUval,resnet,20,75,a1,1e-06,1e-06,257,2.048,681667.0,5826.213675213675,117,8,0.064,4550644.0,34474.57575757576,132,60000,0.90472,0.8152
cifar,trainUval,resnet,20,90,a1,1e-06,1e-06,183,2.0,334405.0,3757.3595505617977,89,2,0.02197802197802198,2682385.0,29156.358695652172,92,60000,0.93574,0.8279
cifar,trainUval,resnet,20,132,a1,1e-06,1e-06,264,2.023076923076923,179442.0,1435.536,125,5,0.038461538461538464,1752254.0,13076.522388059702,134,60000,0.99874,0.8619
cifar,trainUval,resnet,20,159,a1,1e-06,1e-06,229,2.017699115044248,175179.0,1607.1467889908256,109,4,0.035398230088495575,3104755.0,26765.129310344826,116,60000,0.94368,0.829
cifar,trainUval,resnet,20,199,a1,1e-06,1e-06,359,2.022598870056497,220037.0,1286.766081871345,171,6,0.03389830508474576,3634409.0,19969.28021978022,182,60000,0.96606,0.8303
cifar,trainUval,densenet,20,35,a1,1e-06,1e-06,308,2.0197368421052633,771889.0,5250.9455782312925,147,5,0.03289473684210526,5834574.0,37401.11538461538,156,60000,0.8837,0.8021
cifar,trainUval,densenet,20,65,a1,1e-06,1e-06,250,2.040983606557377,154476.0,1343.2695652173913,115,7,0.05737704918032787,3540049.0,27656.6328125,128,60000,0.9967,0.8489
cifar,trainUval,densenet,20,88,a1,1e-06,1e-06,258,2.0236220472440944,246893.0,2023.7131147540983,122,5,0.03937007874015748,4087474.0,31202.091603053435,131,60000,0.95492,0.836
cifar,trainUval,densenet,20,100,a1,1e-06,1e-06,247,2.0330578512396693,211094.0,1819.7758620689656,116,5,0.04132231404958678,3309198.0,26263.47619047619,126,60000,0.97136,0.8382
cifar,trainUval,densenet,20,123,a1,1e-06,1e-06,637,2.0384615384615383,213696.0,717.1006711409397,298,14,0.04487179487179487,4255088.0,13092.578461538462,325,60000,0.99754,0.863
cifar,trainUval,densenet,20,164,a1,1e-06,1e-06,226,2.0089285714285716,174440.0,1600.366972477064,109,3,0.026785714285714284,2929369.0,25696.219298245614,114,60000,0.95514,0.8371
cifar,trainUval,densenet,20,197,a1,1e-06,1e-06,411,2.0603015075376883,173497.0,932.7795698924731,186,13,0.06532663316582915,3750249.0,17689.853773584906,212,60000,0.97844,0.8524
cifar,trainUval,resnet,20,21,a1,1e-06,1e-06,291,2.013888888888889,435797.0,3112.8357142857144,140,4,0.027777777777777776,5462444.0,37159.48299319728,147,60000,0.86588,0.8002
cifar,trainUval,resnet,20,61,a1,1e-06,1e-06,125,2.0,322285.0,5371.416666666667,60,2,0.03225806451612903,1877317.0,29798.68253968254,63,60000,0.97858,0.8377
cifar,trainUval,resnet,20,70,a1,1e-06,1e-06,100,1.98,418894.0,8548.857142857143,49,1,0.02,1444469.0,28889.38,50,60000,0.9899,0.8448
cifar,trainUval,resnet,20,91,a1,1e-06,1e-06,202,2.01,533355.0,5498.505154639175,97,3,0.03,3134801.0,30733.343137254902,102,60000,0.93428,0.8236
cifar,trainUval,resnet,20,131,a1,1e-06,1e-06,252,2.024193548387097,167673.0,1409.0168067226891,119,5,0.04032258064516129,1730779.0,13521.7109375,128,60000,0.9983,0.8594
cifar,trainUval,resnet,20,160,a1,1e-06,1e-06,258,1.9922480620155039,142949.0,1116.7890625,128,1,0.007751937984496124,3272339.0,25366.96899224806,129,60000,0.94996,0.8359
cifar,trainUval,resnet,20,200,a1,1e-06,1e-06,273,2.045112781954887,167220.0,1337.76,125,8,0.06015037593984962,2971297.0,21223.55,140,60000,0.96938,0.8365
cifar,trainUval,densenet,20,25,a1,1e-06,1e-06,275,2.044776119402985,624371.0,4955.325396825397,126,8,0.05970149253731343,5218919.0,37013.60992907801,141,60000,0.91636,0.8159
cifar,trainUval,densenet,20,57,a1,1e-06,1e-06,267,2.0,329785.0,2517.442748091603,131,2,0.015037593984962405,4065568.0,30340.059701492537,134,60000,0.98502,0.8416
cifar,trainUval,densenet,20,85,a1,1e-06,1e-06,247,2.0330578512396693,173793.0,1511.2434782608696,115,6,0.049586776859504134,4123577.0,32726.801587301587,126,60000,0.94394,0.8213
cifar,trainUval,densenet,20,98,a1,1e-06,1e-06,320,2.018987341772152,154465.0,1009.5751633986928,153,5,0.03164556962025317,4397522.0,27145.197530864196,162,60000,0.97412,0.846
cifar,trainUval,densenet,20,130,a1,1e-06,1e-06,744,2.0696378830083564,261520.0,787.710843373494,332,27,0.07520891364902507,3613738.0,9386.332467532467,385,60000,0.99936,0.8701
cifar,trainUval,densenet,20,165,a1,1e-06,1e-06,270,2.0074626865671643,98944.0,755.2977099236641,131,3,0.022388059701492536,3280319.0,24119.992647058825,136,60000,0.9545,0.8387
cifar,trainUval,densenet,20,193,a1,1e-06,1e-06,408,2.0555555555555554,165264.0,893.3189189189189,185,13,0.06565656565656566,4486935.0,21366.35714285714,210,60000,0.96282,0.8354
cifar,trainUval,resnet,20,31,a1,1e-06,1e-06,299,2.0,688211.0,4681.707482993197,147,2,0.013422818791946308,5596826.0,37312.17333333333,150,60000,0.8201,0.7595
cifar,trainUval,resnet,20,58,a1,1e-06,1e-06,181,2.0,576041.0,6545.920454545455,88,2,0.022222222222222223,2650624.0,29127.736263736264,91,60000,0.96932,0.8424
cifar,trainUval,resnet,20,72,a1,1e-06,1e-06,306,2.019867549668874,357282.0,2447.1369863013697,146,5,0.033112582781456956,5387707.0,34759.4,155,60000,0.90166,0.8073
cifar,trainUval,resnet,20,108,a1,1e-06,1e-06,187,2.0,158893.0,1746.076923076923,91,2,0.021505376344086023,2278468.0,24239.021276595744,94,60000,0.96994,0.8395
cifar,trainUval,resnet,20,129,a1,1e-06,1e-06,255,2.0483870967741935,156297.0,1335.871794871795,117,7,0.056451612903225805,1848726.0,14112.412213740457,131,60000,0.99806,0.857
cifar,trainUval,resnet,20,182,a1,1e-06,1e-06,282,2.0215827338129495,104622.0,774.9777777777778,135,4,0.02877697841726619,3357693.0,23480.37062937063,143,60000,0.94132,0.821
cifar,trainUval,resnet,20,189,a1,1e-06,1e-06,287,2.0428571428571427,134620.0,1012.1804511278195,133,7,0.05,3261686.0,22188.340136054423,147,60000,0.96836,0.841
cifar,trainUval,densenet,20,29,a1,1e-06,1e-06,303,2.0268456375838926,727087.0,5084.524475524476,143,6,0.040268456375838924,5687667.0,36932.9025974026,154,60000,0.93514,0.8209
cifar,trainUval,densenet,20,54,a1,1e-06,1e-06,271,2.014925373134328,531095.0,4085.346153846154,130,4,0.029850746268656716,4628938.0,33787.868613138686,137,60000,0.97042,0.8344
cifar,trainUval,densenet,20,94,a1,1e-06,1e-06,261,2.0155038759689923,365206.0,2921.648,125,4,0.031007751937984496,3810881.0,28870.310606060608,132,60000,0.95706,0.8313
cifar,trainUval,densenet,20,99,a1,1e-06,1e-06,353,2.0346820809248554,160333.0,965.8614457831326,166,7,0.04046242774566474,5046020.0,28033.444444444445,180,60000,0.97314,0.8407
cifar,trainUval,densenet,20,132,a1,1e-06,1e-06,757,2.0599455040871937,228799.0,667.0524781341107,343,24,0.0653950953678474,3602704.0,9237.702564102565,390,60000,0.99964,0.8717
cifar,trainUval,densenet,20,162,a1,1e-06,1e-06,249,2.016260162601626,195564.0,1643.3949579831933,119,4,0.032520325203252036,3210642.0,25481.285714285714,126,60000,0.95344,0.8347
cifar,trainUval,densenet,20,198,a1,1e-06,1e-06,403,2.020100502512563,170019.0,880.9274611398964,193,6,0.03015075376884422,3748009.0,18372.593137254902,204,60000,0.97122,0.8468
cifar,trainUval,resnet,20,28,a1,1e-06,1e-06,285,2.0141843971631204,779130.0,5687.080291970803,137,4,0.028368794326241134,5047987.0,35055.46527777778,144,60000,0.91558,0.8236
cifar,trainUval,resnet,20,49,a1,1e-06,1e-06,298,2.0067567567567566,722596.0,4983.420689655172,145,3,0.02027027027027027,4894233.0,32628.22,150,60000,0.92904,0.8285
cifar,trainUval,resnet,20,77,a1,1e-06,1e-06,310,2.019607843137255,881617.0,5956.871621621622,148,5,0.032679738562091505,5186215.0,33033.21656050955,157,60000,0.89282,0.797
cifar,trainUval,resnet,20,95,a1,1e-06,1e-06,212,1.990566037735849,413132.0,3934.5904761904762,105,1,0.009433962264150943,3060673.0,28874.27358490566,106,60000,0.94208,0.8259
cifar,trainUval,resnet,20,126,a1,1e-06,1e-06,237,2.017094017094017,143199.0,1267.2477876106195,113,4,0.03418803418803419,2018404.0,16820.033333333333,120,60000,0.9937,0.8538
cifar,trainUval,resnet,20,170,a1,1e-06,1e-06,214,2.0285714285714285,110877.0,1108.77,100,5,0.047619047619047616,2689903.0,24678.009174311926,109,60000,0.95514,0.8384
cifar,trainUval,resnet,20,196,a1,1e-06,1e-06,325,2.0377358490566038,139679.0,925.0264900662252,151,8,0.050314465408805034,3628377.0,21857.692771084337,166,60000,0.96906,0.8413
