split,n,train_pearson,val_pearson,train_spearman,val_spearman,k
full_average_branching_factor,402,-0.1329926049980774,-0.1819485495010001,0.2401950522963957,0.2608216787409121,15
full_colless_index,402,-0.9439222130334556,-0.9451715771820752,-0.6848273770023062,-0.6867212460363321,15
full_average_colless_index,402,-0.7068573401091244,-0.6127648498676496,-0.7669607378712224,-0.7901956641834498,15
full_sackin_index,402,-0.8345080803663733,-0.8999199124928665,-0.7638634011365539,-0.7414100538502404,15
full_average_sackin_index,402,-0.6895511450057056,-0.6243650995920264,-0.8878066517882071,-0.904771688194162,15
full_leaf_count,402,-0.526452754322765,-0.5910874991400615,-0.0632847066479918,-0.0063041228072383,15
cifar_average_branching_factor,402,-0.1329926049980774,-0.1819485495010001,0.2401950522963957,0.2608216787409121,15
cifar_colless_index,402,-0.9439222130334556,-0.9451715771820752,-0.6848273770023062,-0.6867212460363321,15
cifar_average_colless_index,402,-0.7068573401091244,-0.6127648498676496,-0.7669607378712224,-0.7901956641834498,15
cifar_sackin_index,402,-0.8345080803663733,-0.8999199124928665,-0.7638634011365539,-0.7414100538502404,15
cifar_average_sackin_index,402,-0.6895511450057056,-0.6243650995920264,-0.8878066517882071,-0.904771688194162,15
cifar_leaf_count,402,-0.526452754322765,-0.5910874991400615,-0.0632847066479918,-0.0063041228072383,15
densenet_average_branching_factor,201,-0.0009791961689785,-0.0482014135526175,0.4377001467436109,0.447680263167911,15
densenet_colless_index,201,-0.9680099637642288,-0.9520266448327088,-0.603011028232478,-0.6312823033005946,15
densenet_average_colless_index,201,-0.7686778050934338,-0.6769601767271244,-0.8670809592221794,-0.8979780329135054,15
densenet_sackin_index,201,-0.8846517060374828,-0.9367489449857248,-0.7580304738283294,-0.8074893692978145,15
densenet_average_sackin_index,201,-0.6744814026401047,-0.6338605173018964,-0.8927808398558956,-0.9414401667509668,15
densenet_leaf_count,201,-0.4261300283103876,-0.4717078666839321,0.2582382609294079,0.2989009076881006,15
resnet_average_branching_factor,201,-0.326448013238618,-0.3805577448795446,-0.0044072394169327,0.0029161315695576,15
resnet_colless_index,201,-0.9271611858069616,-0.9450209152918184,-0.7372223968945524,-0.7021477982267019,15
resnet_average_colless_index,201,-0.6397161852884085,-0.5406095395550734,-0.6354123911559485,-0.6092592948679217,15
resnet_sackin_index,201,-0.8090571147345079,-0.8855579178368742,-0.9225986381746334,-0.8892828801719492,15
resnet_average_sackin_index,201,-0.7148570805088132,-0.6154523385987928,-0.8934245657408177,-0.8685460024434213,15
resnet_leaf_count,201,-0.7364316228142416,-0.8273066078219721,-0.4865842863706073,-0.4501381267440187,15
cifar_densenet_average_branching_factor,201,-0.0009791961689785,-0.0482014135526175,0.4377001467436109,0.447680263167911,15
cifar_densenet_colless_index,201,-0.9680099637642288,-0.9520266448327088,-0.603011028232478,-0.6312823033005946,15
cifar_densenet_average_colless_index,201,-0.7686778050934338,-0.6769601767271244,-0.8670809592221794,-0.8979780329135054,15
cifar_densenet_sackin_index,201,-0.8846517060374828,-0.9367489449857248,-0.7580304738283294,-0.8074893692978145,15
cifar_densenet_average_sackin_index,201,-0.6744814026401047,-0.6338605173018964,-0.8927808398558956,-0.9414401667509668,15
cifar_densenet_leaf_count,201,-0.4261300283103876,-0.4717078666839321,0.2582382609294079,0.2989009076881006,15
cifar_resnet_average_branching_factor,201,-0.326448013238618,-0.3805577448795446,-0.0044072394169327,0.0029161315695576,15
cifar_resnet_colless_index,201,-0.9271611858069616,-0.9450209152918184,-0.7372223968945524,-0.7021477982267019,15
cifar_resnet_average_colless_index,201,-0.6397161852884085,-0.5406095395550734,-0.6354123911559485,-0.6092592948679217,15
cifar_resnet_sackin_index,201,-0.8090571147345079,-0.8855579178368742,-0.9225986381746334,-0.8892828801719492,15
cifar_resnet_average_sackin_index,201,-0.7148570805088132,-0.6154523385987928,-0.8934245657408177,-0.8685460024434213,15
cifar_resnet_leaf_count,201,-0.7364316228142416,-0.8273066078219721,-0.4865842863706073,-0.4501381267440187,15
full_average_branching_factor,402,-0.1429923459408017,-0.1792341947513163,0.198828383372727,0.2221506323986375,20
full_colless_index,402,-0.91580080636367,-0.944590178775232,-0.6251201527199028,-0.6265754255315934,20
full_average_colless_index,402,-0.6522411973653145,-0.5796711685674195,-0.6986356285287286,-0.7309037920469842,20
full_sackin_index,402,-0.7934455096028705,-0.8687598683480532,-0.7183321078158279,-0.6851547504410174,20
full_average_sackin_index,402,-0.6817975833063413,-0.6162062707786099,-0.8831812426455264,-0.8997821027899238,20
full_leaf_count,402,-0.4801881979479666,-0.5519097767026085,-0.0163791668648679,0.0486020731792021,20
cifar_average_branching_factor,402,-0.1429923459408017,-0.1792341947513163,0.198828383372727,0.2221506323986375,20
cifar_colless_index,402,-0.91580080636367,-0.944590178775232,-0.6251201527199028,-0.6265754255315934,20
cifar_average_colless_index,402,-0.6522411973653145,-0.5796711685674195,-0.6986356285287286,-0.7309037920469842,20
cifar_sackin_index,402,-0.7934455096028705,-0.8687598683480532,-0.7183321078158279,-0.6851547504410174,20
cifar_average_sackin_index,402,-0.6817975833063413,-0.6162062707786099,-0.8831812426455264,-0.8997821027899238,20
cifar_leaf_count,402,-0.4801881979479666,-0.5519097767026085,-0.0163791668648679,0.0486020731792021,20
densenet_average_branching_factor,201,-0.0419467818737827,-0.0725547040362226,0.3354918830573989,0.3575681425979796,20
densenet_colless_index,201,-0.9571724227714092,-0.9671521521959692,-0.5488892164718421,-0.56736996497461,20
densenet_average_colless_index,201,-0.7739096003546206,-0.6919063912285218,-0.84825565996435,-0.8836835047480622,20
densenet_sackin_index,201,-0.8353272615195041,-0.8996160741863476,-0.6996482540482004,-0.717824565855,20
densenet_average_sackin_index,201,-0.6650627310274367,-0.6253725472255696,-0.8895415702136032,-0.9380531039415804,20
densenet_leaf_count,201,-0.3667102650241685,-0.4204022051370243,0.3347405220386455,0.3987346340233172,20
resnet_average_branching_factor,201,-0.2883848007036689,-0.3308630849458407,0.0009355970029739,0.0036277697478364,20
resnet_colless_index,201,-0.8792272961460305,-0.926068987025726,-0.6680200547811314,-0.6366151268345454,20
resnet_average_colless_index,201,-0.5247420745506516,-0.4589863544645822,-0.5185166029008514,-0.4956730748181909,20
resnet_sackin_index,201,-0.7764112194601792,-0.8611400641079043,-0.9152053708062624,-0.8867122905543633,20
resnet_average_sackin_index,201,-0.7076720888343611,-0.6068808966627838,-0.8860209540047518,-0.8598633354137427,20
resnet_leaf_count,201,-0.7047095085573017,-0.8030820946444088,-0.4703476519041915,-0.4476250177082569,20
cifar_densenet_average_branching_factor,201,-0.0419467818737827,-0.0725547040362226,0.3354918830573989,0.3575681425979796,20
cifar_densenet_colless_index,201,-0.9571724227714092,-0.9671521521959692,-0.5488892164718421,-0.56736996497461,20
cifar_densenet_average_colless_index,201,-0.7739096003546206,-0.6919063912285218,-0.84825565996435,-0.8836835047480622,20
cifar_densenet_sackin_index,201,-0.8353272615195041,-0.8996160741863476,-0.6996482540482004,-0.717824565855,20
cifar_densenet_average_sackin_index,201,-0.6650627310274367,-0.6253725472255696,-0.8895415702136032,-0.9380531039415804,20
cifar_densenet_leaf_count,201,-0.3667102650241685,-0.4204022051370243,0.3347405220386455,0.3987346340233172,20
cifar_resnet_average_branching_factor,201,-0.2883848007036689,-0.3308630849458407,0.0009355970029739,0.0036277697478364,20
cifar_resnet_colless_index,201,-0.8792272961460305,-0.926068987025726,-0.6680200547811314,-0.6366151268345454,20
cifar_resnet_average_colless_index,201,-0.5247420745506516,-0.4589863544645822,-0.5185166029008514,-0.4956730748181909,20
cifar_resnet_sackin_index,201,-0.7764112194601792,-0.8611400641079043,-0.9152053708062624,-0.8867122905543633,20
cifar_resnet_average_sackin_index,201,-0.7076720888343611,-0.6068808966627838,-0.8860209540047518,-0.8598633354137427,20
cifar_resnet_leaf_count,201,-0.7047095085573017,-0.8030820946444088,-0.4703476519041915,-0.4476250177082569,20
full_average_branching_factor,402,-0.1300943551769137,-0.1503957320855743,0.1536945497717057,0.1854728955246105,25
full_colless_index,402,-0.8751985884081905,-0.9231661728201256,-0.5640565505962141,-0.5643087726257456,25
full_average_colless_index,402,-0.5744900582239312,-0.5198398624741487,-0.6416812435447964,-0.6777272652824057,25
full_sackin_index,402,-0.7738296129357106,-0.8526067152728178,-0.7022494343420073,-0.6620406050391279,25
full_average_sackin_index,402,-0.6797512240569493,-0.613066217441514,-0.8821062813426039,-0.8981527109325721,25
full_leaf_count,402,-0.4576930318169663,-0.5321892814741901,-0.0025154830099967,0.0659606904258563,25
cifar_average_branching_factor,402,-0.1300943551769137,-0.1503957320855743,0.1536945497717057,0.1854728955246105,25
cifar_colless_index,402,-0.8751985884081905,-0.9231661728201256,-0.5640565505962141,-0.5643087726257456,25
cifar_average_colless_index,402,-0.5744900582239312,-0.5198398624741487,-0.6416812435447964,-0.6777272652824057,25
cifar_sackin_index,402,-0.7738296129357106,-0.8526067152728178,-0.7022494343420073,-0.6620406050391279,25
cifar_average_sackin_index,402,-0.6797512240569493,-0.613066217441514,-0.8821062813426039,-0.8981527109325721,25
cifar_leaf_count,402,-0.4576930318169663,-0.5321892814741901,-0.0025154830099967,0.0659606904258563,25
densenet_average_branching_factor,201,-0.0925104244052888,-0.1014558679530421,0.2489030132785042,0.290098441821929,25
densenet_colless_index,201,-0.9318164026522884,-0.9576348922070624,-0.5015969141326724,-0.5187245314844771,25
densenet_average_colless_index,201,-0.753035549702679,-0.6774909889131108,-0.8112441965400654,-0.8570222073329022,25
densenet_sackin_index,201,-0.8095070692212084,-0.8784944604629313,-0.6735183426362421,-0.6697340372884816,25
densenet_average_sackin_index,201,-0.6627644925354635,-0.6234428918623921,-0.8875495376051133,-0.9366329611144336,25
densenet_leaf_count,201,-0.3365227628489572,-0.3931520832932928,0.3587743575612326,0.4333019784829077,25
resnet_average_branching_factor,201,-0.2114456281321889,-0.2410509806958574,0.006368631600026,0.0223824804851251,25
resnet_colless_index,201,-0.8191979606637663,-0.8885053817065816,-0.5916682768235811,-0.5550389911231466,25
resnet_average_colless_index,201,-0.3939432942593151,-0.3570310109184748,-0.4296355790143119,-0.3985330127759989,25
resnet_sackin_index,201,-0.761316888172415,-0.848649360802584,-0.9031128049706878,-0.8750629902063151,25
resnet_average_sackin_index,201,-0.7047730983834811,-0.6014947758987027,-0.8842033008240407,-0.8573245179587196,25
resnet_leaf_count,201,-0.68724403900264,-0.7887262535617543,-0.4574543796653765,-0.4408510351383863,25
cifar_densenet_average_branching_factor,201,-0.0925104244052888,-0.1014558679530421,0.2489030132785042,0.290098441821929,25
cifar_densenet_colless_index,201,-0.9318164026522884,-0.9576348922070624,-0.5015969141326724,-0.5187245314844771,25
cifar_densenet_average_colless_index,201,-0.753035549702679,-0.6774909889131108,-0.8112441965400654,-0.8570222073329022,25
cifar_densenet_sackin_index,201,-0.8095070692212084,-0.8784944604629313,-0.6735183426362421,-0.6697340372884816,25
cifar_densenet_average_sackin_index,201,-0.6627644925354635,-0.6234428918623921,-0.8875495376051133,-0.9366329611144336,25
cifar_densenet_leaf_count,201,-0.3365227628489572,-0.3931520832932928,0.3587743575612326,0.4333019784829077,25
cifar_resnet_average_branching_factor,201,-0.2114456281321889,-0.2410509806958574,0.006368631600026,0.0223824804851251,25
cifar_resnet_colless_index,201,-0.8191979606637663,-0.8885053817065816,-0.5916682768235811,-0.5550389911231466,25
cifar_resnet_average_colless_index,201,-0.3939432942593151,-0.3570310109184748,-0.4296355790143119,-0.3985330127759989,25
cifar_resnet_sackin_index,201,-0.761316888172415,-0.848649360802584,-0.9031128049706878,-0.8750629902063151,25
cifar_resnet_average_sackin_index,201,-0.7047730983834811,-0.6014947758987027,-0.8842033008240407,-0.8573245179587196,25
cifar_resnet_leaf_count,201,-0.68724403900264,-0.7887262535617543,-0.4574543796653765,-0.4408510351383863,25
full_average_branching_factor,402,-0.1273474041604822,-0.1383300560052952,0.0943401752310347,0.1282489041741779,30
full_colless_index,402,-0.833688293595501,-0.8955880616573454,-0.5164642074561413,-0.5156029840033701,30
full_average_colless_index,402,-0.4565334832143383,-0.4258635567029063,-0.5890869215549672,-0.6260700388269437,30
full_sackin_index,402,-0.7613935489644292,-0.8413843477980602,-0.672888832204672,-0.6291949024536095,30
full_average_sackin_index,402,-0.6736456713293112,-0.6072407160989476,-0.8758265456376803,-0.8918231857785064,30
full_leaf_count,402,-0.4328688641843784,-0.5072347084993497,0.0103477198208401,0.0791059354594214,30
cifar_average_branching_factor,402,-0.1273474041604822,-0.1383300560052952,0.0943401752310347,0.1282489041741779,30
cifar_colless_index,402,-0.833688293595501,-0.8955880616573454,-0.5164642074561413,-0.5156029840033701,30
cifar_average_colless_index,402,-0.4565334832143383,-0.4258635567029063,-0.5890869215549672,-0.6260700388269437,30
cifar_sackin_index,402,-0.7613935489644292,-0.8413843477980602,-0.672888832204672,-0.6291949024536095,30
cifar_average_sackin_index,402,-0.6736456713293112,-0.6072407160989476,-0.8758265456376803,-0.8918231857785064,30
cifar_leaf_count,402,-0.4328688641843784,-0.5072347084993497,0.0103477198208401,0.0791059354594214,30
densenet_average_branching_factor,201,-0.0635745849704606,-0.0700055968690607,0.2645410764417042,0.3078106708770769,30
densenet_colless_index,201,-0.9019706337425362,-0.9383325409977372,-0.4726629360481549,-0.4818458901495535,30
densenet_average_colless_index,201,-0.7131950052567504,-0.6481016028087009,-0.7910881663000809,-0.8348119715154178,30
densenet_sackin_index,201,-0.7889870409548291,-0.8605376663729168,-0.6099114705658192,-0.5957550882044076,30
densenet_average_sackin_index,201,-0.6566969167088509,-0.6178613850224446,-0.8816059506975861,-0.9327693155144592,30
densenet_leaf_count,201,-0.2985792734289866,-0.355479122934341,0.3868234992933594,0.4621959272837594,30
resnet_average_branching_factor,201,-0.2352593609856457,-0.248207752562437,-0.1519018255625818,-0.1452523763664827,30
resnet_colless_index,201,-0.7649765270614298,-0.8512972004027196,-0.5250121269299689,-0.4883041497661115,30
resnet_average_colless_index,201,-0.2259823199229671,-0.2238237166155082,-0.3204773777951514,-0.2921812402530816,30
resnet_sackin_index,201,-0.7560456597398735,-0.8436470909561583,-0.8930536462706077,-0.8651397310616821,30
resnet_average_sackin_index,201,-0.6989139527051066,-0.5954581253919498,-0.8767775225857709,-0.8483211737534063,30
resnet_leaf_count,201,-0.6787781686108244,-0.7805538790272426,-0.4599521716309698,-0.4448186646115956,30
cifar_densenet_average_branching_factor,201,-0.0635745849704606,-0.0700055968690607,0.2645410764417042,0.3078106708770769,30
cifar_densenet_colless_index,201,-0.9019706337425362,-0.9383325409977372,-0.4726629360481549,-0.4818458901495535,30
cifar_densenet_average_colless_index,201,-0.7131950052567504,-0.6481016028087009,-0.7910881663000809,-0.8348119715154178,30
cifar_densenet_sackin_index,201,-0.7889870409548291,-0.8605376663729168,-0.6099114705658192,-0.5957550882044076,30
cifar_densenet_average_sackin_index,201,-0.6566969167088509,-0.6178613850224446,-0.8816059506975861,-0.9327693155144592,30
cifar_densenet_leaf_count,201,-0.2985792734289866,-0.355479122934341,0.3868234992933594,0.4621959272837594,30
cifar_resnet_average_branching_factor,201,-0.2352593609856457,-0.248207752562437,-0.1519018255625818,-0.1452523763664827,30
cifar_resnet_colless_index,201,-0.7649765270614298,-0.8512972004027196,-0.5250121269299689,-0.4883041497661115,30
cifar_resnet_average_colless_index,201,-0.2259823199229671,-0.2238237166155082,-0.3204773777951514,-0.2921812402530816,30
cifar_resnet_sackin_index,201,-0.7560456597398735,-0.8436470909561583,-0.8930536462706077,-0.8651397310616821,30
cifar_resnet_average_sackin_index,201,-0.6989139527051066,-0.5954581253919498,-0.8767775225857709,-0.8483211737534063,30
cifar_resnet_leaf_count,201,-0.6787781686108244,-0.7805538790272426,-0.4599521716309698,-0.4448186646115956,30
full_average_branching_factor,402,-0.0810664056603479,-0.0907531410946276,0.0851715796682298,0.1212383257727939,35
full_colless_index,402,-0.7995327343366023,-0.8692646136088964,-0.4403504767317337,-0.4394924798142242,35
full_average_colless_index,402,-0.3708667131987165,-0.3548432039282241,-0.4938710627396925,-0.5378072802246366,35
full_sackin_index,402,-0.7566961417648553,-0.8367242656406308,-0.6540229334654876,-0.6047756365247824,35
full_average_sackin_index,402,-0.6672894786503544,-0.6014307604896217,-0.8720107516493443,-0.887939318508052,35
full_leaf_count,402,-0.4088798004490337,-0.4816639024223478,0.0023526109469023,0.0727647548618526,35
cifar_average_branching_factor,402,-0.0810664056603479,-0.0907531410946276,0.0851715796682298,0.1212383257727939,35
cifar_colless_index,402,-0.7995327343366023,-0.8692646136088964,-0.4403504767317337,-0.4394924798142242,35
cifar_average_colless_index,402,-0.3708667131987165,-0.3548432039282241,-0.4938710627396925,-0.5378072802246366,35
cifar_sackin_index,402,-0.7566961417648553,-0.8367242656406308,-0.6540229334654876,-0.6047756365247824,35
cifar_average_sackin_index,402,-0.6672894786503544,-0.6014307604896217,-0.8720107516493443,-0.887939318508052,35
cifar_leaf_count,402,-0.4088798004490337,-0.4816639024223478,0.0023526109469023,0.0727647548618526,35
densenet_average_branching_factor,201,-0.0079412494895473,-0.0281510862809305,0.3101426307348323,0.3441167319200396,35
densenet_colless_index,201,-0.8646743336745507,-0.9102305421846932,-0.3739265393716312,-0.3894294676181362,35
densenet_average_colless_index,201,-0.6294443031170752,-0.5803763855076964,-0.7264919278859012,-0.7806618220719843,35
densenet_sackin_index,201,-0.7787205080070588,-0.8519265684762246,-0.5909177056422867,-0.5606837670334804,35
densenet_average_sackin_index,201,-0.6503258366316718,-0.6120277813986928,-0.8799235106940505,-0.9307358956079514,35
densenet_leaf_count,201,-0.2650669888194892,-0.321596796574732,0.3987370797188205,0.4789650959179032,35
resnet_average_branching_factor,201,-0.1900485149865187,-0.1865541570288724,-0.2098038533603519,-0.1954554665319691,35
resnet_colless_index,201,-0.7364217986015603,-0.8288812831968017,-0.4871539578161148,-0.4573868800424415,35
resnet_average_colless_index,201,-0.1322671148584339,-0.1450211803907987,-0.1873268934740147,-0.1659541328283408,35
resnet_sackin_index,201,-0.7577945277862391,-0.843997324609771,-0.8904054881406614,-0.8633996509957393,35
resnet_average_sackin_index,201,-0.6927957151775287,-0.5897149008063206,-0.8722282174501463,-0.84266720659222,35
resnet_leaf_count,201,-0.6787129987054242,-0.7789430735282166,-0.4840917548025311,-0.470623368492881,35
cifar_densenet_average_branching_factor,201,-0.0079412494895473,-0.0281510862809305,0.3101426307348323,0.3441167319200396,35
cifar_densenet_colless_index,201,-0.8646743336745507,-0.9102305421846932,-0.3739265393716312,-0.3894294676181362,35
cifar_densenet_average_colless_index,201,-0.6294443031170752,-0.5803763855076964,-0.7264919278859012,-0.7806618220719843,35
cifar_densenet_sackin_index,201,-0.7787205080070588,-0.8519265684762246,-0.5909177056422867,-0.5606837670334804,35
cifar_densenet_average_sackin_index,201,-0.6503258366316718,-0.6120277813986928,-0.8799235106940505,-0.9307358956079514,35
cifar_densenet_leaf_count,201,-0.2650669888194892,-0.321596796574732,0.3987370797188205,0.4789650959179032,35
cifar_resnet_average_branching_factor,201,-0.1900485149865187,-0.1865541570288724,-0.2098038533603519,-0.1954554665319691,35
cifar_resnet_colless_index,201,-0.7364217986015603,-0.8288812831968017,-0.4871539578161148,-0.4573868800424415,35
cifar_resnet_average_colless_index,201,-0.1322671148584339,-0.1450211803907987,-0.1873268934740147,-0.1659541328283408,35
cifar_resnet_sackin_index,201,-0.7577945277862391,-0.843997324609771,-0.8904054881406614,-0.8633996509957393,35
cifar_resnet_average_sackin_index,201,-0.6927957151775287,-0.5897149008063206,-0.8722282174501463,-0.84266720659222,35
cifar_resnet_leaf_count,201,-0.6787129987054242,-0.7789430735282166,-0.4840917548025311,-0.470623368492881,35
full_average_branching_factor,402,-0.0612968036247905,-0.0632752923669702,0.030919738820133,0.080771313894786,40
full_colless_index,402,-0.7833180641197097,-0.8570556148994012,-0.3636729208362892,-0.3705863460195144,40
full_average_colless_index,402,-0.2972619220392959,-0.2924190047429733,-0.4150204945979072,-0.4693202701261439,40
full_sackin_index,402,-0.753456619486655,-0.8333617442295752,-0.6495647856785584,-0.5993501181443113,40
full_average_sackin_index,402,-0.6610756743084718,-0.5956839802504902,-0.8707937428780916,-0.8874534194851789,40
full_leaf_count,402,-0.3918007431816242,-0.4631530460298472,0.0056436664444127,0.0758769305757617,40
cifar_average_branching_factor,402,-0.0612968036247905,-0.0632752923669702,0.030919738820133,0.080771313894786,40
cifar_colless_index,402,-0.7833180641197097,-0.8570556148994012,-0.3636729208362892,-0.3705863460195144,40
cifar_average_colless_index,402,-0.2972619220392959,-0.2924190047429733,-0.4150204945979072,-0.4693202701261439,40
cifar_sackin_index,402,-0.753456619486655,-0.8333617442295752,-0.6495647856785584,-0.5993501181443113,40
cifar_average_sackin_index,402,-0.6610756743084718,-0.5956839802504902,-0.8707937428780916,-0.8874534194851789,40
cifar_leaf_count,402,-0.3918007431816242,-0.4631530460298472,0.0056436664444127,0.0758769305757617,40
densenet_average_branching_factor,201,0.0457395690665788,0.0301629083041174,0.2607460733775273,0.3098860226778561,40
densenet_colless_index,201,-0.8406254690383868,-0.8903630487174422,-0.3054385963028088,-0.3231305208989756,40
densenet_average_colless_index,201,-0.5668675005648657,-0.527273971146061,-0.6893784984007961,-0.7462119057489398,40
densenet_sackin_index,201,-0.7708551518472558,-0.8448643947021646,-0.5785192237541331,-0.5430066093869353,40
densenet_average_sackin_index,201,-0.6429761146117535,-0.6049160629309314,-0.880859677353901,-0.9315701002134918,40
densenet_leaf_count,201,-0.2310942101941652,-0.2859417635451743,0.4101982712473535,0.4930464289492718,40
resnet_average_branching_factor,201,-0.2286717680197603,-0.2115130746337493,-0.2986164488258193,-0.2712789226280991,40
resnet_colless_index,201,-0.7297872566935045,-0.8261779831863095,-0.4136483587415313,-0.3950099971690287,40
resnet_average_colless_index,201,-0.0495270757581416,-0.0754092774650389,-0.0495901598469137,-0.0437251456740103,40
resnet_sackin_index,201,-0.7601319088053163,-0.8460380011576197,-0.8836232773497082,-0.8560935313812841,40
resnet_average_sackin_index,201,-0.6889667964703939,-0.5860942491110749,-0.869195101065261,-0.8403012888125391,40
resnet_leaf_count,201,-0.6810494362160092,-0.780812051600758,-0.4850684548101773,-0.4730687242125992,40
cifar_densenet_average_branching_factor,201,0.0457395690665788,0.0301629083041174,0.2607460733775273,0.3098860226778561,40
cifar_densenet_colless_index,201,-0.8406254690383868,-0.8903630487174422,-0.3054385963028088,-0.3231305208989756,40
cifar_densenet_average_colless_index,201,-0.5668675005648657,-0.527273971146061,-0.6893784984007961,-0.7462119057489398,40
cifar_densenet_sackin_index,201,-0.7708551518472558,-0.8448643947021646,-0.5785192237541331,-0.5430066093869353,40
cifar_densenet_average_sackin_index,201,-0.6429761146117535,-0.6049160629309314,-0.880859677353901,-0.9315701002134918,40
cifar_densenet_leaf_count,201,-0.2310942101941652,-0.2859417635451743,0.4101982712473535,0.4930464289492718,40
cifar_resnet_average_branching_factor,201,-0.2286717680197603,-0.2115130746337493,-0.2986164488258193,-0.2712789226280991,40
cifar_resnet_colless_index,201,-0.7297872566935045,-0.8261779831863095,-0.4136483587415313,-0.3950099971690287,40
cifar_resnet_average_colless_index,201,-0.0495270757581416,-0.0754092774650389,-0.0495901598469137,-0.0437251456740103,40
cifar_resnet_sackin_index,201,-0.7601319088053163,-0.8460380011576197,-0.8836232773497082,-0.8560935313812841,40
cifar_resnet_average_sackin_index,201,-0.6889667964703939,-0.5860942491110749,-0.869195101065261,-0.8403012888125391,40
cifar_resnet_leaf_count,201,-0.6810494362160092,-0.780812051600758,-0.4850684548101773,-0.4730687242125992,40
full_average_branching_factor,402,-0.1050599324485545,-0.1058928764834773,0.0076338699250268,0.056576500481422,45
full_colless_index,402,-0.7402597173966512,-0.8185359069086303,-0.2124547090940052,-0.2254932588575549,45
full_average_colless_index,402,-0.1996452669111582,-0.2114594265940671,-0.2961394167285532,-0.3573991887711075,45
full_sackin_index,402,-0.7539274259591372,-0.8321954268930829,-0.6423783659706457,-0.590402409089769,45
full_average_sackin_index,402,-0.6567227213950823,-0.5919090149267642,-0.8681862759561819,-0.8855622831247246,45
full_leaf_count,402,-0.3751709881057093,-0.444123838319751,0.0060691686535294,0.0777757903702922,45
cifar_average_branching_factor,402,-0.1050599324485545,-0.1058928764834773,0.0076338699250268,0.056576500481422,45
cifar_colless_index,402,-0.7402597173966512,-0.8185359069086303,-0.2124547090940052,-0.2254932588575549,45
cifar_average_colless_index,402,-0.1996452669111582,-0.2114594265940671,-0.2961394167285532,-0.3573991887711075,45
cifar_sackin_index,402,-0.7539274259591372,-0.8321954268930829,-0.6423783659706457,-0.590402409089769,45
cifar_average_sackin_index,402,-0.6567227213950823,-0.5919090149267642,-0.8681862759561819,-0.8855622831247246,45
cifar_leaf_count,402,-0.3751709881057093,-0.444123838319751,0.0060691686535294,0.0777757903702922,45
densenet_average_branching_factor,201,0.0008522297052746,-0.0169210970857048,0.2545277169079322,0.2972790223244112,45
densenet_colless_index,201,-0.7935197045160436,-0.8480078668216878,-0.1716805521569941,-0.184529900963391,45
densenet_average_colless_index,201,-0.4917838732320719,-0.46661069968069,-0.6227865329556329,-0.6817143680893961,45
densenet_sackin_index,201,-0.7646069367041263,-0.8390759928898638,-0.5602044936849043,-0.520765340271459,45
densenet_average_sackin_index,201,-0.6391059080848066,-0.6015677898148853,-0.8780785161008015,-0.9298152411008626,45
densenet_leaf_count,201,-0.2067520711966304,-0.2608880100167038,0.4251839036667306,0.5092612585090082,45
resnet_average_branching_factor,201,-0.2799895350432616,-0.2574809931575204,-0.3534715762808614,-0.3329624102149066,45
resnet_colless_index,201,-0.6955672546485185,-0.7961538695867127,-0.2428332927591202,-0.2362762730049734,45
resnet_average_colless_index,201,0.0435063935521526,0.0003466583253819,0.1387659982127637,0.1336462768269196,45
resnet_sackin_index,201,-0.7669077996622148,-0.849259527325648,-0.8792897261688671,-0.8511252518214543,45
resnet_average_sackin_index,201,-0.6846876495867864,-0.5820442624994816,-0.8654851674797531,-0.8362544019670323,45
resnet_leaf_count,201,-0.6845100109722893,-0.7807737211834899,-0.507165818706885,-0.4954254643830469,45
cifar_densenet_average_branching_factor,201,0.0008522297052746,-0.0169210970857048,0.2545277169079322,0.2972790223244112,45
cifar_densenet_colless_index,201,-0.7935197045160436,-0.8480078668216878,-0.1716805521569941,-0.184529900963391,45
cifar_densenet_average_colless_index,201,-0.4917838732320719,-0.46661069968069,-0.6227865329556329,-0.6817143680893961,45
cifar_densenet_sackin_index,201,-0.7646069367041263,-0.8390759928898638,-0.5602044936849043,-0.520765340271459,45
cifar_densenet_average_sackin_index,201,-0.6391059080848066,-0.6015677898148853,-0.8780785161008015,-0.9298152411008626,45
cifar_densenet_leaf_count,201,-0.2067520711966304,-0.2608880100167038,0.4251839036667306,0.5092612585090082,45
cifar_resnet_average_branching_factor,201,-0.2799895350432616,-0.2574809931575204,-0.3534715762808614,-0.3329624102149066,45
cifar_resnet_colless_index,201,-0.6955672546485185,-0.7961538695867127,-0.2428332927591202,-0.2362762730049734,45
cifar_resnet_average_colless_index,201,0.0435063935521526,0.0003466583253819,0.1387659982127637,0.1336462768269196,45
cifar_resnet_sackin_index,201,-0.7669077996622148,-0.849259527325648,-0.8792897261688671,-0.8511252518214543,45
cifar_resnet_average_sackin_index,201,-0.6846876495867864,-0.5820442624994816,-0.8654851674797531,-0.8362544019670323,45
cifar_resnet_leaf_count,201,-0.6845100109722893,-0.7807737211834899,-0.507165818706885,-0.4954254643830469,45
full_average_branching_factor,402,-0.1107203135789729,-0.1020765167256307,-0.0282254470721008,0.0369104266727007,60
full_colless_index,402,-0.5642767997791522,-0.6487340358872729,0.1594697177511606,0.1658310822459308,60
full_average_colless_index,402,-0.00412496260078,-0.0428627635921489,-0.0575126924911206,-0.1149694719934987,60
full_sackin_index,402,-0.7509188197514539,-0.824332917944299,-0.6329821753087228,-0.5795825895631418,60
full_average_sackin_index,402,-0.6438505173957499,-0.5804867626083778,-0.8658866401213622,-0.8845164134164913,60
full_leaf_count,402,-0.3392171475595241,-0.4025763475858691,0.01346476165161,0.0864561901524043,60
cifar_average_branching_factor,402,-0.1107203135789729,-0.1020765167256307,-0.0282254470721008,0.0369104266727007,60
cifar_colless_index,402,-0.5642767997791522,-0.6487340358872729,0.1594697177511606,0.1658310822459308,60
cifar_average_colless_index,402,-0.00412496260078,-0.0428627635921489,-0.0575126924911206,-0.1149694719934987,60
cifar_sackin_index,402,-0.7509188197514539,-0.824332917944299,-0.6329821753087228,-0.5795825895631418,60
cifar_average_sackin_index,402,-0.6438505173957499,-0.5804867626083778,-0.8658866401213622,-0.8845164134164913,60
cifar_leaf_count,402,-0.3392171475595241,-0.4025763475858691,0.01346476165161,0.0864561901524043,60
densenet_average_branching_factor,201,0.0224165826050568,0.0096430038133743,0.2874529744724099,0.3528422223944445,60
densenet_colless_index,201,-0.5552006703264104,-0.6045908513246491,0.2029671384853663,0.205585993650801,60
densenet_average_colless_index,201,-0.2622135894390469,-0.2670911235636088,-0.4071630418920675,-0.4775839838920183,60
densenet_sackin_index,201,-0.7672467732445056,-0.8375054868217288,-0.5420264572479344,-0.4908618021042075,60
densenet_average_sackin_index,201,-0.6268401805278269,-0.5908619538529116,-0.8768608344469471,-0.9294199359954912,60
densenet_leaf_count,201,-0.1485937263733692,-0.1953495280243775,0.4280913023614517,0.5174886983726583,60
resnet_average_branching_factor,201,-0.3154776639256489,-0.2780784761619707,-0.4269094427388557,-0.3939539288421175,60
resnet_colless_index,201,-0.5879877264907851,-0.7050235170551526,0.0940014858956151,0.1004089003486593,60
resnet_average_colless_index,201,0.2055792653683634,0.1376309611805051,0.3908538056419665,0.3861167472014333,60
resnet_sackin_index,201,-0.7655525660567044,-0.843756460974549,-0.8611227998460472,-0.8350736597396962,60
resnet_average_sackin_index,201,-0.6710336187545565,-0.5695981024028847,-0.8606683865508694,-0.8331621577734142,60
resnet_leaf_count,201,-0.6700241286096477,-0.7632360547788709,-0.4887292038610914,-0.4789391153730477,60
cifar_densenet_average_branching_factor,201,0.0224165826050568,0.0096430038133743,0.2874529744724099,0.3528422223944445,60
cifar_densenet_colless_index,201,-0.5552006703264104,-0.6045908513246491,0.2029671384853663,0.205585993650801,60
cifar_densenet_average_colless_index,201,-0.2622135894390469,-0.2670911235636088,-0.4071630418920675,-0.4775839838920183,60
cifar_densenet_sackin_index,201,-0.7672467732445056,-0.8375054868217288,-0.5420264572479344,-0.4908618021042075,60
cifar_densenet_average_sackin_index,201,-0.6268401805278269,-0.5908619538529116,-0.8768608344469471,-0.9294199359954912,60
cifar_densenet_leaf_count,201,-0.1485937263733692,-0.1953495280243775,0.4280913023614517,0.5174886983726583,60
cifar_resnet_average_branching_factor,201,-0.3154776639256489,-0.2780784761619707,-0.4269094427388557,-0.3939539288421175,60
cifar_resnet_colless_index,201,-0.5879877264907851,-0.7050235170551526,0.0940014858956151,0.1004089003486593,60
cifar_resnet_average_colless_index,201,0.2055792653683634,0.1376309611805051,0.3908538056419665,0.3861167472014333,60
cifar_resnet_sackin_index,201,-0.7655525660567044,-0.843756460974549,-0.8611227998460472,-0.8350736597396962,60
cifar_resnet_average_sackin_index,201,-0.6710336187545565,-0.5695981024028847,-0.8606683865508694,-0.8331621577734142,60
cifar_resnet_leaf_count,201,-0.6700241286096477,-0.7632360547788709,-0.4887292038610914,-0.4789391153730477,60
full_average_branching_factor,402,-0.0806101347181203,-0.074575731978531,0.0166379279635394,0.0880937870335769,80
full_colless_index,402,-0.2873629449243977,-0.3688327192804463,0.3298678399791981,0.3450148131814751,80
full_average_colless_index,402,0.1559346613782895,0.1030973002363845,0.0925122466303403,0.0369524313542035,80
full_sackin_index,402,-0.7490960391308293,-0.8160162227459858,-0.6400015183780079,-0.58375655545189,80
full_average_sackin_index,402,-0.6301190040594237,-0.5685226437781444,-0.8596066273407525,-0.8781838404259391,80
full_leaf_count,402,-0.3002797507848541,-0.3570999441051552,0.0092918659832002,0.0843557401440604,80
cifar_average_branching_factor,402,-0.0806101347181203,-0.074575731978531,0.0166379279635394,0.0880937870335769,80
cifar_colless_index,402,-0.2873629449243977,-0.3688327192804463,0.3298678399791981,0.3450148131814751,80
cifar_average_colless_index,402,0.1559346613782895,0.1030973002363845,0.0925122466303403,0.0369524313542035,80
cifar_sackin_index,402,-0.7490960391308293,-0.8160162227459858,-0.6400015183780079,-0.58375655545189,80
cifar_average_sackin_index,402,-0.6301190040594237,-0.5685226437781444,-0.8596066273407525,-0.8781838404259391,80
cifar_leaf_count,402,-0.3002797507848541,-0.3570999441051552,0.0092918659832002,0.0843557401440604,80
densenet_average_branching_factor,201,0.0210915214339845,0.0171503946685739,0.331516023506917,0.4029623473655788,80
densenet_colless_index,201,-0.164960259155011,-0.2063075362925686,0.3784839789596008,0.4096417501553892,80
densenet_average_colless_index,201,-0.0530689259572595,-0.0759136545484397,-0.2706134921101715,-0.3322624382770751,80
densenet_sackin_index,201,-0.7597185554732101,-0.826198561057095,-0.5352582752398602,-0.4831012609421249,80
densenet_average_sackin_index,201,-0.6131508866099907,-0.5792765314656203,-0.8723344280079227,-0.9265271892898308,80
densenet_leaf_count,201,-0.0897306518120152,-0.1308736012832983,0.4395918279102041,0.5293733157766747,80
resnet_average_branching_factor,201,-0.2585580213945143,-0.2350499972486833,-0.3819949806356811,-0.3456142268624932,80
resnet_colless_index,201,-0.4076006403263845,-0.5277966753780727,0.2534443973640748,0.24560989992344,80
resnet_average_colless_index,201,0.3279225335137423,0.2495650367636927,0.5053504394752065,0.489525530806028,80
resnet_sackin_index,201,-0.7734776105276532,-0.8436835615762832,-0.8698682238488494,-0.8405702438630712,80
resnet_average_sackin_index,201,-0.6585707854495951,-0.5576992549510922,-0.8583305594517763,-0.8297987418667597,80
resnet_leaf_count,201,-0.6674591351363243,-0.7543363099904739,-0.5103256459882778,-0.4992650624489821,80
cifar_densenet_average_branching_factor,201,0.0210915214339845,0.0171503946685739,0.331516023506917,0.4029623473655788,80
cifar_densenet_colless_index,201,-0.164960259155011,-0.2063075362925686,0.3784839789596008,0.4096417501553892,80
cifar_densenet_average_colless_index,201,-0.0530689259572595,-0.0759136545484397,-0.2706134921101715,-0.3322624382770751,80
cifar_densenet_sackin_index,201,-0.7597185554732101,-0.826198561057095,-0.5352582752398602,-0.4831012609421249,80
cifar_densenet_average_sackin_index,201,-0.6131508866099907,-0.5792765314656203,-0.8723344280079227,-0.9265271892898308,80
cifar_densenet_leaf_count,201,-0.0897306518120152,-0.1308736012832983,0.4395918279102041,0.5293733157766747,80
cifar_resnet_average_branching_factor,201,-0.2585580213945143,-0.2350499972486833,-0.3819949806356811,-0.3456142268624932,80
cifar_resnet_colless_index,201,-0.4076006403263845,-0.5277966753780727,0.2534443973640748,0.24560989992344,80
cifar_resnet_average_colless_index,201,0.3279225335137423,0.2495650367636927,0.5053504394752065,0.489525530806028,80
cifar_resnet_sackin_index,201,-0.7734776105276532,-0.8436835615762832,-0.8698682238488494,-0.8405702438630712,80
cifar_resnet_average_sackin_index,201,-0.6585707854495951,-0.5576992549510922,-0.8583305594517763,-0.8297987418667597,80
cifar_resnet_leaf_count,201,-0.6674591351363243,-0.7543363099904739,-0.5103256459882778,-0.4992650624489821,80
